OBJ_Critical= 0.44053752834831 0.4251
fOBJ	LF0	r0	fRa	fINP	VP	KP1	fKM	PAR2	Qmax	Kba	Kdes	rE	pEP	fpEM	fD	gD	Vg	alpha	KD	Yg	Ygsl	Q10	gamma	beta	WPA2D	tau	wdorm	VNup_MB	KsNH4_MB	KsNO3_MB	VNif	VNit	VDenit1	fpENZN	KsNif	KsNit	KsDenit1	KsDenit2	VNup_VG	KsNH4_VG	KsNO3_VG	rNleach	bNup_VG	Qmax_NH4	Kba_NH4	Kp2u	Ku2p
0.425	0.9	0.1	0.098431	0.2	80	65.4	9.1	500	3.5	8.61	0.003304	0.00011431	0.00344287	2	0.15	0.1	0.00109111	0.2	0.00180006	0.45	0.00101391	2	4.5	0.001	0.05145225	0.39	1	0.00056178	0.001	0.001	0.071226	0.76166283	0.09990812	9.66630067	0.1	0.01	0.01	0.01	1e-05	0.01	0.00381253	0.05	0.5	1e-04	100	5e-06	0.001
0.425	0.9	0.1	0.098431	0.2	80	65.4	9.1	500	3.5	8.61	0.003304	0.00011431	0.00344287	2	0.15	0.1	0.00109111	0.2	0.00180006	0.45	0.00101391	2	4.5	0.001	0.05145225	0.39	1	0.00056178	0.001	0.001	0.071226	0.76166283	0.09990812	9.66630067	0.1	0.01	0.01	0.01	1e-05	0.01	0.00381253	0.05	0.5	1e-04	100	5e-06	0.001
0.425	0.9	0.1	0.098431	0.2	80	65.4	9.1	500	3.5	8.61	0.003304	0.00011431	0.00344287	2	0.15	0.1	0.00109111	0.2	0.00180006	0.45	0.00101391	2	4.5	0.001	0.05145225	0.39	1	0.00056178	0.001	0.001	0.071226	0.76166283	0.09990812	9.66630067	0.1	0.01	0.01	0.01	1e-05	0.01	0.00381253	0.05	0.5	1e-04	100	5e-06	0.001
0.425	0.9	0.1	0.098431	0.2	80	65.4	9.1	500	3.5	8.61	0.003304	0.00011431	0.00344287	2	0.15	0.1	0.00109111	0.2	0.00180006	0.45	0.00101391	2	4.5	0.001	0.05145225	0.39	1	0.00056178	0.001	0.001	0.071226	0.76166283	0.09990812	9.66630067	0.1	0.01	0.01	0.01	1e-05	0.01	0.00381253	0.05	0.5	1e-04	100	5e-06	0.001
0.425	0.9	0.1	0.098431	0.2	80	65.4	9.1	500	3.5	8.61	0.003304	0.00011431	0.00344287	2	0.15	0.1	0.00109111	0.2	0.00180006	0.45	0.00101391	2	4.5	0.001	0.05145225	0.39	1	0.00056178	0.001	0.001	0.071226	0.76166283	0.09990812	9.66630067	0.1	0.01	0.01	0.01	1e-05	0.01	0.00381253	0.05	0.5	1e-04	100	5e-06	0.001
0.425	0.9	0.1	0.098431	0.2	80	65.4	9.1	500	3.5	8.61	0.003304	0.00011431	0.00344287	2	0.15	0.1	0.00109111	0.2	0.00180006	0.45	0.00101391	2	4.5	0.001	0.05145225	0.39	1	0.00056178	0.001	0.001	0.071226	0.76166283	0.09990812	9.66630067	0.1	0.01	0.01	0.01	1e-05	0.01	0.00381253	0.05	0.5	1e-04	100	5e-06	0.001
0.425	0.9	0.1	0.098431	0.2	80	65.4	9.1	500	3.5	8.61	0.003304	0.00011431	0.00351206	2	0.15	0.1	0.00109111	0.2	0.00169877	0.45	0.00101391	2	4.5	0.001	0.04993197	0.39	1	0.00056178	0.001	0.001	0.071226	0.76166283	0.09990812	9.66630067	0.1	0.01	0.01	0.01	1e-05	0.01	0.00381253	0.05	0.5	1e-04	100	5e-06	0.001
0.425	0.9	0.1	0.098431	0.2	80	65.4	9.1	500	3.5	8.61	0.003304	0.00011431	0.00344287	2	0.15	0.1	0.00109111	0.2	0.00180006	0.45	0.00101391	2	4.5	0.001	0.05145225	0.39	1	0.00056178	0.001	0.001	0.071226	0.76166283	0.09990812	9.66630067	0.1	0.01	0.01	0.01	1e-05	0.01	0.00381253	0.05	0.5	1e-04	100	5e-06	0.001
0.425	0.9	0.1	0.098431	0.2	80	65.4	9.1	500	3.5	8.61	0.003304	0.00011431	0.00344287	2	0.15	0.1	0.00109111	0.2	0.00180006	0.45	0.00101391	2	4.5	0.001	0.05145225	0.39	1	0.00056178	0.001	0.001	0.071226	0.76166283	0.09990812	9.66630067	0.1	0.01	0.01	0.01	1e-05	0.01	0.00381253	0.05	0.5	1e-04	100	5e-06	0.001
0.425	0.9	0.1	0.098431	0.2	80	65.4	9.1	500	3.5	8.61	0.003304	0.00011431	0.00344287	2	0.15	0.1	0.00109111	0.2	0.00180006	0.45	0.00101391	2	4.5	0.001	0.05145225	0.39	1	0.00056178	0.001	0.001	0.071226	0.76166283	0.09990812	9.66630067	0.1	0.01	0.01	0.01	1e-05	0.01	0.00381253	0.05	0.5	1e-04	100	5e-06	0.001
0.425	0.9	0.1	0.098431	0.2	80	65.4	9.1	500	3.5	8.61	0.003304	0.00011431	0.00344287	2	0.15	0.1	0.00109111	0.2	0.00180006	0.45	0.00101391	2	4.5	0.001	0.05145225	0.39	1	0.00056178	0.001	0.001	0.071226	0.76166283	0.09990812	9.66630067	0.1	0.01	0.01	0.01	1e-05	0.01	0.00381253	0.05	0.5	1e-04	100	5e-06	0.001
0.425	0.9	0.1	0.098431	0.2	80	65.4	9.1	500	3.5	8.61	0.003304	0.00011431	0.00344287	2	0.15	0.1	0.00109111	0.2	0.00180006	0.45	0.00101391	2	4.5	0.001	0.05145225	0.39	1	0.00056178	0.001	0.001	0.071226	0.76166283	0.09990812	9.66630067	0.1	0.01	0.01	0.01	1e-05	0.01	0.00381253	0.05	0.5	1e-04	100	5e-06	0.001
0.425	0.9	0.1	0.098431	0.2	80	65.4	9.1	500	3.5	8.61	0.003304	0.00011431	0.00344287	2	0.15	0.1	0.00109111	0.2	0.00180006	0.45	0.00101391	2	4.5	0.001	0.05145225	0.39	1	0.00056178	0.001	0.001	0.071226	0.76166283	0.09990812	9.66630067	0.1	0.01	0.01	0.01	1e-05	0.01	0.00381253	0.05	0.5	1e-04	100	5e-06	0.001
0.425	0.9	0.1	0.098431	0.2	80	65.4	9.1	500	3.5	8.61	0.003304	0.00011431	0.00344287	2	0.15	0.1	0.00109111	0.2	0.00180006	0.45	0.00101391	2	4.5	0.001	0.05145225	0.39	1	0.00056178	0.001	0.001	0.071226	0.76166283	0.09990812	9.66630067	0.1	0.01	0.01	0.01	1e-05	0.01	0.00381253	0.05	0.5	1e-04	100	5e-06	0.001
0.425	0.9	0.1	0.098431	0.2	80	65.4	9.1	500	3.5	8.61	0.003304	0.00011431	0.00344287	2	0.15	0.1	0.00109111	0.2	0.00180006	0.45	0.00101391	2	4.5	0.001	0.05145225	0.39	1	0.00056178	0.001	0.001	0.071226	0.76166283	0.09990812	9.66630067	0.1	0.01	0.01	0.01	1e-05	0.01	0.00381253	0.05	0.5	1e-04	100	5e-06	0.001
0.425	0.9	0.1	0.098431	0.2	80	65.4	9.1	500	3.5	8.61	0.003304	0.00011431	0.00344287	2	0.15	0.1	0.00109111	0.2	0.00180006	0.45	0.00101391	2	4.5	0.001	0.05145225	0.39	1	0.00056178	0.001	0.001	0.071226	0.76166283	0.09990812	9.66630067	0.1	0.01	0.01	0.01	1e-05	0.01	0.00381253	0.05	0.5	1e-04	100	5e-06	0.001
0.425	0.9	0.1	0.098431	0.2	80	65.4	9.1	500	3.5	8.61	0.003304	0.00011431	0.00344287	2	0.15	0.1	0.00109111	0.2	0.00180006	0.45	0.00101391	2	4.5	0.001	0.05145225	0.39	1	0.00056178	0.001	0.001	0.071226	0.76166283	0.09990812	9.66630067	0.1	0.01	0.01	0.01	1e-05	0.01	0.00381253	0.05	0.5	1e-04	100	5e-06	0.001
0.425	0.9	0.1	0.098431	0.2	80	65.4	9.1	500	3.5	8.61	0.003304	0.00011439	0.0035081	2	0.15	0.1	0.00108717	0.2	0.00143998	0.45	0.001142	2	4.5	0.001	0.04646353	0.39	1	0.00056178	0.001	0.001	0.071226	0.76166283	0.09990812	9.66630067	0.1	0.01	0.01	0.01	1e-05	0.01	0.00381253	0.05	0.5	1e-04	100	5e-06	0.001
0.425	0.9	0.1	0.098431	0.2	80	65.4	9.1	500	3.5	8.61	0.003304	0.00011424	0.00357536	2	0.15	0.1	0.00109124	0.2	0.0013691	0.45	0.0010393	2	4.5	0.001	0.04628644	0.39	1	0.00056178	0.001	0.001	0.071226	0.76166283	0.09990812	9.66630067	0.1	0.01	0.01	0.01	1e-05	0.01	0.00381253	0.05	0.5	1e-04	100	5e-06	0.001
0.425	0.9	0.1	0.098431	0.2	80	65.4	9.1	500	3.5	8.61	0.003304	0.00011431	0.00344287	2	0.15	0.1	0.00109111	0.2	0.00180006	0.45	0.00101391	2	4.5	0.001	0.05145225	0.39	1	0.00056178	0.001	0.001	0.071226	0.76166283	0.09990812	9.66630067	0.1	0.01	0.01	0.01	1e-05	0.01	0.00381253	0.05	0.5	1e-04	100	5e-06	0.001
0.425	0.9	0.1	0.098431	0.2	80	65.4	9.1	500	3.5	8.61	0.003304	0.00011431	0.00351045	2	0.15	0.1	0.00108918	0.2	0.00150975	0.45	0.00113674	2	4.5	0.001	0.04809541	0.39	1	0.00056178	0.001	0.001	0.071226	0.76166283	0.09990812	9.66630067	0.1	0.01	0.01	0.01	1e-05	0.01	0.00381253	0.05	0.5	1e-04	100	5e-06	0.001
0.425	0.9	0.1	0.098431	0.2	80	65.4	9.1	500	3.5	8.61	0.003304	0.00011442	0.0035479	2	0.15	0.1	0.00109138	0.2	0.00149031	0.45	0.00109039	2	4.5	0.001	0.0464412	0.39	1	0.00056178	0.001	0.001	0.071226	0.76166283	0.09990812	9.66630067	0.1	0.01	0.01	0.01	1e-05	0.01	0.00381253	0.05	0.5	1e-04	100	5e-06	0.001
0.425	0.9	0.1	0.098431	0.2	80	65.4	9.1	500	3.5	8.61	0.003304	0.00011439	0.00351653	2	0.15	0.1	0.00108717	0.2	0.00160596	0.45	0.001142	2	4.5	0.001	0.04797665	0.39	1	0.00056178	0.001	0.001	0.071226	0.76166283	0.09990812	9.66630067	0.1	0.01	0.01	0.01	1e-05	0.01	0.00381253	0.05	0.5	1e-04	100	5e-06	0.001
0.425	0.9	0.1	0.098431	0.2	80	65.4	9.1	500	3.5	8.61	0.003304	0.00011424	0.00350936	2	0.15	0.1	0.00108834	0.2	0.00171683	0.45	0.00113255	2	4.5	0.001	0.04972915	0.39	1	0.00056178	0.001	0.001	0.071226	0.76166283	0.09990812	9.66630067	0.1	0.01	0.01	0.01	1e-05	0.01	0.00381253	0.05	0.5	1e-04	100	5e-06	0.001
0.425	0.9	0.1	0.098431	0.2	80	65.4	9.1	500	3.5	8.61	0.003304	0.00011424	0.00348014	2	0.15	0.1	0.00108772	0.2	0.00181975	0.45	0.00112641	2	4.5	0.001	0.0514066	0.39	1	0.00056178	0.001	0.001	0.071226	0.76166283	0.09990812	9.66630067	0.1	0.01	0.01	0.01	1e-05	0.01	0.00381253	0.05	0.5	1e-04	100	5e-06	0.001
0.425	0.9	0.1	0.098431	0.2	80	65.4	9.1	500	3.5	8.61	0.003304	0.00011439	0.0035081	2	0.15	0.1	0.00108717	0.2	0.00143998	0.45	0.001142	2	4.5	0.001	0.04646353	0.39	1	0.00056178	0.001	0.001	0.071226	0.76166283	0.09990812	9.66630067	0.1	0.01	0.01	0.01	1e-05	0.01	0.00381253	0.05	0.5	1e-04	100	5e-06	0.001
0.425	0.9	0.1	0.098431	0.2	80	65.4	9.1	500	3.5	8.61	0.003304	0.00011429	0.00347713	2	0.15	0.1	0.00108575	0.2	0.00155397	0.45	0.00114175	2	4.5	0.001	0.05052456	0.39	1	0.00056178	0.001	0.001	0.071226	0.76166283	0.09990812	9.66630067	0.1	0.01	0.01	0.01	1e-05	0.01	0.00381253	0.05	0.5	1e-04	100	5e-06	0.001
0.425	0.9	0.1	0.098431	0.2	80	65.4	9.1	500	3.5	8.61	0.003304	0.00011417	0.00353398	2	0.15	0.1	0.00108829	0.2	0.00144203	0.45	0.00102424	2	4.5	0.001	0.04523649	0.39	1	0.00056178	0.001	0.001	0.071226	0.76166283	0.09990812	9.66630067	0.1	0.01	0.01	0.01	1e-05	0.01	0.00381253	0.05	0.5	1e-04	100	5e-06	0.001
0.425	0.9	0.1	0.098431	0.2	80	65.4	9.1	500	3.5	8.61	0.003304	0.0001143	0.00351274	2	0.15	0.1	0.00109018	0.2	0.00167668	0.45	0.00119176	2	4.5	0.001	0.04963373	0.39	1	0.00056178	0.001	0.001	0.071226	0.76166283	0.09990812	9.66630067	0.1	0.01	0.01	0.01	1e-05	0.01	0.00381253	0.05	0.5	1e-04	100	5e-06	0.001
0.425	0.9	0.1	0.098431	0.2	80	65.4	9.1	500	3.5	8.61	0.003304	0.00011424	0.00357536	2	0.15	0.1	0.00109124	0.2	0.0013691	0.45	0.0010393	2	4.5	0.001	0.04628644	0.39	1	0.00056178	0.001	0.001	0.071226	0.76166283	0.09990812	9.66630067	0.1	0.01	0.01	0.01	1e-05	0.01	0.00381253	0.05	0.5	1e-04	100	5e-06	0.001
0.425	0.9	0.1	0.098431	0.2	80	65.4	9.1	500	3.5	8.61	0.003304	0.00011434	0.00348801	2	0.15	0.1	0.00108577	0.2	0.00145349	0.45	0.00118775	2	4.5	0.001	0.04900492	0.39	1	0.00056178	0.001	0.001	0.071226	0.76166283	0.09990812	9.66630067	0.1	0.01	0.01	0.01	1e-05	0.01	0.00381253	0.05	0.5	1e-04	100	5e-06	0.001
0.425	0.9	0.1	0.098431	0.2	80	65.4	9.1	500	3.5	8.61	0.003304	0.00011431	0.00344287	2	0.15	0.1	0.00109111	0.2	0.00180006	0.45	0.00101391	2	4.5	0.001	0.05145225	0.39	1	0.00056178	0.001	0.001	0.071226	0.76166283	0.09990812	9.66630067	0.1	0.01	0.01	0.01	1e-05	0.01	0.00381253	0.05	0.5	1e-04	100	5e-06	0.001
0.425	0.9	0.1	0.098431	0.2	80	65.4	9.1	500	3.5	8.61	0.003304	0.00011428	0.0034712	2	0.15	0.1	0.00109177	0.2	0.00165262	0.45	0.0010554	2	4.5	0.001	0.05007887	0.39	1	0.00056178	0.001	0.001	0.071226	0.76166283	0.09990812	9.66630067	0.1	0.01	0.01	0.01	1e-05	0.01	0.00381253	0.05	0.5	1e-04	100	5e-06	0.001
0.425	0.9	0.1	0.098431	0.2	80	65.4	9.1	500	3.5	8.61	0.003304	0.00011439	0.00350353	2	0.15	0.1	0.00108932	0.2	0.00160921	0.45	0.00102809	2	4.5	0.001	0.04902511	0.39	1	0.00056178	0.001	0.001	0.071226	0.76166283	0.09990812	9.66630067	0.1	0.01	0.01	0.01	1e-05	0.01	0.00381253	0.05	0.5	1e-04	100	5e-06	0.001
0.425	0.9	0.1	0.098431	0.2	80	65.4	9.1	500	3.5	8.61	0.003304	0.00011428	0.00350154	2	0.15	0.1	0.00109048	0.2	0.00157927	0.45	0.00104726	2	4.5	0.001	0.04754845	0.39	1	0.00056178	0.001	0.001	0.071226	0.76166283	0.09990812	9.66630067	0.1	0.01	0.01	0.01	1e-05	0.01	0.00381253	0.05	0.5	1e-04	100	5e-06	0.001
0.425	0.9	0.1	0.098431	0.2	80	65.4	9.1	500	3.5	8.61	0.003304	0.00011433	0.00347535	2	0.15	0.1	0.00108766	0.2	0.00170344	0.45	0.00108216	2	4.5	0.001	0.04942615	0.39	1	0.00056178	0.001	0.001	0.071226	0.76166283	0.09990812	9.66630067	0.1	0.01	0.01	0.01	1e-05	0.01	0.00381253	0.05	0.5	1e-04	100	5e-06	0.001
0.425	0.9	0.1	0.098431	0.2	80	65.4	9.1	500	3.5	8.61	0.003304	0.00011427	0.00350509	2	0.15	0.1	0.00108892	0.2	0.00148884	0.45	0.00106857	2	4.5	0.001	0.04776406	0.39	1	0.00056178	0.001	0.001	0.071226	0.76166283	0.09990812	9.66630067	0.1	0.01	0.01	0.01	1e-05	0.01	0.00381253	0.05	0.5	1e-04	100	5e-06	0.001
0.425	0.9	0.1	0.098431	0.2	80	65.4	9.1	500	3.5	8.61	0.003304	0.00011428	0.00348528	2	0.15	0.1	0.00108981	0.2	0.0016328	0.45	0.00104435	2	4.5	0.001	0.05063377	0.39	1	0.00056178	0.001	0.001	0.071226	0.76166283	0.09990812	9.66630067	0.1	0.01	0.01	0.01	1e-05	0.01	0.00381253	0.05	0.5	1e-04	100	5e-06	0.001
0.425	0.9	0.1	0.098431	0.2	80	65.4	9.1	500	3.5	8.61	0.003304	0.00011428	0.00353636	2	0.15	0.1	0.00109057	0.2	0.00151236	0.45	0.0010498	2	4.5	0.001	0.04776114	0.39	1	0.00056178	0.001	0.001	0.071226	0.76166283	0.09990812	9.66630067	0.1	0.01	0.01	0.01	1e-05	0.01	0.00381253	0.05	0.5	1e-04	100	5e-06	0.001
0.425	0.9	0.1	0.098431	0.2	80	65.4	9.1	500	3.5	8.61	0.003304	0.00011424	0.00346337	2	0.15	0.1	0.00108823	0.2	0.00162798	0.45	0.00116518	2	4.5	0.001	0.0496818	0.39	1	0.00056178	0.001	0.001	0.071226	0.76166283	0.09990812	9.66630067	0.1	0.01	0.01	0.01	1e-05	0.01	0.00381253	0.05	0.5	1e-04	100	5e-06	0.001
0.425	0.9	0.1	0.098431	0.2	80	65.4	9.1	500	3.5	8.61	0.003304	0.00011427	0.00350296	2	0.15	0.1	0.00108916	0.2	0.00167051	0.45	0.00109728	2	4.5	0.001	0.04948608	0.39	1	0.00056178	0.001	0.001	0.071226	0.76166283	0.09990812	9.66630067	0.1	0.01	0.01	0.01	1e-05	0.01	0.00381253	0.05	0.5	1e-04	100	5e-06	0.001
0.425	0.9	0.1	0.098431	0.2	80	65.4	9.1	500	3.5	8.61	0.003304	0.00011435	0.00350821	2	0.15	0.1	0.00108851	0.2	0.00153766	0.45	0.00111185	2	4.5	0.001	0.0478305	0.39	1	0.00056178	0.001	0.001	0.071226	0.76166283	0.09990812	9.66630067	0.1	0.01	0.01	0.01	1e-05	0.01	0.00381253	0.05	0.5	1e-04	100	5e-06	0.001
0.425	0.9	0.1	0.098431	0.2	80	65.4	9.1	500	3.5	8.61	0.003304	0.00011431	0.00347931	2	0.15	0.1	0.0010895	0.2	0.0017423	0.45	0.00112568	2	4.5	0.001	0.05026116	0.39	1	0.00056178	0.001	0.001	0.071226	0.76166283	0.09990812	9.66630067	0.1	0.01	0.01	0.01	1e-05	0.01	0.00381253	0.05	0.5	1e-04	100	5e-06	0.001
0.425	0.9	0.1	0.098431	0.2	80	65.4	9.1	500	3.5	8.61	0.003304	0.00011429	0.00349162	2	0.15	0.1	0.00108827	0.2	0.00168862	0.45	0.00112259	2	4.5	0.001	0.04998373	0.39	1	0.00056178	0.001	0.001	0.071226	0.76166283	0.09990812	9.66630067	0.1	0.01	0.01	0.01	1e-05	0.01	0.00381253	0.05	0.5	1e-04	100	5e-06	0.001
0.425	0.9	0.1	0.098431	0.2	80	65.4	9.1	500	3.5	8.61	0.003304	0.00011431	0.00350836	2	0.15	0.1	0.00108826	0.2	0.00160954	0.45	0.00109862	2	4.5	0.001	0.04956915	0.39	1	0.00056178	0.001	0.001	0.071226	0.76166283	0.09990812	9.66630067	0.1	0.01	0.01	0.01	1e-05	0.01	0.00381253	0.05	0.5	1e-04	100	5e-06	0.001
0.425	0.9	0.1	0.098431	0.2	80	65.4	9.1	500	3.5	8.61	0.003304	0.0001144	0.00353567	2	0.15	0.1	0.00109178	0.2	0.00142074	0.45	0.00107225	2	4.5	0.001	0.04718165	0.39	1	0.00056178	0.001	0.001	0.071226	0.76166283	0.09990812	9.66630067	0.1	0.01	0.01	0.01	1e-05	0.01	0.00381253	0.05	0.5	1e-04	100	5e-06	0.001
0.425	0.9	0.1	0.098431	0.2	80	65.4	9.1	500	3.5	8.61	0.003304	0.00011434	0.00350596	2	0.15	0.1	0.00109036	0.2	0.00167206	0.45	0.00111885	2	4.5	0.001	0.04859069	0.39	1	0.00056178	0.001	0.001	0.071226	0.76166283	0.09990812	9.66630067	0.1	0.01	0.01	0.01	1e-05	0.01	0.00381253	0.05	0.5	1e-04	100	5e-06	0.001
0.425	0.9	0.1	0.098431	0.2	80	65.4	9.1	500	3.5	8.61	0.003304	0.00011431	0.00351045	2	0.15	0.1	0.00108918	0.2	0.00150975	0.45	0.00113674	2	4.5	0.001	0.04809541	0.39	1	0.00056178	0.001	0.001	0.071226	0.76166283	0.09990812	9.66630067	0.1	0.01	0.01	0.01	1e-05	0.01	0.00381253	0.05	0.5	1e-04	100	5e-06	0.001
0.425	0.9	0.1	0.098431	0.2	80	65.4	9.1	500	3.5	8.61	0.003304	0.00011428	0.0035051	2	0.15	0.1	0.00108946	0.2	0.00168296	0.45	0.00110494	2	4.5	0.001	0.05023192	0.39	1	0.00056178	0.001	0.001	0.071226	0.76166283	0.09990812	9.66630067	0.1	0.01	0.01	0.01	1e-05	0.01	0.00381253	0.05	0.5	1e-04	100	5e-06	0.001
0.425	0.9	0.1	0.098431	0.2	80	65.4	9.1	500	3.5	8.61	0.003304	0.00011432	0.00348906	2	0.15	0.1	0.00108725	0.2	0.00157131	0.45	0.00116837	2	4.5	0.001	0.0494045	0.39	1	0.00056178	0.001	0.001	0.071226	0.76166283	0.09990812	9.66630067	0.1	0.01	0.01	0.01	1e-05	0.01	0.00381253	0.05	0.5	1e-04	100	5e-06	0.001
0.425	0.9	0.1	0.098431	0.2	80	65.4	9.1	500	3.5	8.61	0.003304	0.00011442	0.0035479	2	0.15	0.1	0.00109138	0.2	0.00149031	0.45	0.00109039	2	4.5	0.001	0.0464412	0.39	1	0.00056178	0.001	0.001	0.071226	0.76166283	0.09990812	9.66630067	0.1	0.01	0.01	0.01	1e-05	0.01	0.00381253	0.05	0.5	1e-04	100	5e-06	0.001
0.425	0.9	0.1	0.098431	0.2	80	65.4	9.1	500	3.5	8.61	0.003304	0.00011427	0.00349742	2	0.15	0.1	0.00108826	0.2	0.0017352	0.45	0.00112959	2	4.5	0.001	0.05057495	0.39	1	0.00056178	0.001	0.001	0.071226	0.76166283	0.09990812	9.66630067	0.1	0.01	0.01	0.01	1e-05	0.01	0.00381253	0.05	0.5	1e-04	100	5e-06	0.001
0.425	0.9	0.1	0.098431	0.2	80	65.4	9.1	500	3.5	8.61	0.003304	0.00011417	0.00353398	2	0.15	0.1	0.00108829	0.2	0.00144203	0.45	0.00102424	2	4.5	0.001	0.04523649	0.39	1	0.00056178	0.001	0.001	0.071226	0.76166283	0.09990812	9.66630067	0.1	0.01	0.01	0.01	1e-05	0.01	0.00381253	0.05	0.5	1e-04	100	5e-06	0.001
0.425	0.9	0.1	0.098431	0.2	80	65.4	9.1	500	3.5	8.61	0.003304	0.00011431	0.00346881	2	0.15	0.1	0.00109111	0.2	0.00183901	0.45	0.00101391	2	4.5	0.001	0.05339854	0.39	1	0.00056178	0.001	0.001	0.071226	0.76166283	0.09990812	9.66630067	0.1	0.01	0.01	0.01	1e-05	0.01	0.00381253	0.05	0.5	1e-04	100	5e-06	0.001
0.425	0.9	0.1	0.098431	0.2	80	65.4	9.1	500	3.5	8.61	0.003304	0.00011431	0.00344287	2	0.15	0.1	0.00109111	0.2	0.00180006	0.45	0.00101391	2	4.5	0.001	0.05145225	0.39	1	0.00056178	0.001	0.001	0.071226	0.76166283	0.09990812	9.66630067	0.1	0.01	0.01	0.01	1e-05	0.01	0.00381253	0.05	0.5	1e-04	100	5e-06	0.001
0.425	0.9	0.1	0.098431	0.2	80	65.4	9.1	500	3.5	8.61	0.003304	0.00011431	0.00344287	2	0.15	0.1	0.00109111	0.2	0.00180006	0.45	0.00101391	2	4.5	0.001	0.05145225	0.39	1	0.00056178	0.001	0.001	0.071226	0.76166283	0.09990812	9.66630067	0.1	0.01	0.01	0.01	1e-05	0.01	0.00381253	0.05	0.5	1e-04	100	5e-06	0.001
0.425	0.9	0.1	0.098431	0.2	80	65.4	9.1	500	3.5	8.61	0.003304	0.00011431	0.00344287	2	0.15	0.1	0.00109111	0.2	0.00180006	0.45	0.00101391	2	4.5	0.001	0.05145225	0.39	1	0.00056178	0.001	0.001	0.071226	0.76166283	0.09990812	9.66630067	0.1	0.01	0.01	0.01	1e-05	0.01	0.00381253	0.05	0.5	1e-04	100	5e-06	0.001
0.425	0.9	0.1	0.098431	0.2	80	65.4	9.1	500	3.5	8.61	0.003304	0.00011431	0.00344287	2	0.15	0.1	0.00109111	0.2	0.00180006	0.45	0.00101391	2	4.5	0.001	0.05145225	0.39	1	0.00056178	0.001	0.001	0.071226	0.76166283	0.09990812	9.66630067	0.1	0.01	0.01	0.01	1e-05	0.01	0.00381253	0.05	0.5	1e-04	100	5e-06	0.001
0.425	0.9	0.1	0.098431	0.2	80	65.4	9.1	500	3.5	8.61	0.003304	0.00011431	0.00344287	2	0.15	0.1	0.00109111	0.2	0.00180006	0.45	0.00101391	2	4.5	0.001	0.05145225	0.39	1	0.00056178	0.001	0.001	0.071226	0.76166283	0.09990812	9.66630067	0.1	0.01	0.01	0.01	1e-05	0.01	0.00381253	0.05	0.5	1e-04	100	5e-06	0.001
0.425	0.9	0.1	0.098431	0.2	80	65.4	9.1	500	3.5	8.61	0.003304	0.00011431	0.00344287	2	0.15	0.1	0.00109111	0.2	0.00180006	0.45	0.00101391	2	4.5	0.001	0.05145225	0.39	1	0.00056178	0.001	0.001	0.071226	0.76166283	0.09990812	9.66630067	0.1	0.01	0.01	0.01	1e-05	0.01	0.00381253	0.05	0.5	1e-04	100	5e-06	0.001
0.425	0.9	0.1	0.098431	0.2	80	65.4	9.1	500	3.5	8.61	0.003304	0.00011431	0.00344287	2	0.15	0.1	0.00109111	0.2	0.00180006	0.45	0.00101391	2	4.5	0.001	0.05145225	0.39	1	0.00056178	0.001	0.001	0.071226	0.76166283	0.09990812	9.66630067	0.1	0.01	0.01	0.01	1e-05	0.01	0.00381253	0.05	0.5	1e-04	100	5e-06	0.001
0.425	0.9	0.1	0.098431	0.2	80	65.4	9.1	500	3.5	8.61	0.003304	0.00011431	0.00344287	2	0.15	0.1	0.00109111	0.2	0.00180006	0.45	0.00101391	2	4.5	0.001	0.05145225	0.39	1	0.00056178	0.001	0.001	0.071226	0.76166283	0.09990812	9.66630067	0.1	0.01	0.01	0.01	1e-05	0.01	0.00381253	0.05	0.5	1e-04	100	5e-06	0.001
0.425	0.9	0.1	0.098431	0.2	80	65.4	9.1	500	3.5	8.61	0.003304	0.00011431	0.00344287	2	0.15	0.1	0.00109111	0.2	0.00180006	0.45	0.00101391	2	4.5	0.001	0.05145225	0.39	1	0.00056178	0.001	0.001	0.071226	0.76166283	0.09990812	9.66630067	0.1	0.01	0.01	0.01	1e-05	0.01	0.00381253	0.05	0.5	1e-04	100	5e-06	0.001
0.425	0.9	0.1	0.098431	0.2	80	65.4	9.1	500	3.5	8.61	0.003304	0.00011431	0.00344287	2	0.15	0.1	0.00109111	0.2	0.00180006	0.45	0.00101391	2	4.5	0.001	0.05145225	0.39	1	0.00056178	0.001	0.001	0.071226	0.76166283	0.09990812	9.66630067	0.1	0.01	0.01	0.01	1e-05	0.01	0.00381253	0.05	0.5	1e-04	100	5e-06	0.001
0.425	0.9	0.1	0.098431	0.2	80	65.4	9.1	500	3.5	8.61	0.003304	0.00011431	0.00344287	2	0.15	0.1	0.00109111	0.2	0.00180006	0.45	0.00101391	2	4.5	0.001	0.05145225	0.39	1	0.00056178	0.001	0.001	0.071226	0.76166283	0.09990812	9.66630067	0.1	0.01	0.01	0.01	1e-05	0.01	0.00381253	0.05	0.5	1e-04	100	5e-06	0.001
0.425	0.9	0.1	0.098431	0.2	80	65.4	9.1	500	3.5	8.61	0.003304	0.00011431	0.00344287	2	0.15	0.1	0.00109111	0.2	0.00180006	0.45	0.00101391	2	4.5	0.001	0.05145225	0.39	1	0.00056178	0.001	0.001	0.071226	0.76166283	0.09990812	9.66630067	0.1	0.01	0.01	0.01	1e-05	0.01	0.00381253	0.05	0.5	1e-04	100	5e-06	0.001
0.425	0.9	0.1	0.098431	0.2	80	65.4	9.1	500	3.5	8.61	0.003304	0.00011431	0.00344287	2	0.15	0.1	0.00109111	0.2	0.00180006	0.45	0.00101391	2	4.5	0.001	0.05145225	0.39	1	0.00056178	0.001	0.001	0.071226	0.76166283	0.09990812	9.66630067	0.1	0.01	0.01	0.01	1e-05	0.01	0.00381253	0.05	0.5	1e-04	100	5e-06	0.001
0.425	0.9	0.1	0.098431	0.2	80	65.4	9.1	500	3.5	8.61	0.003304	0.00011431	0.00344287	2	0.15	0.1	0.00109111	0.2	0.00180006	0.45	0.00101391	2	4.5	0.001	0.05145225	0.39	1	0.00056178	0.001	0.001	0.071226	0.76166283	0.09990812	9.66630067	0.1	0.01	0.01	0.01	1e-05	0.01	0.00381253	0.05	0.5	1e-04	100	5e-06	0.001
0.425	0.9	0.1	0.098431	0.2	80	65.4	9.1	500	3.5	8.61	0.003304	0.00011431	0.00344287	2	0.15	0.1	0.00109111	0.2	0.00180006	0.45	0.00101391	2	4.5	0.001	0.05145225	0.39	1	0.00056178	0.001	0.001	0.071226	0.76166283	0.09990812	9.66630067	0.1	0.01	0.01	0.01	1e-05	0.01	0.00381253	0.05	0.5	1e-04	100	5e-06	0.001
0.425	0.9	0.1	0.098431	0.2	80	65.4	9.1	500	3.5	8.61	0.003304	0.00011431	0.00344287	2	0.15	0.1	0.00109111	0.2	0.00180006	0.45	0.00101391	2	4.5	0.001	0.05145225	0.39	1	0.00056178	0.001	0.001	0.071226	0.76166283	0.09990812	9.66630067	0.1	0.01	0.01	0.01	1e-05	0.01	0.00381253	0.05	0.5	1e-04	100	5e-06	0.001
0.425	0.9	0.1	0.098431	0.2	80	65.4	9.1	500	3.5	8.61	0.003304	0.00011431	0.00344287	2	0.15	0.1	0.00109111	0.2	0.00180006	0.45	0.00101391	2	4.5	0.001	0.05145225	0.39	1	0.00056178	0.001	0.001	0.071226	0.76166283	0.09990812	9.66630067	0.1	0.01	0.01	0.01	1e-05	0.01	0.00381253	0.05	0.5	1e-04	100	5e-06	0.001
0.425	0.9	0.1	0.098431	0.2	80	65.4	9.1	500	3.5	8.61	0.003304	0.00011431	0.00344287	2	0.15	0.1	0.00109111	0.2	0.00180006	0.45	0.00101391	2	4.5	0.001	0.05145225	0.39	1	0.00056178	0.001	0.001	0.071226	0.76166283	0.09990812	9.66630067	0.1	0.01	0.01	0.01	1e-05	0.01	0.00381253	0.05	0.5	1e-04	100	5e-06	0.001
0.425	0.9	0.1	0.098431	0.2	80	65.4	9.1	500	3.5	8.61	0.003304	0.00011431	0.00344287	2	0.15	0.1	0.00109111	0.2	0.00180006	0.45	0.00101391	2	4.5	0.001	0.05145225	0.39	1	0.00056178	0.001	0.001	0.071226	0.76166283	0.09990812	9.66630067	0.1	0.01	0.01	0.01	1e-05	0.01	0.00381253	0.05	0.5	1e-04	100	5e-06	0.001
0.425	0.9	0.1	0.098431	0.2	80	65.4	9.1	500	3.5	8.61	0.003304	0.00011431	0.00347382	2	0.15	0.1	0.00109111	0.2	0.00180006	0.45	0.00121784	2	4.5	0.001	0.05145225	0.39	1	0.00056178	0.001	0.001	0.071226	0.76166283	0.09990812	9.66630067	0.1	0.01	0.01	0.01	1e-05	0.01	0.00381253	0.05	0.5	1e-04	100	5e-06	0.001
0.425	0.9	0.1	0.098431	0.2	80	65.4	9.1	500	3.5	8.61	0.003304	0.00011431	0.00344287	2	0.15	0.1	0.00109111	0.2	0.00180006	0.45	0.00101391	2	4.5	0.001	0.05145225	0.39	1	0.00056178	0.001	0.001	0.071226	0.76166283	0.09990812	9.66630067	0.1	0.01	0.01	0.01	1e-05	0.01	0.00381253	0.05	0.5	1e-04	100	5e-06	0.001
0.425	0.9	0.1	0.098431	0.2	80	65.4	9.1	500	3.5	8.61	0.003304	0.00011431	0.00344287	2	0.15	0.1	0.00109111	0.2	0.00180006	0.45	0.00101391	2	4.5	0.001	0.05145225	0.39	1	0.00056178	0.001	0.001	0.071226	0.76166283	0.09990812	9.66630067	0.1	0.01	0.01	0.01	1e-05	0.01	0.00381253	0.05	0.5	1e-04	100	5e-06	0.001
0.425	0.9	0.1	0.098431	0.2	80	65.4	9.1	500	3.5	8.61	0.003304	0.00011431	0.00344287	2	0.15	0.1	0.00109111	0.2	0.00180006	0.45	0.00101391	2	4.5	0.001	0.05145225	0.39	1	0.00056178	0.001	0.001	0.071226	0.76166283	0.09990812	9.66630067	0.1	0.01	0.01	0.01	1e-05	0.01	0.00381253	0.05	0.5	1e-04	100	5e-06	0.001
0.425	0.9	0.1	0.098431	0.2	80	65.4	9.1	500	3.5	8.61	0.003304	0.00011431	0.00344287	2	0.15	0.1	0.00109111	0.2	0.00180006	0.45	0.00101391	2	4.5	0.001	0.05145225	0.39	1	0.00056178	0.001	0.001	0.071226	0.76166283	0.09990812	9.66630067	0.1	0.01	0.01	0.01	1e-05	0.01	0.00381253	0.05	0.5	1e-04	100	5e-06	0.001
0.425	0.9	0.1	0.098431	0.2	80	65.4	9.1	500	3.5	8.61	0.003304	0.00011431	0.00347382	2	0.15	0.1	0.00109111	0.2	0.00180006	0.45	0.00121784	2	4.5	0.001	0.05145225	0.39	1	0.00056178	0.001	0.001	0.071226	0.76166283	0.09990812	9.66630067	0.1	0.01	0.01	0.01	1e-05	0.01	0.00381253	0.05	0.5	1e-04	100	5e-06	0.001
0.425	0.9	0.1	0.098431	0.2	80	65.4	9.1	500	3.5	8.61	0.003304	0.00011431	0.00344287	2	0.15	0.1	0.00109111	0.2	0.00180006	0.45	0.00101391	2	4.5	0.001	0.05145225	0.39	1	0.00056178	0.001	0.001	0.071226	0.76166283	0.09990812	9.66630067	0.1	0.01	0.01	0.01	1e-05	0.01	0.00381253	0.05	0.5	1e-04	100	5e-06	0.001
0.425	0.9	0.1	0.098431	0.2	80	65.4	9.1	500	3.5	8.61	0.003304	0.00011431	0.00344287	2	0.15	0.1	0.00109111	0.2	0.00180006	0.45	0.00101391	2	4.5	0.001	0.05145225	0.39	1	0.00056178	0.001	0.001	0.071226	0.76166283	0.09990812	9.66630067	0.1	0.01	0.01	0.01	1e-05	0.01	0.00381253	0.05	0.5	1e-04	100	5e-06	0.001
0.425	0.9	0.1	0.098431	0.2	80	65.4	9.1	500	3.5	8.61	0.003304	0.00011431	0.00344287	2	0.15	0.1	0.00109111	0.2	0.00180006	0.45	0.00101391	2	4.5	0.001	0.05145225	0.39	1	0.00056178	0.001	0.001	0.071226	0.76166283	0.09990812	9.66630067	0.1	0.01	0.01	0.01	1e-05	0.01	0.00381253	0.05	0.5	1e-04	100	5e-06	0.001
0.425	0.9	0.1	0.098431	0.2	80	65.4	9.1	500	3.5	8.61	0.003304	0.00011431	0.00344287	2	0.15	0.1	0.00109111	0.2	0.00180006	0.45	0.00101391	2	4.5	0.001	0.05145225	0.39	1	0.00056178	0.001	0.001	0.071226	0.76166283	0.09990812	9.66630067	0.1	0.01	0.01	0.01	1e-05	0.01	0.00381253	0.05	0.5	1e-04	100	5e-06	0.001
0.425	0.9	0.1	0.098431	0.2	80	65.4	9.1	500	3.5	8.61	0.003304	0.00011435	0.00344287	2	0.15	0.1	0.00108656	0.2	0.00180006	0.45	0.00101391	2	4.5	0.001	0.05359721	0.39	1	0.00056178	0.001	0.001	0.071226	0.76166283	0.09990812	9.66630067	0.1	0.01	0.01	0.01	1e-05	0.01	0.00381253	0.05	0.5	1e-04	100	5e-06	0.001
0.425	0.9	0.1	0.098431	0.2	80	65.4	9.1	500	3.5	8.61	0.003304	0.00011431	0.00347382	2	0.15	0.1	0.00109111	0.2	0.00180006	0.45	0.00121784	2	4.5	0.001	0.05145225	0.39	1	0.00056178	0.001	0.001	0.071226	0.76166283	0.09990812	9.66630067	0.1	0.01	0.01	0.01	1e-05	0.01	0.00381253	0.05	0.5	1e-04	100	5e-06	0.001
0.425	0.9	0.1	0.098431	0.2	80	65.4	9.1	500	3.5	8.61	0.003304	0.00011431	0.00344287	2	0.15	0.1	0.00109111	0.2	0.00180006	0.45	0.00101391	2	4.5	0.001	0.05145225	0.39	1	0.00056178	0.001	0.001	0.071226	0.76166283	0.09990812	9.66630067	0.1	0.01	0.01	0.01	1e-05	0.01	0.00381253	0.05	0.5	1e-04	100	5e-06	0.001
0.425	0.9	0.1	0.098431	0.2	80	65.4	9.1	500	3.5	8.61	0.003304	0.00011431	0.00344287	2	0.15	0.1	0.00109111	0.2	0.00180006	0.45	0.00101391	2	4.5	0.001	0.05145225	0.39	1	0.00056178	0.001	0.001	0.071226	0.76166283	0.09990812	9.66630067	0.1	0.01	0.01	0.01	1e-05	0.01	0.00381253	0.05	0.5	1e-04	100	5e-06	0.001
0.425	0.9	0.1	0.098431	0.2	80	65.4	9.1	500	3.5	8.61	0.003304	0.00011431	0.00344287	2	0.15	0.1	0.00109111	0.2	0.00180006	0.45	0.00101391	2	4.5	0.001	0.05145225	0.39	1	0.00056178	0.001	0.001	0.071226	0.76166283	0.09990812	9.66630067	0.1	0.01	0.01	0.01	1e-05	0.01	0.00381253	0.05	0.5	1e-04	100	5e-06	0.001
0.425	0.9	0.1	0.098431	0.2	80	65.4	9.1	500	3.5	8.61	0.003304	0.00011431	0.00344287	2	0.15	0.1	0.00109111	0.2	0.00180006	0.45	0.00101391	2	4.5	0.001	0.05145225	0.39	1	0.00056178	0.001	0.001	0.071226	0.76166283	0.09990812	9.66630067	0.1	0.01	0.01	0.01	1e-05	0.01	0.00381253	0.05	0.5	1e-04	100	5e-06	0.001
0.425	0.9	0.1	0.098431	0.2	80	65.4	9.1	500	3.5	8.61	0.003304	0.00011422	0.00341961	2	0.15	0.1	0.00107637	0.2	0.00165556	0.45	0.00102251	2	4.5	0.001	0.05071696	0.39	1	0.00056178	0.001	0.001	0.071226	0.76166283	0.09990812	9.66630067	0.1	0.01	0.01	0.01	1e-05	0.01	0.00381253	0.05	0.5	1e-04	100	5e-06	0.001
0.425	0.9	0.1	0.098431	0.2	80	65.4	9.1	500	3.5	8.61	0.003304	0.00011406	0.00344717	2	0.15	0.1	0.00108648	0.2	0.00162258	0.45	0.00110283	2	4.5	0.001	0.05018555	0.39	1	0.00056178	0.001	0.001	0.071226	0.76166283	0.09990812	9.66630067	0.1	0.01	0.01	0.01	1e-05	0.01	0.00381253	0.05	0.5	1e-04	100	5e-06	0.001
0.425	0.9	0.1	0.098431	0.2	80	65.4	9.1	500	3.5	8.61	0.003304	0.00011429	0.00350463	2	0.15	0.1	0.00108821	0.2	0.00175636	0.45	0.00102514	2	4.5	0.001	0.05027839	0.39	1	0.00056178	0.001	0.001	0.071226	0.76166283	0.09990812	9.66630067	0.1	0.01	0.01	0.01	1e-05	0.01	0.00381253	0.05	0.5	1e-04	100	5e-06	0.001
0.425	0.9	0.1	0.098431	0.2	80	65.4	9.1	500	3.5	8.61	0.003304	0.00011431	0.00350519	2	0.15	0.1	0.00108872	0.2	0.00163503	0.45	0.00102798	2	4.5	0.001	0.0475027	0.39	1	0.00056178	0.001	0.001	0.071226	0.76166283	0.09990812	9.66630067	0.1	0.01	0.01	0.01	1e-05	0.01	0.00381253	0.05	0.5	1e-04	100	5e-06	0.001
0.425	0.9	0.1	0.098431	0.2	80	65.4	9.1	500	3.5	8.61	0.003304	0.00011413	0.00350223	2	0.15	0.1	0.00107803	0.2	0.00158514	0.45	0.00112594	2	4.5	0.001	0.04924785	0.39	1	0.00056178	0.001	0.001	0.071226	0.76166283	0.09990812	9.66630067	0.1	0.01	0.01	0.01	1e-05	0.01	0.00381253	0.05	0.5	1e-04	100	5e-06	0.001
0.425	0.9	0.1	0.098431	0.2	80	65.4	9.1	500	3.5	8.61	0.003304	0.00011435	0.00344287	2	0.15	0.1	0.00108656	0.2	0.00180006	0.45	0.00101391	2	4.5	0.001	0.05359721	0.39	1	0.00056178	0.001	0.001	0.071226	0.76166283	0.09990812	9.66630067	0.1	0.01	0.01	0.01	1e-05	0.01	0.00381253	0.05	0.5	1e-04	100	5e-06	0.001
0.425	0.9	0.1	0.098431	0.2	80	65.4	9.1	500	3.5	8.61	0.003304	0.00011424	0.00346528	2	0.15	0.1	0.00108309	0.2	0.00158391	0.45	0.0010937	2	4.5	0.001	0.05129026	0.39	1	0.00056178	0.001	0.001	0.071226	0.76166283	0.09990812	9.66630067	0.1	0.01	0.01	0.01	1e-05	0.01	0.00381253	0.05	0.5	1e-04	100	5e-06	0.001
0.425	0.9	0.1	0.098431	0.2	80	65.4	9.1	500	3.5	8.61	0.003304	0.00011437	0.0034978	2	0.15	0.1	0.00108325	0.2	0.00181116	0.45	0.00106356	2	4.5	0.001	0.05192174	0.39	1	0.00056178	0.001	0.001	0.071226	0.76166283	0.09990812	9.66630067	0.1	0.01	0.01	0.01	1e-05	0.01	0.00381253	0.05	0.5	1e-04	100	5e-06	0.001
0.425	0.9	0.1	0.098431	0.2	80	65.4	9.1	500	3.5	8.61	0.003304	0.00011429	0.00356276	2	0.15	0.1	0.00108824	0.2	0.00159368	0.45	0.00101956	2	4.5	0.001	0.04898483	0.39	1	0.00056178	0.001	0.001	0.071226	0.76166283	0.09990812	9.66630067	0.1	0.01	0.01	0.01	1e-05	0.01	0.00381253	0.05	0.5	1e-04	100	5e-06	0.001
0.425	0.9	0.1	0.098431	0.2	80	65.4	9.1	500	3.5	8.61	0.003304	0.00011444	0.00347127	2	0.15	0.1	0.00108572	0.2	0.00178034	0.45	0.00108953	2	4.5	0.001	0.05291985	0.39	1	0.00056178	0.001	0.001	0.071226	0.76166283	0.09990812	9.66630067	0.1	0.01	0.01	0.01	1e-05	0.01	0.00381253	0.05	0.5	1e-04	100	5e-06	0.001
0.425	0.9	0.1	0.098431	0.2	80	65.4	9.1	500	3.5	8.61	0.003304	0.00011431	0.00347382	2	0.15	0.1	0.00109111	0.2	0.00180006	0.45	0.00121784	2	4.5	0.001	0.05145225	0.39	1	0.00056178	0.001	0.001	0.071226	0.76166283	0.09990812	9.66630067	0.1	0.01	0.01	0.01	1e-05	0.01	0.00381253	0.05	0.5	1e-04	100	5e-06	0.001
0.425	0.9	0.1	0.098431	0.2	80	65.4	9.1	500	3.5	8.61	0.003304	0.00011431	0.00344287	2	0.15	0.1	0.00109111	0.2	0.00180006	0.45	0.00101391	2	4.5	0.001	0.05145225	0.39	1	0.00056178	0.001	0.001	0.071226	0.76166283	0.09990812	9.66630067	0.1	0.01	0.01	0.01	1e-05	0.01	0.00381253	0.05	0.5	1e-04	100	5e-06	0.001
0.425	0.9	0.1	0.098431	0.2	80	65.4	9.1	500	3.5	8.61	0.003304	0.00011431	0.00344287	2	0.15	0.1	0.00109111	0.2	0.00180006	0.45	0.00101391	2	4.5	0.001	0.05145225	0.39	1	0.00056178	0.001	0.001	0.071226	0.76166283	0.09990812	9.66630067	0.1	0.01	0.01	0.01	1e-05	0.01	0.00381253	0.05	0.5	1e-04	100	5e-06	0.001
0.425	0.9	0.1	0.098431	0.2	80	65.4	9.1	500	3.5	8.61	0.003304	0.00011431	0.00344287	2	0.15	0.1	0.00109111	0.2	0.00180006	0.45	0.00101391	2	4.5	0.001	0.05145225	0.39	1	0.00056178	0.001	0.001	0.071226	0.76166283	0.09990812	9.66630067	0.1	0.01	0.01	0.01	1e-05	0.01	0.00381253	0.05	0.5	1e-04	100	5e-06	0.001
0.425	0.9	0.1	0.098431	0.2	80	65.4	9.1	500	3.5	8.61	0.003304	0.00011431	0.00344287	2	0.15	0.1	0.00109111	0.2	0.00180006	0.45	0.00101391	2	4.5	0.001	0.05145225	0.39	1	0.00056178	0.001	0.001	0.071226	0.76166283	0.09990812	9.66630067	0.1	0.01	0.01	0.01	1e-05	0.01	0.00381253	0.05	0.5	1e-04	100	5e-06	0.001
0.425	0.9	0.1	0.098431	0.2	80	65.4	9.1	500	3.5	8.61	0.003304	0.00011429	0.00348267	2	0.15	0.1	0.00108897	0.2	0.00168924	0.45	0.00103803	2	4.5	0.001	0.04912602	0.39	1	0.00056178	0.001	0.001	0.071226	0.76166283	0.09990812	9.66630067	0.1	0.01	0.01	0.01	1e-05	0.01	0.00381253	0.05	0.5	1e-04	100	5e-06	0.001
0.425	0.9	0.1	0.098431	0.2	80	65.4	9.1	500	3.5	8.61	0.003304	0.00011429	0.00345259	2	0.15	0.1	0.00109038	0.2	0.00185379	0.45	0.00102996	2	4.5	0.001	0.05095181	0.39	1	0.00056178	0.001	0.001	0.071226	0.76166283	0.09990812	9.66630067	0.1	0.01	0.01	0.01	1e-05	0.01	0.00381253	0.05	0.5	1e-04	100	5e-06	0.001
0.425	0.9	0.1	0.098431	0.2	80	65.4	9.1	500	3.5	8.61	0.003304	0.00011422	0.00341961	2	0.15	0.1	0.00107637	0.2	0.00165556	0.45	0.00102251	2	4.5	0.001	0.05071696	0.39	1	0.00056178	0.001	0.001	0.071226	0.76166283	0.09990812	9.66630067	0.1	0.01	0.01	0.01	1e-05	0.01	0.00381253	0.05	0.5	1e-04	100	5e-06	0.001
0.425	0.9	0.1	0.098431	0.2	80	65.4	9.1	500	3.5	8.61	0.003304	0.00011428	0.00347606	2	0.15	0.1	0.00109104	0.2	0.00171882	0.45	0.00104142	2	4.5	0.001	0.04869379	0.39	1	0.00056178	0.001	0.001	0.071226	0.76166283	0.09990812	9.66630067	0.1	0.01	0.01	0.01	1e-05	0.01	0.00381253	0.05	0.5	1e-04	100	5e-06	0.001
0.425	0.9	0.1	0.098431	0.2	80	65.4	9.1	500	3.5	8.61	0.003304	0.00011431	0.00345461	2	0.15	0.1	0.00109111	0.2	0.00171868	0.45	0.00101391	2	4.5	0.001	0.05176034	0.39	1	0.00056178	0.001	0.001	0.071226	0.76166283	0.09990812	9.66630067	0.1	0.01	0.01	0.01	1e-05	0.01	0.00381253	0.05	0.5	1e-04	100	5e-06	0.001
0.425	0.9	0.1	0.098431	0.2	80	65.4	9.1	500	3.5	8.61	0.003304	0.00011428	0.00348381	2	0.15	0.1	0.00108634	0.2	0.0016964	0.45	0.00104377	2	4.5	0.001	0.05049063	0.39	1	0.00056178	0.001	0.001	0.071226	0.76166283	0.09990812	9.66630067	0.1	0.01	0.01	0.01	1e-05	0.01	0.00381253	0.05	0.5	1e-04	100	5e-06	0.001
0.425	0.9	0.1	0.098431	0.2	80	65.4	9.1	500	3.5	8.61	0.003304	0.0001143	0.00346895	2	0.15	0.1	0.00108769	0.2	0.0017522	0.45	0.00106278	2	4.5	0.001	0.05100114	0.39	1	0.00056178	0.001	0.001	0.071226	0.76166283	0.09990812	9.66630067	0.1	0.01	0.01	0.01	1e-05	0.01	0.00381253	0.05	0.5	1e-04	100	5e-06	0.001
0.425	0.9	0.1	0.098431	0.2	80	65.4	9.1	500	3.5	8.61	0.003304	0.00011406	0.00344717	2	0.15	0.1	0.00108648	0.2	0.00162258	0.45	0.00110283	2	4.5	0.001	0.05018555	0.39	1	0.00056178	0.001	0.001	0.071226	0.76166283	0.09990812	9.66630067	0.1	0.01	0.01	0.01	1e-05	0.01	0.00381253	0.05	0.5	1e-04	100	5e-06	0.001
0.425	0.9	0.1	0.098431	0.2	80	65.4	9.1	500	3.5	8.61	0.003304	0.00011433	0.0034791	2	0.15	0.1	0.00108977	0.2	0.00185191	0.45	0.00100974	2	4.5	0.001	0.05049226	0.39	1	0.00056178	0.001	0.001	0.071226	0.76166283	0.09990812	9.66630067	0.1	0.01	0.01	0.01	1e-05	0.01	0.00381253	0.05	0.5	1e-04	100	5e-06	0.001
0.425	0.9	0.1	0.098431	0.2	80	65.4	9.1	500	3.5	8.61	0.003304	0.00011432	0.00345873	2	0.15	0.1	0.00108924	0.2	0.00183191	0.45	0.00106597	2	4.5	0.001	0.05131507	0.39	1	0.00056178	0.001	0.001	0.071226	0.76166283	0.09990812	9.66630067	0.1	0.01	0.01	0.01	1e-05	0.01	0.00381253	0.05	0.5	1e-04	100	5e-06	0.001
0.425	0.9	0.1	0.098431	0.2	80	65.4	9.1	500	3.5	8.61	0.003304	0.00011422	0.00348238	2	0.15	0.1	0.00108249	0.2	0.00167009	0.45	0.00107636	2	4.5	0.001	0.05006526	0.39	1	0.00056178	0.001	0.001	0.071226	0.76166283	0.09990812	9.66630067	0.1	0.01	0.01	0.01	1e-05	0.01	0.00381253	0.05	0.5	1e-04	100	5e-06	0.001
0.425	0.9	0.1	0.098431	0.2	80	65.4	9.1	500	3.5	8.61	0.003304	0.00011433	0.00348146	2	0.15	0.1	0.00108627	0.2	0.00176867	0.45	0.00105038	2	4.5	0.001	0.051089	0.39	1	0.00056178	0.001	0.001	0.071226	0.76166283	0.09990812	9.66630067	0.1	0.01	0.01	0.01	1e-05	0.01	0.00381253	0.05	0.5	1e-04	100	5e-06	0.001
0.425	0.9	0.1	0.098431	0.2	80	65.4	9.1	500	3.5	8.61	0.003304	0.00011429	0.00350463	2	0.15	0.1	0.00108821	0.2	0.00175636	0.45	0.00102514	2	4.5	0.001	0.05027839	0.39	1	0.00056178	0.001	0.001	0.071226	0.76166283	0.09990812	9.66630067	0.1	0.01	0.01	0.01	1e-05	0.01	0.00381253	0.05	0.5	1e-04	100	5e-06	0.001
0.425	0.9	0.1	0.098431	0.2	80	65.4	9.1	500	3.5	8.61	0.003304	0.00011435	0.00347914	2	0.15	0.1	0.00108644	0.2	0.00176887	0.45	0.00105882	2	4.5	0.001	0.05120701	0.39	1	0.00056178	0.001	0.001	0.071226	0.76166283	0.09990812	9.66630067	0.1	0.01	0.01	0.01	1e-05	0.01	0.00381253	0.05	0.5	1e-04	100	5e-06	0.001
0.425	0.9	0.1	0.098431	0.2	80	65.4	9.1	500	3.5	8.61	0.003304	0.00011436	0.00346278	2	0.15	0.1	0.00108745	0.2	0.00177643	0.45	0.00106031	2	4.5	0.001	0.05193254	0.39	1	0.00056178	0.001	0.001	0.071226	0.76166283	0.09990812	9.66630067	0.1	0.01	0.01	0.01	1e-05	0.01	0.00381253	0.05	0.5	1e-04	100	5e-06	0.001
0.425	0.9	0.1	0.098431	0.2	80	65.4	9.1	500	3.5	8.61	0.003304	0.00011421	0.00344047	2	0.15	0.1	0.00108976	0.2	0.00176028	0.45	0.00106351	2	4.5	0.001	0.05229283	0.39	1	0.00056178	0.001	0.001	0.071226	0.76166283	0.09990812	9.66630067	0.1	0.01	0.01	0.01	1e-05	0.01	0.00381253	0.05	0.5	1e-04	100	5e-06	0.001
0.425	0.9	0.1	0.098431	0.2	80	65.4	9.1	500	3.5	8.61	0.003304	0.00011431	0.00347771	2	0.15	0.1	0.00108762	0.2	0.00169018	0.45	0.00106388	2	4.5	0.001	0.05172879	0.39	1	0.00056178	0.001	0.001	0.071226	0.76166283	0.09990812	9.66630067	0.1	0.01	0.01	0.01	1e-05	0.01	0.00381253	0.05	0.5	1e-04	100	5e-06	0.001
0.425	0.9	0.1	0.098431	0.2	80	65.4	9.1	500	3.5	8.61	0.003304	0.00011428	0.00345369	2	0.15	0.1	0.00108713	0.2	0.00175209	0.45	0.00119056	2	4.5	0.001	0.05119529	0.39	1	0.00056178	0.001	0.001	0.071226	0.76166283	0.09990812	9.66630067	0.1	0.01	0.01	0.01	1e-05	0.01	0.00381253	0.05	0.5	1e-04	100	5e-06	0.001
0.425	0.9	0.1	0.098431	0.2	80	65.4	9.1	500	3.5	8.61	0.003304	0.00011427	0.00347886	2	0.15	0.1	0.0010842	0.2	0.00187268	0.45	0.00112305	2	4.5	0.001	0.05170296	0.39	1	0.00056178	0.001	0.001	0.071226	0.76166283	0.09990812	9.66630067	0.1	0.01	0.01	0.01	1e-05	0.01	0.00381253	0.05	0.5	1e-04	100	5e-06	0.001
0.425	0.9	0.1	0.098431	0.2	80	65.4	9.1	500	3.5	8.61	0.003304	0.00011422	0.00346977	2	0.15	0.1	0.00108881	0.2	0.00167521	0.45	0.00102376	2	4.5	0.001	0.04969491	0.39	1	0.00056178	0.001	0.001	0.071226	0.76166283	0.09990812	9.66630067	0.1	0.01	0.01	0.01	1e-05	0.01	0.00381253	0.05	0.5	1e-04	100	5e-06	0.001
0.425	0.9	0.1	0.098431	0.2	80	65.4	9.1	500	3.5	8.61	0.003304	0.00011426	0.00343379	2	0.15	0.1	0.00108677	0.2	0.00171504	0.45	0.00102515	2	4.5	0.001	0.04984485	0.39	1	0.00056178	0.001	0.001	0.071226	0.76166283	0.09990812	9.66630067	0.1	0.01	0.01	0.01	1e-05	0.01	0.00381253	0.05	0.5	1e-04	100	5e-06	0.001
0.425	0.9	0.1	0.098431	0.2	80	65.4	9.1	500	3.5	8.61	0.003304	0.00011431	0.00344287	2	0.15	0.1	0.00109111	0.2	0.00180006	0.45	0.00101391	2	4.5	0.001	0.05145225	0.39	1	0.00056178	0.001	0.001	0.071226	0.76166283	0.09990812	9.66630067	0.1	0.01	0.01	0.01	1e-05	0.01	0.00381253	0.05	0.5	1e-04	100	5e-06	0.001
0.425	0.9	0.1	0.098431	0.2	80	65.4	9.1	500	3.5	8.61	0.003304	0.00011431	0.00344287	2	0.15	0.1	0.00109111	0.2	0.00180006	0.45	0.00101391	2	4.5	0.001	0.05145225	0.39	1	0.00056178	0.001	0.001	0.071226	0.76166283	0.09990812	9.66630067	0.1	0.01	0.01	0.01	1e-05	0.01	0.00381253	0.05	0.5	1e-04	100	5e-06	0.001
0.425	0.9	0.1	0.098431	0.2	80	65.4	9.1	500	3.5	8.61	0.003304	0.00011431	0.00344287	2	0.15	0.1	0.00109111	0.2	0.00180006	0.45	0.00101391	2	4.5	0.001	0.05145225	0.39	1	0.00056178	0.001	0.001	0.071226	0.76166283	0.09990812	9.66630067	0.1	0.01	0.01	0.01	1e-05	0.01	0.00381253	0.05	0.5	1e-04	100	5e-06	0.001
0.425	0.9	0.1	0.098431	0.2	80	65.4	9.1	500	3.5	8.61	0.003304	0.00011431	0.00344287	2	0.15	0.1	0.00109111	0.2	0.00180006	0.45	0.00101391	2	4.5	0.001	0.05145225	0.39	1	0.00056178	0.001	0.001	0.071226	0.76166283	0.09990812	9.66630067	0.1	0.01	0.01	0.01	1e-05	0.01	0.00381253	0.05	0.5	1e-04	100	5e-06	0.001
0.425	0.9	0.1	0.098431	0.2	80	65.4	9.1	500	3.5	8.61	0.003304	0.00011429	0.00346546	2	0.15	0.1	0.0010896	0.2	0.00174512	0.45	0.00101742	2	4.5	0.001	0.04963247	0.39	1	0.00056178	0.001	0.001	0.071226	0.76166283	0.09990812	9.66630067	0.1	0.01	0.01	0.01	1e-05	0.01	0.00381253	0.05	0.5	1e-04	100	5e-06	0.001
0.425	0.9	0.1	0.098431	0.2	80	65.4	9.1	500	3.5	8.61	0.003304	0.00011425	0.00343887	2	0.15	0.1	0.00108285	0.2	0.00170747	0.45	0.00102075	2	4.5	0.001	0.05054306	0.39	1	0.00056178	0.001	0.001	0.071226	0.76166283	0.09990812	9.66630067	0.1	0.01	0.01	0.01	1e-05	0.01	0.00381253	0.05	0.5	1e-04	100	5e-06	0.001
0.425	0.9	0.1	0.098431	0.2	80	65.4	9.1	500	3.5	8.61	0.003304	0.00011427	0.00346516	2	0.15	0.1	0.00108783	0.2	0.00173618	0.45	0.00103331	2	4.5	0.001	0.05036664	0.39	1	0.00056178	0.001	0.001	0.071226	0.76166283	0.09990812	9.66630067	0.1	0.01	0.01	0.01	1e-05	0.01	0.00381253	0.05	0.5	1e-04	100	5e-06	0.001
0.425	0.9	0.1	0.098431	0.2	80	65.4	9.1	500	3.5	8.61	0.003304	0.00011428	0.00344584	2	0.15	0.1	0.00108757	0.2	0.00179168	0.45	0.00100642	2	4.5	0.001	0.04993628	0.39	1	0.00056178	0.001	0.001	0.071226	0.76166283	0.09990812	9.66630067	0.1	0.01	0.01	0.01	1e-05	0.01	0.00381253	0.05	0.5	1e-04	100	5e-06	0.001
0.425	0.9	0.1	0.098431	0.2	80	65.4	9.1	500	3.5	8.61	0.003304	0.00011429	0.00348267	2	0.15	0.1	0.00108897	0.2	0.00168924	0.45	0.00103803	2	4.5	0.001	0.04912602	0.39	1	0.00056178	0.001	0.001	0.071226	0.76166283	0.09990812	9.66630067	0.1	0.01	0.01	0.01	1e-05	0.01	0.00381253	0.05	0.5	1e-04	100	5e-06	0.001
0.425	0.9	0.1	0.098431	0.2	80	65.4	9.1	500	3.5	8.61	0.003304	0.00011431	0.00346478	2	0.15	0.1	0.00108845	0.2	0.00180002	0.45	0.001018	2	4.5	0.001	0.05055321	0.39	1	0.00056178	0.001	0.001	0.071226	0.76166283	0.09990812	9.66630067	0.1	0.01	0.01	0.01	1e-05	0.01	0.00381253	0.05	0.5	1e-04	100	5e-06	0.001
0.425	0.9	0.1	0.098431	0.2	80	65.4	9.1	500	3.5	8.61	0.003304	0.00011428	0.00346507	2	0.15	0.1	0.00108755	0.2	0.00174275	0.45	0.00104308	2	4.5	0.001	0.05051891	0.39	1	0.00056178	0.001	0.001	0.071226	0.76166283	0.09990812	9.66630067	0.1	0.01	0.01	0.01	1e-05	0.01	0.00381253	0.05	0.5	1e-04	100	5e-06	0.001
0.425	0.9	0.1	0.098431	0.2	80	65.4	9.1	500	3.5	8.61	0.003304	0.00011429	0.00347467	2	0.15	0.1	0.00108816	0.2	0.00173973	0.45	0.00103647	2	4.5	0.001	0.05045675	0.39	1	0.00056178	0.001	0.001	0.071226	0.76166283	0.09990812	9.66630067	0.1	0.01	0.01	0.01	1e-05	0.01	0.00381253	0.05	0.5	1e-04	100	5e-06	0.001
0.425	0.9	0.1	0.098431	0.2	80	65.4	9.1	500	3.5	8.61	0.003304	0.00011431	0.00348485	2	0.15	0.1	0.00109111	0.2	0.00177756	0.45	0.00101391	2	4.5	0.001	0.05076721	0.39	1	0.00056178	0.001	0.001	0.071226	0.76166283	0.09990812	9.66630067	0.1	0.01	0.01	0.01	1e-05	0.01	0.00381253	0.05	0.5	1e-04	100	5e-06	0.001
0.425	0.9	0.1	0.098431	0.2	80	65.4	9.1	500	3.5	8.61	0.003304	0.00011432	0.0034706	2	0.15	0.1	0.00108809	0.2	0.00177812	0.45	0.00102407	2	4.5	0.001	0.04973115	0.39	1	0.00056178	0.001	0.001	0.071226	0.76166283	0.09990812	9.66630067	0.1	0.01	0.01	0.01	1e-05	0.01	0.00381253	0.05	0.5	1e-04	100	5e-06	0.001
0.425	0.9	0.1	0.098431	0.2	80	65.4	9.1	500	3.5	8.61	0.003304	0.00011428	0.00346494	2	0.15	0.1	0.00109074	0.2	0.00178021	0.45	0.00101833	2	4.5	0.001	0.04924464	0.39	1	0.00056178	0.001	0.001	0.071226	0.76166283	0.09990812	9.66630067	0.1	0.01	0.01	0.01	1e-05	0.01	0.00381253	0.05	0.5	1e-04	100	5e-06	0.001
0.425	0.9	0.1	0.098431	0.2	80	65.4	9.1	500	3.5	8.61	0.003304	0.00011429	0.00345259	2	0.15	0.1	0.00109038	0.2	0.00185379	0.45	0.00102996	2	4.5	0.001	0.05095181	0.39	1	0.00056178	0.001	0.001	0.071226	0.76166283	0.09990812	9.66630067	0.1	0.01	0.01	0.01	1e-05	0.01	0.00381253	0.05	0.5	1e-04	100	5e-06	0.001
0.425	0.9	0.1	0.098431	0.2	80	65.4	9.1	500	3.5	8.61	0.003304	0.00011428	0.00347606	2	0.15	0.1	0.00109104	0.2	0.00171882	0.45	0.00104142	2	4.5	0.001	0.04869379	0.39	1	0.00056178	0.001	0.001	0.071226	0.76166283	0.09990812	9.66630067	0.1	0.01	0.01	0.01	1e-05	0.01	0.00381253	0.05	0.5	1e-04	100	5e-06	0.001
0.425	0.9	0.1	0.098431	0.2	80	65.4	9.1	500	3.5	8.61	0.003304	0.0001143	0.00347452	2	0.15	0.1	0.00108953	0.2	0.00180964	0.45	0.00102405	2	4.5	0.001	0.05084229	0.39	1	0.00056178	0.001	0.001	0.071226	0.76166283	0.09990812	9.66630067	0.1	0.01	0.01	0.01	1e-05	0.01	0.00381253	0.05	0.5	1e-04	100	5e-06	0.001
0.425	0.9	0.1	0.098431	0.2	80	65.4	9.1	500	3.5	8.61	0.003304	0.0001143	0.00346626	2	0.15	0.1	0.00108817	0.2	0.00177004	0.45	0.00105174	2	4.5	0.001	0.05094106	0.39	1	0.00056178	0.001	0.001	0.071226	0.76166283	0.09990812	9.66630067	0.1	0.01	0.01	0.01	1e-05	0.01	0.00381253	0.05	0.5	1e-04	100	5e-06	0.001
0.425	0.9	0.1	0.098431	0.2	80	65.4	9.1	500	3.5	8.61	0.003304	0.00011431	0.00345461	2	0.15	0.1	0.00109111	0.2	0.00171868	0.45	0.00101391	2	4.5	0.001	0.05176034	0.39	1	0.00056178	0.001	0.001	0.071226	0.76166283	0.09990812	9.66630067	0.1	0.01	0.01	0.01	1e-05	0.01	0.00381253	0.05	0.5	1e-04	100	5e-06	0.001
0.425	0.9	0.1	0.098431	0.2	80	65.4	9.1	500	3.5	8.61	0.003304	0.00011428	0.00346853	2	0.15	0.1	0.00108672	0.2	0.00181071	0.45	0.0010723	2	4.5	0.001	0.05102051	0.39	1	0.00056178	0.001	0.001	0.071226	0.76166283	0.09990812	9.66630067	0.1	0.01	0.01	0.01	1e-05	0.01	0.00381253	0.05	0.5	1e-04	100	5e-06	0.001
0.425	0.9	0.1	0.098431	0.2	80	65.4	9.1	500	3.5	8.61	0.003304	0.0001143	0.00346801	2	0.15	0.1	0.00108811	0.2	0.00168153	0.45	0.0010466	2	4.5	0.001	0.04782738	0.39	1	0.00056178	0.001	0.001	0.071226	0.76166283	0.09990812	9.66630067	0.1	0.01	0.01	0.01	1e-05	0.01	0.00381253	0.05	0.5	1e-04	100	5e-06	0.001
0.426	0.9	0.1	0.098431	0.2	80	65.4	9.1	500	3.5	8.61	0.003304	0.00011431	0.0035693	2	0.15	0.1	0.00109111	0.2	0.00180006	0.45	0.00119757	2	4.5	0.001	0.05145225	0.39	1	0.00056178	0.001	0.001	0.071226	0.76166283	0.09990812	9.66630067	0.1	0.01	0.01	0.01	1e-05	0.01	0.00381253	0.05	0.5	1e-04	100	5e-06	0.001
0.426	0.9	0.1	0.098431	0.2	80	65.4	9.1	500	3.5	8.61	0.003304	0.00011431	0.00353843	2	0.15	0.1	0.00109111	0.2	0.00180006	0.45	0.00120455	2	4.5	0.001	0.05145225	0.39	1	0.00056178	0.001	0.001	0.071226	0.76166283	0.09990812	9.66630067	0.1	0.01	0.01	0.01	1e-05	0.01	0.00381253	0.05	0.5	1e-04	100	5e-06	0.001
0.426	0.9	0.1	0.098431	0.2	80	65.4	9.1	500	3.5	8.61	0.003304	0.00011431	0.00348522	2	0.15	0.1	0.00109111	0.2	0.00180006	0.45	0.00127321	2	4.5	0.001	0.05145225	0.39	1	0.00056178	0.001	0.001	0.071226	0.76166283	0.09990812	9.66630067	0.1	0.01	0.01	0.01	1e-05	0.01	0.00381253	0.05	0.5	1e-04	100	5e-06	0.001
0.426	0.9	0.1	0.098431	0.2	80	65.4	9.1	500	3.5	8.61	0.003304	0.00011431	0.00353843	2	0.15	0.1	0.00109111	0.2	0.00180006	0.45	0.00120455	2	4.5	0.001	0.05145225	0.39	1	0.00056178	0.001	0.001	0.071226	0.76166283	0.09990812	9.66630067	0.1	0.01	0.01	0.01	1e-05	0.01	0.00381253	0.05	0.5	1e-04	100	5e-06	0.001
0.426	0.9	0.1	0.098431	0.2	80	65.4	9.1	500	3.5	8.61	0.003304	0.00011477	0.00353843	2	0.15	0.1	0.00108664	0.2	0.00180006	0.45	0.00131015	2	4.5	0.001	0.05145225	0.39	1	0.00056178	0.001	0.001	0.071226	0.76166283	0.09990812	9.66630067	0.1	0.01	0.01	0.01	1e-05	0.01	0.00381253	0.05	0.5	1e-04	100	5e-06	0.001
0.426	0.9	0.1	0.098431	0.2	80	65.4	9.1	500	3.5	8.61	0.003304	0.00011419	0.00342227	2	0.15	0.1	0.00108891	0.2	0.00226369	0.45	0.00114801	2	4.5	0.001	0.05761874	0.39	1	0.00056178	0.001	0.001	0.071226	0.76166283	0.09990812	9.66630067	0.1	0.01	0.01	0.01	1e-05	0.01	0.00381253	0.05	0.5	1e-04	100	5e-06	0.001
0.426	0.9	0.1	0.098431	0.2	80	65.4	9.1	500	3.5	8.61	0.003304	0.00011431	0.00352743	2	0.15	0.1	0.00109111	0.2	0.00180006	0.45	0.00101391	2	4.5	0.001	0.0545198	0.39	1	0.00056178	0.001	0.001	0.071226	0.76166283	0.09990812	9.66630067	0.1	0.01	0.01	0.01	1e-05	0.01	0.00381253	0.05	0.5	1e-04	100	5e-06	0.001
0.426	0.9	0.1	0.098431	0.2	80	65.4	9.1	500	3.5	8.61	0.003304	0.00011426	0.00350768	2	0.15	0.1	0.00108729	0.2	0.00160249	0.45	0.00109543	2	4.5	0.001	0.05121599	0.39	1	0.00056178	0.001	0.001	0.071226	0.76166283	0.09990812	9.66630067	0.1	0.01	0.01	0.01	1e-05	0.01	0.00381253	0.05	0.5	1e-04	100	5e-06	0.001
0.426	0.9	0.1	0.098431	0.2	80	65.4	9.1	500	3.5	8.61	0.003304	0.00011431	0.00348522	2	0.15	0.1	0.00109111	0.2	0.00180006	0.45	0.00127321	2	4.5	0.001	0.05145225	0.39	1	0.00056178	0.001	0.001	0.071226	0.76166283	0.09990812	9.66630067	0.1	0.01	0.01	0.01	1e-05	0.01	0.00381253	0.05	0.5	1e-04	100	5e-06	0.001
0.426	0.9	0.1	0.098431	0.2	80	65.4	9.1	500	3.5	8.61	0.003304	0.00011421	0.00348803	2	0.15	0.1	0.00108812	0.2	0.00178998	0.45	0.00127475	2	4.5	0.001	0.04962825	0.39	1	0.00056178	0.001	0.001	0.071226	0.76166283	0.09990812	9.66630067	0.1	0.01	0.01	0.01	1e-05	0.01	0.00381253	0.05	0.5	1e-04	100	5e-06	0.001
0.426	0.9	0.1	0.098431	0.2	80	65.4	9.1	500	3.5	8.61	0.003304	0.00011431	0.00353843	2	0.15	0.1	0.00109111	0.2	0.00180006	0.45	0.00120455	2	4.5	0.001	0.05145225	0.39	1	0.00056178	0.001	0.001	0.071226	0.76166283	0.09990812	9.66630067	0.1	0.01	0.01	0.01	1e-05	0.01	0.00381253	0.05	0.5	1e-04	100	5e-06	0.001
0.426	0.9	0.1	0.098431	0.2	80	65.4	9.1	500	3.5	8.61	0.003304	0.00011477	0.00353843	2	0.15	0.1	0.00108664	0.2	0.00180006	0.45	0.00131015	2	4.5	0.001	0.05145225	0.39	1	0.00056178	0.001	0.001	0.071226	0.76166283	0.09990812	9.66630067	0.1	0.01	0.01	0.01	1e-05	0.01	0.00381253	0.05	0.5	1e-04	100	5e-06	0.001
0.426	0.9	0.1	0.098431	0.2	80	65.4	9.1	500	3.5	8.61	0.003304	0.00011419	0.00342227	2	0.15	0.1	0.00108891	0.2	0.00226369	0.45	0.00114801	2	4.5	0.001	0.05761874	0.39	1	0.00056178	0.001	0.001	0.071226	0.76166283	0.09990812	9.66630067	0.1	0.01	0.01	0.01	1e-05	0.01	0.00381253	0.05	0.5	1e-04	100	5e-06	0.001
0.426	0.9	0.1	0.098431	0.2	80	65.4	9.1	500	3.5	8.61	0.003304	0.00011423	0.00348772	2	0.15	0.1	0.00109145	0.2	0.00209502	0.45	0.00122278	2	4.5	0.001	0.05526022	0.39	1	0.00056178	0.001	0.001	0.071226	0.76166283	0.09990812	9.66630067	0.1	0.01	0.01	0.01	1e-05	0.01	0.00381253	0.05	0.5	1e-04	100	5e-06	0.001
0.426	0.9	0.1	0.098431	0.2	80	65.4	9.1	500	3.5	8.61	0.003304	0.00011431	0.00352743	2	0.15	0.1	0.00109111	0.2	0.00180006	0.45	0.00101391	2	4.5	0.001	0.0545198	0.39	1	0.00056178	0.001	0.001	0.071226	0.76166283	0.09990812	9.66630067	0.1	0.01	0.01	0.01	1e-05	0.01	0.00381253	0.05	0.5	1e-04	100	5e-06	0.001
0.426	0.9	0.1	0.098431	0.2	80	65.4	9.1	500	3.5	8.61	0.003304	0.00011426	0.00350768	2	0.15	0.1	0.00108729	0.2	0.00160249	0.45	0.00109543	2	4.5	0.001	0.05121599	0.39	1	0.00056178	0.001	0.001	0.071226	0.76166283	0.09990812	9.66630067	0.1	0.01	0.01	0.01	1e-05	0.01	0.00381253	0.05	0.5	1e-04	100	5e-06	0.001
0.426	0.9	0.1	0.098431	0.2	80	65.4	9.1	500	3.5	8.61	0.003304	0.00011431	0.00348522	2	0.15	0.1	0.00109111	0.2	0.00180006	0.45	0.00127321	2	4.5	0.001	0.05145225	0.39	1	0.00056178	0.001	0.001	0.071226	0.76166283	0.09990812	9.66630067	0.1	0.01	0.01	0.01	1e-05	0.01	0.00381253	0.05	0.5	1e-04	100	5e-06	0.001
0.426	0.9	0.1	0.098431	0.2	80	65.4	9.1	500	3.5	8.61	0.003304	0.00011421	0.00348803	2	0.15	0.1	0.00108812	0.2	0.00178998	0.45	0.00127475	2	4.5	0.001	0.04962825	0.39	1	0.00056178	0.001	0.001	0.071226	0.76166283	0.09990812	9.66630067	0.1	0.01	0.01	0.01	1e-05	0.01	0.00381253	0.05	0.5	1e-04	100	5e-06	0.001
0.426	0.9	0.1	0.098431	0.2	80	65.4	9.1	500	3.5	8.61	0.003304	0.0001143	0.00349574	2	0.15	0.1	0.00108907	0.2	0.00184084	0.45	0.00119438	2	4.5	0.001	0.05250142	0.39	1	0.00056178	0.001	0.001	0.071226	0.76166283	0.09990812	9.66630067	0.1	0.01	0.01	0.01	1e-05	0.01	0.00381253	0.05	0.5	1e-04	100	5e-06	0.001
0.426	0.9	0.1	0.098431	0.2	80	65.4	9.1	500	3.5	8.61	0.003304	0.0001143	0.00349095	2	0.15	0.1	0.0010896	0.2	0.00185014	0.45	0.00121553	2	4.5	0.001	0.0489234	0.39	1	0.00056178	0.001	0.001	0.071226	0.76166283	0.09990812	9.66630067	0.1	0.01	0.01	0.01	1e-05	0.01	0.00381253	0.05	0.5	1e-04	100	5e-06	0.001
0.426	0.9	0.1	0.098431	0.2	80	65.4	9.1	500	3.5	8.61	0.003304	0.00011419	0.00342956	2	0.15	0.1	0.00108638	0.2	0.00206733	0.45	0.00114034	2	4.5	0.001	0.05534461	0.39	1	0.00056178	0.001	0.001	0.071226	0.76166283	0.09990812	9.66630067	0.1	0.01	0.01	0.01	1e-05	0.01	0.00381253	0.05	0.5	1e-04	100	5e-06	0.001
0.426	0.9	0.1	0.098431	0.2	80	65.4	9.1	500	3.5	8.61	0.003304	0.00011426	0.00355982	2	0.15	0.1	0.00108729	0.2	0.00122863	0.45	0.00109543	2	4.5	0.001	0.0438917	0.39	1	0.00056178	0.001	0.001	0.071226	0.76166283	0.09990812	9.66630067	0.1	0.01	0.01	0.01	1e-05	0.01	0.00381253	0.05	0.5	1e-04	100	5e-06	0.001
0.426	0.9	0.1	0.098431	0.2	80	65.4	9.1	500	3.5	8.61	0.003304	0.00011415	0.00350032	2	0.15	0.1	0.00108792	0.2	0.00196907	0.45	0.00117836	2	4.5	0.001	0.05264359	0.39	1	0.00056178	0.001	0.001	0.071226	0.76166283	0.09990812	9.66630067	0.1	0.01	0.01	0.01	1e-05	0.01	0.00381253	0.05	0.5	1e-04	100	5e-06	0.001
0.426	0.9	0.1	0.098431	0.2	80	65.4	9.1	500	3.5	8.61	0.003304	0.00011437	0.00347892	2	0.15	0.1	0.00108534	0.2	0.00138149	0.45	0.00121256	2	4.5	0.001	0.05008772	0.39	1	0.00056178	0.001	0.001	0.071226	0.76166283	0.09990812	9.66630067	0.1	0.01	0.01	0.01	1e-05	0.01	0.00381253	0.05	0.5	1e-04	100	5e-06	0.001
0.426	0.9	0.1	0.098431	0.2	80	65.4	9.1	500	3.5	8.61	0.003304	0.00011431	0.00353843	2	0.15	0.1	0.00109111	0.2	0.00180006	0.45	0.00120455	2	4.5	0.001	0.05145225	0.39	1	0.00056178	0.001	0.001	0.071226	0.76166283	0.09990812	9.66630067	0.1	0.01	0.01	0.01	1e-05	0.01	0.00381253	0.05	0.5	1e-04	100	5e-06	0.001
0.426	0.9	0.1	0.098431	0.2	80	65.4	9.1	500	3.5	8.61	0.003304	0.00011411	0.00338148	2	0.15	0.1	0.00108261	0.2	0.00218903	0.45	0.00128907	2	4.5	0.001	0.05589654	0.39	1	0.00056178	0.001	0.001	0.071226	0.76166283	0.09990812	9.66630067	0.1	0.01	0.01	0.01	1e-05	0.01	0.00381253	0.05	0.5	1e-04	100	5e-06	0.001
0.426	0.9	0.1	0.098431	0.2	80	65.4	9.1	500	3.5	8.61	0.003304	0.00011477	0.00353843	2	0.15	0.1	0.00108664	0.2	0.00180006	0.45	0.00131015	2	4.5	0.001	0.05145225	0.39	1	0.00056178	0.001	0.001	0.071226	0.76166283	0.09990812	9.66630067	0.1	0.01	0.01	0.01	1e-05	0.01	0.00381253	0.05	0.5	1e-04	100	5e-06	0.001
0.426	0.9	0.1	0.098431	0.2	80	65.4	9.1	500	3.5	8.61	0.003304	0.00011424	0.00349496	2	0.15	0.1	0.00108971	0.2	0.00205451	0.45	0.00113814	2	4.5	0.001	0.05394525	0.39	1	0.00056178	0.001	0.001	0.071226	0.76166283	0.09990812	9.66630067	0.1	0.01	0.01	0.01	1e-05	0.01	0.00381253	0.05	0.5	1e-04	100	5e-06	0.001
0.426	0.9	0.1	0.098431	0.2	80	65.4	9.1	500	3.5	8.61	0.003304	0.00011404	0.00351204	2	0.15	0.1	0.00108361	0.2	0.00199455	0.45	0.00122729	2	4.5	0.001	0.05275959	0.39	1	0.00056178	0.001	0.001	0.071226	0.76166283	0.09990812	9.66630067	0.1	0.01	0.01	0.01	1e-05	0.01	0.00381253	0.05	0.5	1e-04	100	5e-06	0.001
0.426	0.9	0.1	0.098431	0.2	80	65.4	9.1	500	3.5	8.61	0.003304	0.00011417	0.00350297	2	0.15	0.1	0.00108848	0.2	0.00211118	0.45	0.00111432	2	4.5	0.001	0.05431105	0.39	1	0.00056178	0.001	0.001	0.071226	0.76166283	0.09990812	9.66630067	0.1	0.01	0.01	0.01	1e-05	0.01	0.00381253	0.05	0.5	1e-04	100	5e-06	0.001
0.426	0.9	0.1	0.098431	0.2	80	65.4	9.1	500	3.5	8.61	0.003304	0.00011421	0.00348775	2	0.15	0.1	0.00108931	0.2	0.00186162	0.45	0.00122801	2	4.5	0.001	0.04760375	0.39	1	0.00056178	0.001	0.001	0.071226	0.76166283	0.09990812	9.66630067	0.1	0.01	0.01	0.01	1e-05	0.01	0.00381253	0.05	0.5	1e-04	100	5e-06	0.001
0.426	0.9	0.1	0.098431	0.2	80	65.4	9.1	500	3.5	8.61	0.003304	0.00011419	0.00342227	2	0.15	0.1	0.00108891	0.2	0.00226369	0.45	0.00114801	2	4.5	0.001	0.05761874	0.39	1	0.00056178	0.001	0.001	0.071226	0.76166283	0.09990812	9.66630067	0.1	0.01	0.01	0.01	1e-05	0.01	0.00381253	0.05	0.5	1e-04	100	5e-06	0.001
0.426	0.9	0.1	0.098431	0.2	80	65.4	9.1	500	3.5	8.61	0.003304	0.00011414	0.00348367	2	0.15	0.1	0.00108791	0.2	0.00209566	0.45	0.00121927	2	4.5	0.001	0.05538329	0.39	1	0.00056178	0.001	0.001	0.071226	0.76166283	0.09990812	9.66630067	0.1	0.01	0.01	0.01	1e-05	0.01	0.00381253	0.05	0.5	1e-04	100	5e-06	0.001
0.426	0.9	0.1	0.098431	0.2	80	65.4	9.1	500	3.5	8.61	0.003304	0.00011414	0.00354826	2	0.15	0.1	0.00108475	0.2	0.00150825	0.45	0.00110204	2	4.5	0.001	0.04691475	0.39	1	0.00056178	0.001	0.001	0.071226	0.76166283	0.09990812	9.66630067	0.1	0.01	0.01	0.01	1e-05	0.01	0.00381253	0.05	0.5	1e-04	100	5e-06	0.001
0.426	0.9	0.1	0.098431	0.2	80	65.4	9.1	500	3.5	8.61	0.003304	0.0001142	0.00344353	2	0.15	0.1	0.00108504	0.2	0.00186891	0.45	0.00123084	2	4.5	0.001	0.05213248	0.39	1	0.00056178	0.001	0.001	0.071226	0.76166283	0.09990812	9.66630067	0.1	0.01	0.01	0.01	1e-05	0.01	0.00381253	0.05	0.5	1e-04	100	5e-06	0.001
0.426	0.9	0.1	0.098431	0.2	80	65.4	9.1	500	3.5	8.61	0.003304	0.00011427	0.00351974	2	0.15	0.1	0.00108999	0.2	0.00173327	0.45	0.00114581	2	4.5	0.001	0.05048967	0.39	1	0.00056178	0.001	0.001	0.071226	0.76166283	0.09990812	9.66630067	0.1	0.01	0.01	0.01	1e-05	0.01	0.00381253	0.05	0.5	1e-04	100	5e-06	0.001
0.426	0.9	0.1	0.098431	0.2	80	65.4	9.1	500	3.5	8.61	0.003304	0.00011428	0.00350996	2	0.15	0.1	0.00108444	0.2	0.00140067	0.45	0.00119781	2	4.5	0.001	0.04740237	0.39	1	0.00056178	0.001	0.001	0.071226	0.76166283	0.09990812	9.66630067	0.1	0.01	0.01	0.01	1e-05	0.01	0.00381253	0.05	0.5	1e-04	100	5e-06	0.001
0.426	0.9	0.1	0.098431	0.2	80	65.4	9.1	500	3.5	8.61	0.003304	0.00011432	0.00350363	2	0.15	0.1	0.00108704	0.2	0.00165214	0.45	0.00112175	2	4.5	0.001	0.051291	0.39	1	0.00056178	0.001	0.001	0.071226	0.76166283	0.09990812	9.66630067	0.1	0.01	0.01	0.01	1e-05	0.01	0.00381253	0.05	0.5	1e-04	100	5e-06	0.001
0.426	0.9	0.1	0.098431	0.2	80	65.4	9.1	500	3.5	8.61	0.003304	0.00011423	0.00348518	2	0.15	0.1	0.00108365	0.2	0.00154356	0.45	0.00115721	2	4.5	0.001	0.05088261	0.39	1	0.00056178	0.001	0.001	0.071226	0.76166283	0.09990812	9.66630067	0.1	0.01	0.01	0.01	1e-05	0.01	0.00381253	0.05	0.5	1e-04	100	5e-06	0.001
0.426	0.9	0.1	0.098431	0.2	80	65.4	9.1	500	3.5	8.61	0.003304	0.00011426	0.00350768	2	0.15	0.1	0.00108729	0.2	0.00160249	0.45	0.00109543	2	4.5	0.001	0.05121599	0.39	1	0.00056178	0.001	0.001	0.071226	0.76166283	0.09990812	9.66630067	0.1	0.01	0.01	0.01	1e-05	0.01	0.00381253	0.05	0.5	1e-04	100	5e-06	0.001
0.426	0.9	0.1	0.098431	0.2	80	65.4	9.1	500	3.5	8.61	0.003304	0.00011422	0.00349515	2	0.15	0.1	0.00108739	0.2	0.00185822	0.45	0.00114959	2	4.5	0.001	0.05192083	0.39	1	0.00056178	0.001	0.001	0.071226	0.76166283	0.09990812	9.66630067	0.1	0.01	0.01	0.01	1e-05	0.01	0.00381253	0.05	0.5	1e-04	100	5e-06	0.001
0.426	0.9	0.1	0.098431	0.2	80	65.4	9.1	500	3.5	8.61	0.003304	0.00011454	0.00352384	2	0.15	0.1	0.00108859	0.2	0.00173576	0.45	0.00121499	2	4.5	0.001	0.05028219	0.39	1	0.00056178	0.001	0.001	0.071226	0.76166283	0.09990812	9.66630067	0.1	0.01	0.01	0.01	1e-05	0.01	0.00381253	0.05	0.5	1e-04	100	5e-06	0.001
0.426	0.9	0.1	0.098431	0.2	80	65.4	9.1	500	3.5	8.61	0.003304	0.00011421	0.00348803	2	0.15	0.1	0.00108812	0.2	0.00178998	0.45	0.00127475	2	4.5	0.001	0.04962825	0.39	1	0.00056178	0.001	0.001	0.071226	0.76166283	0.09990812	9.66630067	0.1	0.01	0.01	0.01	1e-05	0.01	0.00381253	0.05	0.5	1e-04	100	5e-06	0.001
0.426	0.9	0.1	0.098431	0.2	80	65.4	9.1	500	3.5	8.61	0.003304	0.00011421	0.00349816	2	0.15	0.1	0.00108877	0.2	0.00185089	0.45	0.00119602	2	4.5	0.001	0.04971753	0.39	1	0.00056178	0.001	0.001	0.071226	0.76166283	0.09990812	9.66630067	0.1	0.01	0.01	0.01	1e-05	0.01	0.00381253	0.05	0.5	1e-04	100	5e-06	0.001
0.426	0.9	0.1	0.098431	0.2	80	65.4	9.1	500	3.5	8.61	0.003304	0.00011431	0.00352544	2	0.15	0.1	0.00108747	0.2	0.00180852	0.45	0.00121005	2	4.5	0.001	0.05011399	0.39	1	0.00056178	0.001	0.001	0.071226	0.76166283	0.09990812	9.66630067	0.1	0.01	0.01	0.01	1e-05	0.01	0.00381253	0.05	0.5	1e-04	100	5e-06	0.001
0.426	0.9	0.1	0.098431	0.2	80	65.4	9.1	500	3.5	8.61	0.003304	0.00011426	0.00355982	2	0.15	0.1	0.00108729	0.2	0.00122863	0.45	0.00109543	2	4.5	0.001	0.0438917	0.39	1	0.00056178	0.001	0.001	0.071226	0.76166283	0.09990812	9.66630067	0.1	0.01	0.01	0.01	1e-05	0.01	0.00381253	0.05	0.5	1e-04	100	5e-06	0.001
0.426	0.9	0.1	0.098431	0.2	80	65.4	9.1	500	3.5	8.61	0.003304	0.00011414	0.00348367	2	0.15	0.1	0.00108791	0.2	0.00209566	0.45	0.00121927	2	4.5	0.001	0.05538329	0.39	1	0.00056178	0.001	0.001	0.071226	0.76166283	0.09990812	9.66630067	0.1	0.01	0.01	0.01	1e-05	0.01	0.00381253	0.05	0.5	1e-04	100	5e-06	0.001
0.426	0.9	0.1	0.098431	0.2	80	65.4	9.1	500	3.5	8.61	0.003304	0.00011414	0.00354826	2	0.15	0.1	0.00108475	0.2	0.00150825	0.45	0.00110204	2	4.5	0.001	0.04691475	0.39	1	0.00056178	0.001	0.001	0.071226	0.76166283	0.09990812	9.66630067	0.1	0.01	0.01	0.01	1e-05	0.01	0.00381253	0.05	0.5	1e-04	100	5e-06	0.001
0.426	0.9	0.1	0.098431	0.2	80	65.4	9.1	500	3.5	8.61	0.003304	0.00011423	0.00348518	2	0.15	0.1	0.00108365	0.2	0.00154356	0.45	0.00115721	2	4.5	0.001	0.05088261	0.39	1	0.00056178	0.001	0.001	0.071226	0.76166283	0.09990812	9.66630067	0.1	0.01	0.01	0.01	1e-05	0.01	0.00381253	0.05	0.5	1e-04	100	5e-06	0.001
0.426	0.9	0.1	0.098431	0.2	80	65.4	9.1	500	3.5	8.61	0.003304	0.00011414	0.00348367	2	0.15	0.1	0.00108791	0.2	0.00209566	0.45	0.00121927	2	4.5	0.001	0.05538329	0.39	1	0.00056178	0.001	0.001	0.071226	0.76166283	0.09990812	9.66630067	0.1	0.01	0.01	0.01	1e-05	0.01	0.00381253	0.05	0.5	1e-04	100	5e-06	0.001
0.426	0.9	0.1	0.098431	0.2	80	65.4	9.1	500	3.5	8.61	0.003304	0.00011431	0.00344287	2	0.15	0.1	0.00108049	0.2	0.00180006	0.45	0.00158932	2	4.5	0.001	0.05145225	0.39	1	0.00056178	0.001	0.001	0.071226	0.76166283	0.09990812	9.66630067	0.1	0.01	0.01	0.01	1e-05	0.01	0.00381253	0.05	0.5	1e-04	100	5e-06	0.001
0.426	0.9	0.1	0.098431	0.2	80	65.4	9.1	500	3.5	8.61	0.003304	0.00011431	0.00344287	2	0.15	0.1	0.00108049	0.2	0.00180006	0.45	0.00158932	2	4.5	0.001	0.05145225	0.39	1	0.00056178	0.001	0.001	0.071226	0.76166283	0.09990812	9.66630067	0.1	0.01	0.01	0.01	1e-05	0.01	0.00381253	0.05	0.5	1e-04	100	5e-06	0.001
0.426	0.9	0.1	0.098431	0.2	80	65.4	9.1	500	3.5	8.61	0.003304	0.00011431	0.00354998	2	0.15	0.1	0.00109111	0.2	0.00180006	0.45	0.00101391	2	4.5	0.001	0.04989525	0.39	1	0.00056178	0.001	0.001	0.071226	0.76166283	0.09990812	9.66630067	0.1	0.01	0.01	0.01	1e-05	0.01	0.00381253	0.05	0.5	1e-04	100	5e-06	0.001
0.426	0.9	0.1	0.098431	0.2	80	65.4	9.1	500	3.5	8.61	0.003304	0.00011431	0.00344287	2	0.15	0.1	0.00108049	0.2	0.00180006	0.45	0.00158932	2	4.5	0.001	0.05145225	0.39	1	0.00056178	0.001	0.001	0.071226	0.76166283	0.09990812	9.66630067	0.1	0.01	0.01	0.01	1e-05	0.01	0.00381253	0.05	0.5	1e-04	100	5e-06	0.001
0.426	0.9	0.1	0.098431	0.2	80	65.4	9.1	500	3.5	8.61	0.003304	0.00011431	0.00354998	2	0.15	0.1	0.00109111	0.2	0.00180006	0.45	0.00101391	2	4.5	0.001	0.04989525	0.39	1	0.00056178	0.001	0.001	0.071226	0.76166283	0.09990812	9.66630067	0.1	0.01	0.01	0.01	1e-05	0.01	0.00381253	0.05	0.5	1e-04	100	5e-06	0.001
0.426	0.9	0.1	0.098431	0.2	80	65.4	9.1	500	3.5	8.61	0.003304	0.00011435	0.00349723	2	0.15	0.1	0.00108841	0.2	0.0016477	0.45	0.00106327	2	4.5	0.001	0.05235051	0.39	1	0.00056178	0.001	0.001	0.071226	0.76166283	0.09990812	9.66630067	0.1	0.01	0.01	0.01	1e-05	0.01	0.00381253	0.05	0.5	1e-04	100	5e-06	0.001
0.426	0.9	0.1	0.098431	0.2	80	65.4	9.1	500	3.5	8.61	0.003304	0.00011395	0.00350048	2	0.15	0.1	0.00106924	0.2	0.0014663	0.45	0.00121312	2	4.5	0.001	0.0479637	0.39	1	0.00056178	0.001	0.001	0.071226	0.76166283	0.09990812	9.66630067	0.1	0.01	0.01	0.01	1e-05	0.01	0.00381253	0.05	0.5	1e-04	100	5e-06	0.001
0.426	0.9	0.1	0.098431	0.2	80	65.4	9.1	500	3.5	8.61	0.003304	0.00011431	0.00344287	2	0.15	0.1	0.00108049	0.2	0.00180006	0.45	0.00158932	2	4.5	0.001	0.05145225	0.39	1	0.00056178	0.001	0.001	0.071226	0.76166283	0.09990812	9.66630067	0.1	0.01	0.01	0.01	1e-05	0.01	0.00381253	0.05	0.5	1e-04	100	5e-06	0.001
0.426	0.9	0.1	0.098431	0.2	80	65.4	9.1	500	3.5	8.61	0.003304	0.00011431	0.00353134	2	0.15	0.1	0.00109111	0.2	0.00152586	0.45	0.00101391	2	4.5	0.001	0.0433995	0.39	1	0.00056178	0.001	0.001	0.071226	0.76166283	0.09990812	9.66630067	0.1	0.01	0.01	0.01	1e-05	0.01	0.00381253	0.05	0.5	1e-04	100	5e-06	0.001
0.426	0.9	0.1	0.098431	0.2	80	65.4	9.1	500	3.5	8.61	0.003304	0.00011452	0.0034774	2	0.15	0.1	0.0010879	0.2	0.00207328	0.45	0.00127823	2	4.5	0.001	0.05576295	0.39	1	0.00056178	0.001	0.001	0.071226	0.76166283	0.09990812	9.66630067	0.1	0.01	0.01	0.01	1e-05	0.01	0.00381253	0.05	0.5	1e-04	100	5e-06	0.001
0.426	0.9	0.1	0.098431	0.2	80	65.4	9.1	500	3.5	8.61	0.003304	0.00011426	0.0034627	2	0.15	0.1	0.0010831	0.2	0.00150039	0.45	0.00114229	2	4.5	0.001	0.05337118	0.39	1	0.00056178	0.001	0.001	0.071226	0.76166283	0.09990812	9.66630067	0.1	0.01	0.01	0.01	1e-05	0.01	0.00381253	0.05	0.5	1e-04	100	5e-06	0.001
0.426	0.9	0.1	0.098431	0.2	80	65.4	9.1	500	3.5	8.61	0.003304	0.00011429	0.00344988	2	0.15	0.1	0.00108474	0.2	0.00176603	0.45	0.00134172	2	4.5	0.001	0.05161838	0.39	1	0.00056178	0.001	0.001	0.071226	0.76166283	0.09990812	9.66630067	0.1	0.01	0.01	0.01	1e-05	0.01	0.00381253	0.05	0.5	1e-04	100	5e-06	0.001
0.426	0.9	0.1	0.098431	0.2	80	65.4	9.1	500	3.5	8.61	0.003304	0.00011456	0.0034885	2	0.15	0.1	0.00108827	0.2	0.00194376	0.45	0.00112618	2	4.5	0.001	0.05295165	0.39	1	0.00056178	0.001	0.001	0.071226	0.76166283	0.09990812	9.66630067	0.1	0.01	0.01	0.01	1e-05	0.01	0.00381253	0.05	0.5	1e-04	100	5e-06	0.001
0.426	0.9	0.1	0.098431	0.2	80	65.4	9.1	500	3.5	8.61	0.003304	0.00011436	0.00345197	2	0.15	0.1	0.00108714	0.2	0.00202217	0.45	0.00117914	2	4.5	0.001	0.05354185	0.39	1	0.00056178	0.001	0.001	0.071226	0.76166283	0.09990812	9.66630067	0.1	0.01	0.01	0.01	1e-05	0.01	0.00381253	0.05	0.5	1e-04	100	5e-06	0.001
0.426	0.9	0.1	0.098431	0.2	80	65.4	9.1	500	3.5	8.61	0.003304	0.00011435	0.00349723	2	0.15	0.1	0.00108841	0.2	0.0016477	0.45	0.00106327	2	4.5	0.001	0.05235051	0.39	1	0.00056178	0.001	0.001	0.071226	0.76166283	0.09990812	9.66630067	0.1	0.01	0.01	0.01	1e-05	0.01	0.00381253	0.05	0.5	1e-04	100	5e-06	0.001
0.426	0.9	0.1	0.098431	0.2	80	65.4	9.1	500	3.5	8.61	0.003304	0.00011425	0.00343736	2	0.15	0.1	0.0010857	0.2	0.00172154	0.45	0.00115303	2	4.5	0.001	0.05381421	0.39	1	0.00056178	0.001	0.001	0.071226	0.76166283	0.09990812	9.66630067	0.1	0.01	0.01	0.01	1e-05	0.01	0.00381253	0.05	0.5	1e-04	100	5e-06	0.001
0.426	0.9	0.1	0.098431	0.2	80	65.4	9.1	500	3.5	8.61	0.003304	0.00011423	0.00349613	2	0.15	0.1	0.00108104	0.2	0.00197617	0.45	0.00118253	2	4.5	0.001	0.05224055	0.39	1	0.00056178	0.001	0.001	0.071226	0.76166283	0.09990812	9.66630067	0.1	0.01	0.01	0.01	1e-05	0.01	0.00381253	0.05	0.5	1e-04	100	5e-06	0.001
0.426	0.9	0.1	0.098431	0.2	80	65.4	9.1	500	3.5	8.61	0.003304	0.00011438	0.00341402	2	0.15	0.1	0.00108549	0.2	0.00168883	0.45	0.00118239	2	4.5	0.001	0.05501088	0.39	1	0.00056178	0.001	0.001	0.071226	0.76166283	0.09990812	9.66630067	0.1	0.01	0.01	0.01	1e-05	0.01	0.00381253	0.05	0.5	1e-04	100	5e-06	0.001
0.426	0.9	0.1	0.098431	0.2	80	65.4	9.1	500	3.5	8.61	0.003304	0.00011452	0.0034774	2	0.15	0.1	0.0010879	0.2	0.00207328	0.45	0.00127823	2	4.5	0.001	0.05576295	0.39	1	0.00056178	0.001	0.001	0.071226	0.76166283	0.09990812	9.66630067	0.1	0.01	0.01	0.01	1e-05	0.01	0.00381253	0.05	0.5	1e-04	100	5e-06	0.001
0.426	0.9	0.1	0.098431	0.2	80	65.4	9.1	500	3.5	8.61	0.003304	0.00011429	0.00350794	2	0.15	0.1	0.00108841	0.2	0.00191326	0.45	0.00102291	2	4.5	0.001	0.05213975	0.39	1	0.00056178	0.001	0.001	0.071226	0.76166283	0.09990812	9.66630067	0.1	0.01	0.01	0.01	1e-05	0.01	0.00381253	0.05	0.5	1e-04	100	5e-06	0.001
0.426	0.9	0.1	0.098431	0.2	80	65.4	9.1	500	3.5	8.61	0.003304	0.00011427	0.00354563	2	0.15	0.1	0.00108771	0.2	0.00175124	0.45	0.00103139	2	4.5	0.001	0.04576067	0.39	1	0.00056178	0.001	0.001	0.071226	0.76166283	0.09990812	9.66630067	0.1	0.01	0.01	0.01	1e-05	0.01	0.00381253	0.05	0.5	1e-04	100	5e-06	0.001
0.427	0.9	0.1	0.098431	0.2	80	65.4	9.1	500	3.5	8.61	0.003304	0.00011436	0.00348522	2	0.15	0.1	0.00108953	0.2	0.00180006	0.45	0.00127321	2	4.5	0.001	0.04472927	0.39	1	0.00056178	0.001	0.001	0.071226	0.76166283	0.09990812	9.66630067	0.1	0.01	0.01	0.01	1e-05	0.01	0.00381253	0.05	0.5	1e-04	100	5e-06	0.001
0.427	0.9	0.1	0.098431	0.2	80	65.4	9.1	500	3.5	8.61	0.003304	0.00011374	0.00353083	2	0.15	0.1	0.00107938	0.2	0.00218995	0.45	0.00125701	2	4.5	0.001	0.05395837	0.39	1	0.00056178	0.001	0.001	0.071226	0.76166283	0.09990812	9.66630067	0.1	0.01	0.01	0.01	1e-05	0.01	0.00381253	0.05	0.5	1e-04	100	5e-06	0.001
0.427	0.9	0.1	0.098431	0.2	80	65.4	9.1	500	3.5	8.61	0.003304	0.00011409	0.00349397	2	0.15	0.1	0.00108674	0.2	0.00244323	0.45	0.00110078	2	4.5	0.001	0.05702071	0.39	1	0.00056178	0.001	0.001	0.071226	0.76166283	0.09990812	9.66630067	0.1	0.01	0.01	0.01	1e-05	0.01	0.00381253	0.05	0.5	1e-04	100	5e-06	0.001
0.427	0.9	0.1	0.098431	0.2	80	65.4	9.1	500	3.5	8.61	0.003304	0.00011406	0.00349388	2	0.15	0.1	0.00108438	0.2	0.00226174	0.45	0.00128129	2	4.5	0.001	0.05742816	0.39	1	0.00056178	0.001	0.001	0.071226	0.76166283	0.09990812	9.66630067	0.1	0.01	0.01	0.01	1e-05	0.01	0.00381253	0.05	0.5	1e-04	100	5e-06	0.001
0.427	0.9	0.1	0.098431	0.2	80	65.4	9.1	500	3.5	8.61	0.003304	0.00011421	0.00349437	2	0.15	0.1	0.0010888	0.2	0.00252326	0.45	0.00121184	2	4.5	0.001	0.05711219	0.39	1	0.00056178	0.001	0.001	0.071226	0.76166283	0.09990812	9.66630067	0.1	0.01	0.01	0.01	1e-05	0.01	0.00381253	0.05	0.5	1e-04	100	5e-06	0.001
0.427	0.9	0.1	0.098431	0.2	80	65.4	9.1	500	3.5	8.61	0.003304	0.00011454	0.00360931	2	0.15	0.1	0.00109471	0.2	0.00113188	0.45	0.00100284	2	4.5	0.001	0.03893451	0.39	1	0.00056178	0.001	0.001	0.071226	0.76166283	0.09990812	9.66630067	0.1	0.01	0.01	0.01	1e-05	0.01	0.00381253	0.05	0.5	1e-04	100	5e-06	0.001
0.427	0.9	0.1	0.098431	0.2	80	65.4	9.1	500	3.5	8.61	0.003304	0.00011436	0.00348522	2	0.15	0.1	0.00108953	0.2	0.00180006	0.45	0.00127321	2	4.5	0.001	0.04472927	0.39	1	0.00056178	0.001	0.001	0.071226	0.76166283	0.09990812	9.66630067	0.1	0.01	0.01	0.01	1e-05	0.01	0.00381253	0.05	0.5	1e-04	100	5e-06	0.001
0.427	0.9	0.1	0.098431	0.2	80	65.4	9.1	500	3.5	8.61	0.003304	0.00011424	0.00353377	2	0.15	0.1	0.00108927	0.2	0.0019094	0.45	0.00121954	2	4.5	0.001	0.04760333	0.39	1	0.00056178	0.001	0.001	0.071226	0.76166283	0.09990812	9.66630067	0.1	0.01	0.01	0.01	1e-05	0.01	0.00381253	0.05	0.5	1e-04	100	5e-06	0.001
0.427	0.9	0.1	0.098431	0.2	80	65.4	9.1	500	3.5	8.61	0.003304	0.00011406	0.00359859	2	0.15	0.1	0.00108091	0.2	0.00114059	0.45	0.001035	2	4.5	0.001	0.04207506	0.39	1	0.00056178	0.001	0.001	0.071226	0.76166283	0.09990812	9.66630067	0.1	0.01	0.01	0.01	1e-05	0.01	0.00381253	0.05	0.5	1e-04	100	5e-06	0.001
0.427	0.9	0.1	0.098431	0.2	80	65.4	9.1	500	3.5	8.61	0.003304	0.00011413	0.0035786	2	0.15	0.1	0.00108103	0.2	0.00130324	0.45	0.00140679	2	4.5	0.001	0.0430848	0.39	1	0.00056178	0.001	0.001	0.071226	0.76166283	0.09990812	9.66630067	0.1	0.01	0.01	0.01	1e-05	0.01	0.00381253	0.05	0.5	1e-04	100	5e-06	0.001
0.427	0.9	0.1	0.098431	0.2	80	65.4	9.1	500	3.5	8.61	0.003304	0.00011394	0.00341449	2	0.15	0.1	0.00107948	0.2	0.00216694	0.45	0.00134025	2	4.5	0.001	0.05988565	0.39	1	0.00056178	0.001	0.001	0.071226	0.76166283	0.09990812	9.66630067	0.1	0.01	0.01	0.01	1e-05	0.01	0.00381253	0.05	0.5	1e-04	100	5e-06	0.001
0.427	0.9	0.1	0.098431	0.2	80	65.4	9.1	500	3.5	8.61	0.003304	0.00011411	0.00352251	2	0.15	0.1	0.00107546	0.2	0.00216109	0.45	0.00115098	2	4.5	0.001	0.05225218	0.39	1	0.00056178	0.001	0.001	0.071226	0.76166283	0.09990812	9.66630067	0.1	0.01	0.01	0.01	1e-05	0.01	0.00381253	0.05	0.5	1e-04	100	5e-06	0.001
0.427	0.9	0.1	0.098431	0.2	80	65.4	9.1	500	3.5	8.61	0.003304	0.00011451	0.00356021	2	0.15	0.1	0.00107004	0.2	0.00203374	0.45	0.00113494	2	4.5	0.001	0.05450383	0.39	1	0.00056178	0.001	0.001	0.071226	0.76166283	0.09990812	9.66630067	0.1	0.01	0.01	0.01	1e-05	0.01	0.00381253	0.05	0.5	1e-04	100	5e-06	0.001
0.427	0.9	0.1	0.098431	0.2	80	65.4	9.1	500	3.5	8.61	0.003304	0.00011448	0.0034188	2	0.15	0.1	0.00108296	0.2	0.00264422	0.45	0.00123344	2	4.5	0.001	0.05915026	0.39	1	0.00056178	0.001	0.001	0.071226	0.76166283	0.09990812	9.66630067	0.1	0.01	0.01	0.01	1e-05	0.01	0.00381253	0.05	0.5	1e-04	100	5e-06	0.001
0.427	0.9	0.1	0.098431	0.2	80	65.4	9.1	500	3.5	8.61	0.003304	0.0001146	0.00359625	2	0.15	0.1	0.00106685	0.2	0.00163388	0.45	0.00138671	2	4.5	0.001	0.04524734	0.39	1	0.00056178	0.001	0.001	0.071226	0.76166283	0.09990812	9.66630067	0.1	0.01	0.01	0.01	1e-05	0.01	0.00381253	0.05	0.5	1e-04	100	5e-06	0.001
0.427	0.9	0.1	0.098431	0.2	80	65.4	9.1	500	3.5	8.61	0.003304	0.00011541	0.003577	2	0.15	0.1	0.00108884	0.2	0.00235892	0.45	0.00118611	2	4.5	0.001	0.05545922	0.39	1	0.00056178	0.001	0.001	0.071226	0.76166283	0.09990812	9.66630067	0.1	0.01	0.01	0.01	1e-05	0.01	0.00381253	0.05	0.5	1e-04	100	5e-06	0.001
0.427	0.9	0.1	0.098431	0.2	80	65.4	9.1	500	3.5	8.61	0.003304	0.0001146	0.00359625	2	0.15	0.1	0.00106685	0.2	0.00163388	0.45	0.00138671	2	4.5	0.001	0.04524734	0.39	1	0.00056178	0.001	0.001	0.071226	0.76166283	0.09990812	9.66630067	0.1	0.01	0.01	0.01	1e-05	0.01	0.00381253	0.05	0.5	1e-04	100	5e-06	0.001
0.428	0.9	0.1	0.098431	0.2	80	65.4	9.1	500	3.5	8.61	0.003304	0.00011425	0.00336283	2	0.15	0.1	0.00108997	0.2	0.00259922	0.45	0.00133489	2	4.5	0.001	0.06412522	0.39	1	0.00056178	0.001	0.001	0.071226	0.76166283	0.09990812	9.66630067	0.1	0.01	0.01	0.01	1e-05	0.01	0.00381253	0.05	0.5	1e-04	100	5e-06	0.001
0.428	0.9	0.1	0.098431	0.2	80	65.4	9.1	500	3.5	8.61	0.003304	0.00011431	0.0036454	2	0.15	0.1	0.00109111	0.2	0.00106049	0.45	0.00101391	2	4.5	0.001	0.03786699	0.39	1	0.00056178	0.001	0.001	0.071226	0.76166283	0.09990812	9.66630067	0.1	0.01	0.01	0.01	1e-05	0.01	0.00381253	0.05	0.5	1e-04	100	5e-06	0.001
0.428	0.9	0.1	0.098431	0.2	80	65.4	9.1	500	3.5	8.61	0.003304	0.00011415	0.00331988	2	0.15	0.1	0.00108712	0.2	0.00270202	0.45	0.00112659	2	4.5	0.001	0.06483946	0.39	1	0.00056178	0.001	0.001	0.071226	0.76166283	0.09990812	9.66630067	0.1	0.01	0.01	0.01	1e-05	0.01	0.00381253	0.05	0.5	1e-04	100	5e-06	0.001
0.428	0.9	0.1	0.098431	0.2	80	65.4	9.1	500	3.5	8.61	0.003304	0.00011384	0.00350939	2	0.15	0.1	0.00108125	0.2	0.00230352	0.45	0.00129788	2	4.5	0.001	0.05711962	0.39	1	0.00056178	0.001	0.001	0.071226	0.76166283	0.09990812	9.66630067	0.1	0.01	0.01	0.01	1e-05	0.01	0.00381253	0.05	0.5	1e-04	100	5e-06	0.001
0.428	0.9	0.1	0.098431	0.2	80	65.4	9.1	500	3.5	8.61	0.003304	0.00011411	0.0034736	2	0.15	0.1	0.00108717	0.2	0.00264977	0.45	0.00121063	2	4.5	0.001	0.05417273	0.39	1	0.00056178	0.001	0.001	0.071226	0.76166283	0.09990812	9.66630067	0.1	0.01	0.01	0.01	1e-05	0.01	0.00381253	0.05	0.5	1e-04	100	5e-06	0.001
0.428	0.9	0.1	0.098431	0.2	80	65.4	9.1	500	3.5	8.61	0.003304	0.00011423	0.00338368	2	0.15	0.1	0.00108802	0.2	0.00284101	0.45	0.00127813	2	4.5	0.001	0.06241635	0.39	1	0.00056178	0.001	0.001	0.071226	0.76166283	0.09990812	9.66630067	0.1	0.01	0.01	0.01	1e-05	0.01	0.00381253	0.05	0.5	1e-04	100	5e-06	0.001
0.428	0.9	0.1	0.098431	0.2	80	65.4	9.1	500	3.5	8.61	0.003304	0.00011431	0.00346085	2	0.15	0.1	0.00109111	0.2	0.00242272	0.45	0.00101391	2	4.5	0.001	0.06131742	0.39	1	0.00056178	0.001	0.001	0.071226	0.76166283	0.09990812	9.66630067	0.1	0.01	0.01	0.01	1e-05	0.01	0.00381253	0.05	0.5	1e-04	100	5e-06	0.001
0.428	0.9	0.1	0.098431	0.2	80	65.4	9.1	500	3.5	8.61	0.003304	0.00011425	0.00336283	2	0.15	0.1	0.00108997	0.2	0.00259922	0.45	0.00133489	2	4.5	0.001	0.06412522	0.39	1	0.00056178	0.001	0.001	0.071226	0.76166283	0.09990812	9.66630067	0.1	0.01	0.01	0.01	1e-05	0.01	0.00381253	0.05	0.5	1e-04	100	5e-06	0.001
0.428	0.9	0.1	0.098431	0.2	80	65.4	9.1	500	3.5	8.61	0.003304	0.00011418	0.00331154	2	0.15	0.1	0.0010874	0.2	0.0029052	0.45	0.00132449	2	4.5	0.001	0.06610016	0.39	1	0.00056178	0.001	0.001	0.071226	0.76166283	0.09990812	9.66630067	0.1	0.01	0.01	0.01	1e-05	0.01	0.00381253	0.05	0.5	1e-04	100	5e-06	0.001
0.428	0.9	0.1	0.098431	0.2	80	65.4	9.1	500	3.5	8.61	0.003304	0.00011431	0.00363209	2	0.15	0.1	0.00109111	0.2	0.00173116	0.45	0.00101391	2	4.5	0.001	0.04345198	0.39	1	0.00056178	0.001	0.001	0.071226	0.76166283	0.09990812	9.66630067	0.1	0.01	0.01	0.01	1e-05	0.01	0.00381253	0.05	0.5	1e-04	100	5e-06	0.001
0.428	0.9	0.1	0.098431	0.2	80	65.4	9.1	500	3.5	8.61	0.003304	0.00011467	0.00352224	2	0.15	0.1	0.00108787	0.2	0.00261306	0.45	0.00111307	2	4.5	0.001	0.05518816	0.39	1	0.00056178	0.001	0.001	0.071226	0.76166283	0.09990812	9.66630067	0.1	0.01	0.01	0.01	1e-05	0.01	0.00381253	0.05	0.5	1e-04	100	5e-06	0.001
0.428	0.9	0.1	0.098431	0.2	80	65.4	9.1	500	3.5	8.61	0.003304	0.00011454	0.00366213	2	0.15	0.1	0.0010909	0.2	0.00179921	0.45	0.00129971	2	4.5	0.001	0.05095211	0.39	1	0.00056178	0.001	0.001	0.071226	0.76166283	0.09990812	9.66630067	0.1	0.01	0.01	0.01	1e-05	0.01	0.00381253	0.05	0.5	1e-04	100	5e-06	0.001
0.428	0.9	0.1	0.098431	0.2	80	65.4	9.1	500	3.5	8.61	0.003304	0.00011459	0.00351743	2	0.15	0.1	0.00108441	0.2	0.00260674	0.45	0.00135398	2	4.5	0.001	0.05320291	0.39	1	0.00056178	0.001	0.001	0.071226	0.76166283	0.09990812	9.66630067	0.1	0.01	0.01	0.01	1e-05	0.01	0.00381253	0.05	0.5	1e-04	100	5e-06	0.001
0.429	0.9	0.1	0.098431	0.2	80	65.4	9.1	500	3.5	8.61	0.003304	0.00011422	0.00354229	2	0.15	0.1	0.00108948	0.2	0.00274137	0.45	0.00118627	2	4.5	0.001	0.05538392	0.39	1	0.00056178	0.001	0.001	0.071226	0.76166283	0.09990812	9.66630067	0.1	0.01	0.01	0.01	1e-05	0.01	0.00381253	0.05	0.5	1e-04	100	5e-06	0.001
0.429	0.9	0.1	0.098431	0.2	80	65.4	9.1	500	3.5	8.61	0.003304	0.00011398	0.00350332	2	0.15	0.1	0.00108493	0.2	0.00277072	0.45	0.00100747	2	4.5	0.001	0.06197684	0.39	1	0.00056178	0.001	0.001	0.071226	0.76166283	0.09990812	9.66630067	0.1	0.01	0.01	0.01	1e-05	0.01	0.00381253	0.05	0.5	1e-04	100	5e-06	0.001
0.429	0.9	0.1	0.098431	0.2	80	65.4	9.1	500	3.5	8.61	0.003304	0.00011404	0.00312924	2	0.15	0.1	0.00108614	0.2	0.00329151	0.45	0.00102986	2	4.5	0.001	0.07495968	0.39	1	0.00056178	0.001	0.001	0.071226	0.76166283	0.09990812	9.66630067	0.1	0.01	0.01	0.01	1e-05	0.01	0.00381253	0.05	0.5	1e-04	100	5e-06	0.001
0.429	0.9	0.1	0.098431	0.2	80	65.4	9.1	500	3.5	8.61	0.003304	0.0001139	0.0034723	2	0.15	0.1	0.00108299	0.2	0.00248332	0.45	0.00141145	2	4.5	0.001	0.06148051	0.39	1	0.00056178	0.001	0.001	0.071226	0.76166283	0.09990812	9.66630067	0.1	0.01	0.01	0.01	1e-05	0.01	0.00381253	0.05	0.5	1e-04	100	5e-06	0.001
0.429	0.9	0.1	0.098431	0.2	80	65.4	9.1	500	3.5	8.61	0.003304	0.00011434	0.0036418	2	0.15	0.1	0.0010912	0.2	0.0023935	0.45	0.00130299	2	4.5	0.001	0.05283356	0.39	1	0.00056178	0.001	0.001	0.071226	0.76166283	0.09990812	9.66630067	0.1	0.01	0.01	0.01	1e-05	0.01	0.00381253	0.05	0.5	1e-04	100	5e-06	0.001
0.429	0.9	0.1	0.098431	0.2	80	65.4	9.1	500	3.5	8.61	0.003304	0.00011431	0.00365635	2	0.15	0.1	0.00109111	0.2	0.00080882	0.45	0.00101391	2	4.5	0.001	0.03831597	0.39	1	0.00056178	0.001	0.001	0.071226	0.76166283	0.09990812	9.66630067	0.1	0.01	0.01	0.01	1e-05	0.01	0.00381253	0.05	0.5	1e-04	100	5e-06	0.001
0.429	0.9	0.1	0.098431	0.2	80	65.4	9.1	500	3.5	8.61	0.003304	0.00011527	0.00345683	2	0.15	0.1	0.00111261	0.2	0.00294239	0.45	0.00120243	2	4.5	0.001	0.06353429	0.39	1	0.00056178	0.001	0.001	0.071226	0.76166283	0.09990812	9.66630067	0.1	0.01	0.01	0.01	1e-05	0.01	0.00381253	0.05	0.5	1e-04	100	5e-06	0.001
0.429	0.9	0.1	0.098431	0.2	80	65.4	9.1	500	3.5	8.61	0.003304	0.00011502	0.00352551	2	0.15	0.1	0.00109907	0.2	0.00204114	0.45	0.00119594	2	4.5	0.001	0.05912412	0.39	1	0.00056178	0.001	0.001	0.071226	0.76166283	0.09990812	9.66630067	0.1	0.01	0.01	0.01	1e-05	0.01	0.00381253	0.05	0.5	1e-04	100	5e-06	0.001
0.43	0.9	0.1	0.098431	0.2	80	65.4	9.1	500	3.5	8.61	0.003304	0.00011431	0.00357331	2	0.15	0.1	0.00109111	0.2	0.00243701	0.45	0.00166753	2	4.5	0.001	0.05747075	0.39	1	0.00056178	0.001	0.001	0.071226	0.76166283	0.09990812	9.66630067	0.1	0.01	0.01	0.01	1e-05	0.01	0.00381253	0.05	0.5	1e-04	100	5e-06	0.001
0.43	0.9	0.1	0.098431	0.2	80	65.4	9.1	500	3.5	8.61	0.003304	0.00011431	0.00356853	2	0.15	0.1	0.00109111	0.2	0.00180006	0.45	0.00166753	2	4.5	0.001	0.04260388	0.39	1	0.00056178	0.001	0.001	0.071226	0.76166283	0.09990812	9.66630067	0.1	0.01	0.01	0.01	1e-05	0.01	0.00381253	0.05	0.5	1e-04	100	5e-06	0.001
0.43	0.9	0.1	0.098431	0.2	80	65.4	9.1	500	3.5	8.61	0.003304	0.00011402	0.0034416	2	0.15	0.1	0.0010858	0.2	0.00336915	0.45	0.00131516	2	4.5	0.001	0.05854507	0.39	1	0.00056178	0.001	0.001	0.071226	0.76166283	0.09990812	9.66630067	0.1	0.01	0.01	0.01	1e-05	0.01	0.00381253	0.05	0.5	1e-04	100	5e-06	0.001
0.43	0.9	0.1	0.098431	0.2	80	65.4	9.1	500	3.5	8.61	0.003304	0.00011402	0.0034416	2	0.15	0.1	0.0010858	0.2	0.00336915	0.45	0.00131516	2	4.5	0.001	0.05854507	0.39	1	0.00056178	0.001	0.001	0.071226	0.76166283	0.09990812	9.66630067	0.1	0.01	0.01	0.01	1e-05	0.01	0.00381253	0.05	0.5	1e-04	100	5e-06	0.001
0.43	0.9	0.1	0.098431	0.2	80	65.4	9.1	500	3.5	8.61	0.003304	0.00011638	0.00360831	2	0.15	0.1	0.00109323	0.2	0.00298397	0.45	0.00118406	2	4.5	0.001	0.05924364	0.39	1	0.00056178	0.001	0.001	0.071226	0.76166283	0.09990812	9.66630067	0.1	0.01	0.01	0.01	1e-05	0.01	0.00381253	0.05	0.5	1e-04	100	5e-06	0.001
0.43	0.9	0.1	0.098431	0.2	80	65.4	9.1	500	3.5	8.61	0.003304	0.00011496	0.00353511	2	0.15	0.1	0.00109487	0.2	0.00319978	0.45	0.00108287	2	4.5	0.001	0.05651228	0.39	1	0.00056178	0.001	0.001	0.071226	0.76166283	0.09990812	9.66630067	0.1	0.01	0.01	0.01	1e-05	0.01	0.00381253	0.05	0.5	1e-04	100	5e-06	0.001
0.43	0.9	0.1	0.098431	0.2	80	65.4	9.1	500	3.5	8.61	0.003304	0.00011494	0.00369602	2	0.15	0.1	0.00106178	0.2	0.0017116	0.45	0.00173381	2	4.5	0.001	0.05363785	0.39	1	0.00056178	0.001	0.001	0.071226	0.76166283	0.09990812	9.66630067	0.1	0.01	0.01	0.01	1e-05	0.01	0.00381253	0.05	0.5	1e-04	100	5e-06	0.001
0.43	0.9	0.1	0.098431	0.2	80	65.4	9.1	500	3.5	8.61	0.003304	0.00011431	0.00358048	2	0.15	0.1	0.00109111	0.2	0.00228119	0.45	0.00101391	2	4.5	0.001	0.04561123	0.39	1	0.00056178	0.001	0.001	0.071226	0.76166283	0.09990812	9.66630067	0.1	0.01	0.01	0.01	1e-05	0.01	0.00381253	0.05	0.5	1e-04	100	5e-06	0.001
0.431	0.9	0.1	0.098431	0.2	80	65.4	9.1	500	3.5	8.61	0.003304	0.00011049	0.00341533	2	0.15	0.1	0.00102008	0.2	0.00293868	0.45	0.00184838	2	4.5	0.001	0.06090847	0.39	1	0.00056178	0.001	0.001	0.071226	0.76166283	0.09990812	9.66630067	0.1	0.01	0.01	0.01	1e-05	0.01	0.00381253	0.05	0.5	1e-04	100	5e-06	0.001
0.431	0.9	0.1	0.098431	0.2	80	65.4	9.1	500	3.5	8.61	0.003304	0.00011431	0.00322852	2	0.15	0.1	0.00109111	0.2	0.00302108	0.45	0.00158438	2	4.5	0.001	0.07458716	0.39	1	0.00056178	0.001	0.001	0.071226	0.76166283	0.09990812	9.66630067	0.1	0.01	0.01	0.01	1e-05	0.01	0.00381253	0.05	0.5	1e-04	100	5e-06	0.001
0.431	0.9	0.1	0.098431	0.2	80	65.4	9.1	500	3.5	8.61	0.003304	0.00011313	0.00347215	2	0.15	0.1	0.00106699	0.2	0.00273766	0.45	0.00139778	2	4.5	0.001	0.06480735	0.39	1	0.00056178	0.001	0.001	0.071226	0.76166283	0.09990812	9.66630067	0.1	0.01	0.01	0.01	1e-05	0.01	0.00381253	0.05	0.5	1e-04	100	5e-06	0.001
0.431	0.9	0.1	0.098431	0.2	80	65.4	9.1	500	3.5	8.61	0.003304	0.00011049	0.00341533	2	0.15	0.1	0.00102008	0.2	0.00293868	0.45	0.00184838	2	4.5	0.001	0.06090847	0.39	1	0.00056178	0.001	0.001	0.071226	0.76166283	0.09990812	9.66630067	0.1	0.01	0.01	0.01	1e-05	0.01	0.00381253	0.05	0.5	1e-04	100	5e-06	0.001
0.431	0.9	0.1	0.098431	0.2	80	65.4	9.1	500	3.5	8.61	0.003304	0.0001136	0.00349815	2	0.15	0.1	0.00107787	0.2	0.00266149	0.45	0.00158549	2	4.5	0.001	0.06412056	0.39	1	0.00056178	0.001	0.001	0.071226	0.76166283	0.09990812	9.66630067	0.1	0.01	0.01	0.01	1e-05	0.01	0.00381253	0.05	0.5	1e-04	100	5e-06	0.001
0.431	0.9	0.1	0.098431	0.2	80	65.4	9.1	500	3.5	8.61	0.003304	0.0001146	0.00337153	2	0.15	0.1	0.00109534	0.2	0.00305468	0.45	0.00146646	2	4.5	0.001	0.06939569	0.39	1	0.00056178	0.001	0.001	0.071226	0.76166283	0.09990812	9.66630067	0.1	0.01	0.01	0.01	1e-05	0.01	0.00381253	0.05	0.5	1e-04	100	5e-06	0.001
0.431	0.9	0.1	0.098431	0.2	80	65.4	9.1	500	3.5	8.61	0.003304	0.00011448	0.00354334	2	0.15	0.1	0.00107785	0.2	0.00282039	0.45	0.00146712	2	4.5	0.001	0.05164419	0.39	1	0.00056178	0.001	0.001	0.071226	0.76166283	0.09990812	9.66630067	0.1	0.01	0.01	0.01	1e-05	0.01	0.00381253	0.05	0.5	1e-04	100	5e-06	0.001
0.432	0.9	0.1	0.098431	0.2	80	65.4	9.1	500	3.5	8.61	0.003304	0.00011422	0.00321772	2	0.15	0.1	0.00108937	0.2	0.00401194	0.45	0.00137912	2	4.5	0.001	0.07840531	0.39	1	0.00056178	0.001	0.001	0.071226	0.76166283	0.09990812	9.66630067	0.1	0.01	0.01	0.01	1e-05	0.01	0.00381253	0.05	0.5	1e-04	100	5e-06	0.001
0.432	0.9	0.1	0.098431	0.2	80	65.4	9.1	500	3.5	8.61	0.003304	0.0001144	0.00348522	2	0.15	0.1	0.00109922	0.2	0.00180006	0.45	0.00114082	2	4.5	0.001	0.05145225	0.39	1	0.00056178	0.001	0.001	0.071226	0.76166283	0.09990812	9.66630067	0.1	0.01	0.01	0.01	1e-05	0.01	0.00381253	0.05	0.5	1e-04	100	5e-06	0.001
0.432	0.9	0.1	0.098431	0.2	80	65.4	9.1	500	3.5	8.61	0.003304	0.00011431	0.00344287	2	0.15	0.1	0.00109111	0.2	0.00180006	0.45	0.00110768	2	4.5	0.001	0.05145225	0.39	1	0.00056178	0.001	0.001	0.071226	0.76166283	0.09990812	9.66630067	0.1	0.01	0.01	0.01	1e-05	0.01	0.00381253	0.05	0.5	1e-04	100	5e-06	0.001
0.432	0.9	0.1	0.098431	0.2	80	65.4	9.1	500	3.5	8.61	0.003304	0.00011431	0.00344287	2	0.15	0.1	0.00109111	0.2	0.00180006	0.45	0.00110768	2	4.5	0.001	0.05145225	0.39	1	0.00056178	0.001	0.001	0.071226	0.76166283	0.09990812	9.66630067	0.1	0.01	0.01	0.01	1e-05	0.01	0.00381253	0.05	0.5	1e-04	100	5e-06	0.001
0.432	0.9	0.1	0.098431	0.2	80	65.4	9.1	500	3.5	8.61	0.003304	0.00011431	0.00344287	2	0.15	0.1	0.00109111	0.2	0.00180006	0.45	0.00110768	2	4.5	0.001	0.05145225	0.39	1	0.00056178	0.001	0.001	0.071226	0.76166283	0.09990812	9.66630067	0.1	0.01	0.01	0.01	1e-05	0.01	0.00381253	0.05	0.5	1e-04	100	5e-06	0.001
0.432	0.9	0.1	0.098431	0.2	80	65.4	9.1	500	3.5	8.61	0.003304	0.00011431	0.00344287	2	0.15	0.1	0.00109111	0.2	0.00180006	0.45	0.00110768	2	4.5	0.001	0.05145225	0.39	1	0.00056178	0.001	0.001	0.071226	0.76166283	0.09990812	9.66630067	0.1	0.01	0.01	0.01	1e-05	0.01	0.00381253	0.05	0.5	1e-04	100	5e-06	0.001
0.432	0.9	0.1	0.098431	0.2	80	65.4	9.1	500	3.5	8.61	0.003304	0.00011442	0.00379128	2	0.15	0.1	0.00109034	0.2	0.00182824	0.45	0.00155715	2	4.5	0.001	0.0510774	0.39	1	0.00056178	0.001	0.001	0.071226	0.76166283	0.09990812	9.66630067	0.1	0.01	0.01	0.01	1e-05	0.01	0.00381253	0.05	0.5	1e-04	100	5e-06	0.001
0.432	0.9	0.1	0.098431	0.2	80	65.4	9.1	500	3.5	8.61	0.003304	0.00011431	0.00344287	2	0.15	0.1	0.00109111	0.2	0.00180006	0.45	0.00110768	2	4.5	0.001	0.05145225	0.39	1	0.00056178	0.001	0.001	0.071226	0.76166283	0.09990812	9.66630067	0.1	0.01	0.01	0.01	1e-05	0.01	0.00381253	0.05	0.5	1e-04	100	5e-06	0.001
0.432	0.9	0.1	0.098431	0.2	80	65.4	9.1	500	3.5	8.61	0.003304	0.00011486	0.00363581	2	0.15	0.1	0.00104263	0.2	0.00174076	0.45	0.00171187	2	4.5	0.001	0.04239192	0.39	1	0.00056178	0.001	0.001	0.071226	0.76166283	0.09990812	9.66630067	0.1	0.01	0.01	0.01	1e-05	0.01	0.00381253	0.05	0.5	1e-04	100	5e-06	0.001
0.432	0.9	0.1	0.098431	0.2	80	65.4	9.1	500	3.5	8.61	0.003304	0.00011431	0.00336723	2	0.15	0.1	0.00109111	0.2	0.00179568	0.45	0.00101391	2	4.5	0.001	0.05057385	0.39	1	0.00056178	0.001	0.001	0.071226	0.76166283	0.09990812	9.66630067	0.1	0.01	0.01	0.01	1e-05	0.01	0.00381253	0.05	0.5	1e-04	100	5e-06	0.001
0.433	0.9	0.1	0.098431	0.2	80	65.4	9.1	500	3.5	8.61	0.003304	0.00011431	0.00344287	2	0.15	0.1	0.00109111	0.2	0.00180006	0.45	0.00166753	2	4.5	0.001	0.05145225	0.39	1	0.00056178	0.001	0.001	0.071226	0.76166283	0.09990812	9.66630067	0.1	0.01	0.01	0.01	1e-05	0.01	0.00381253	0.05	0.5	1e-04	100	5e-06	0.001
0.433	0.9	0.1	0.098431	0.2	80	65.4	9.1	500	3.5	8.61	0.003304	0.00011431	0.00344287	2	0.15	0.1	0.00109111	0.2	0.00180006	0.45	0.00166753	2	4.5	0.001	0.05145225	0.39	1	0.00056178	0.001	0.001	0.071226	0.76166283	0.09990812	9.66630067	0.1	0.01	0.01	0.01	1e-05	0.01	0.00381253	0.05	0.5	1e-04	100	5e-06	0.001
0.433	0.9	0.1	0.098431	0.2	80	65.4	9.1	500	3.5	8.61	0.003304	0.00011431	0.00344287	2	0.15	0.1	0.00109111	0.2	0.00180006	0.45	0.00166753	2	4.5	0.001	0.05145225	0.39	1	0.00056178	0.001	0.001	0.071226	0.76166283	0.09990812	9.66630067	0.1	0.01	0.01	0.01	1e-05	0.01	0.00381253	0.05	0.5	1e-04	100	5e-06	0.001
0.433	0.9	0.1	0.098431	0.2	80	65.4	9.1	500	3.5	8.61	0.003304	0.00011431	0.00344287	2	0.15	0.1	0.00109111	0.2	0.00180006	0.45	0.00166753	2	4.5	0.001	0.05145225	0.39	1	0.00056178	0.001	0.001	0.071226	0.76166283	0.09990812	9.66630067	0.1	0.01	0.01	0.01	1e-05	0.01	0.00381253	0.05	0.5	1e-04	100	5e-06	0.001
0.433	0.9	0.1	0.098431	0.2	80	65.4	9.1	500	3.5	8.61	0.003304	0.00011431	0.00337808	2	0.15	0.1	0.00109111	0.2	0.00180006	0.45	0.00150145	2	4.5	0.001	0.05145225	0.39	1	0.00056178	0.001	0.001	0.071226	0.76166283	0.09990812	9.66630067	0.1	0.01	0.01	0.01	1e-05	0.01	0.00381253	0.05	0.5	1e-04	100	5e-06	0.001
0.433	0.9	0.1	0.098431	0.2	80	65.4	9.1	500	3.5	8.61	0.003304	0.00011474	0.00358605	2	0.15	0.1	0.00109918	0.2	0.00333563	0.45	0.00165663	2	4.5	0.001	0.05925637	0.39	1	0.00056178	0.001	0.001	0.071226	0.76166283	0.09990812	9.66630067	0.1	0.01	0.01	0.01	1e-05	0.01	0.00381253	0.05	0.5	1e-04	100	5e-06	0.001
0.433	0.9	0.1	0.098431	0.2	80	65.4	9.1	500	3.5	8.61	0.003304	0.00011431	0.00337808	2	0.15	0.1	0.00109111	0.2	0.00180006	0.45	0.00150145	2	4.5	0.001	0.05145225	0.39	1	0.00056178	0.001	0.001	0.071226	0.76166283	0.09990812	9.66630067	0.1	0.01	0.01	0.01	1e-05	0.01	0.00381253	0.05	0.5	1e-04	100	5e-06	0.001
0.433	0.9	0.1	0.098431	0.2	80	65.4	9.1	500	3.5	8.61	0.003304	0.00011431	0.0034249	2	0.15	0.1	0.0010894	0.2	0.00186568	0.45	0.00138801	2	4.5	0.001	0.05210138	0.39	1	0.00056178	0.001	0.001	0.071226	0.76166283	0.09990812	9.66630067	0.1	0.01	0.01	0.01	1e-05	0.01	0.00381253	0.05	0.5	1e-04	100	5e-06	0.001
0.433	0.9	0.1	0.098431	0.2	80	65.4	9.1	500	3.5	8.61	0.003304	0.00011245	0.00357307	2	0.15	0.1	0.00105646	0.2	0.00283085	0.45	0.00151505	2	4.5	0.001	0.06148561	0.39	1	0.00056178	0.001	0.001	0.071226	0.76166283	0.09990812	9.66630067	0.1	0.01	0.01	0.01	1e-05	0.01	0.00381253	0.05	0.5	1e-04	100	5e-06	0.001
0.433	0.9	0.1	0.098431	0.2	80	65.4	9.1	500	3.5	8.61	0.003304	0.00011404	0.00333113	2	0.15	0.1	0.00108654	0.2	0.00201783	0.45	0.00121436	2	4.5	0.001	0.05269334	0.39	1	0.00056178	0.001	0.001	0.071226	0.76166283	0.09990812	9.66630067	0.1	0.01	0.01	0.01	1e-05	0.01	0.00381253	0.05	0.5	1e-04	100	5e-06	0.001
0.433	0.9	0.1	0.098431	0.2	80	65.4	9.1	500	3.5	8.61	0.003304	0.00011474	0.00358605	2	0.15	0.1	0.00109918	0.2	0.00333563	0.45	0.00165663	2	4.5	0.001	0.05925637	0.39	1	0.00056178	0.001	0.001	0.071226	0.76166283	0.09990812	9.66630067	0.1	0.01	0.01	0.01	1e-05	0.01	0.00381253	0.05	0.5	1e-04	100	5e-06	0.001
0.433	0.9	0.1	0.098431	0.2	80	65.4	9.1	500	3.5	8.61	0.003304	0.00011398	0.00329803	2	0.15	0.1	0.00108501	0.2	0.00193175	0.45	0.0011239	2	4.5	0.001	0.05835354	0.39	1	0.00056178	0.001	0.001	0.071226	0.76166283	0.09990812	9.66630067	0.1	0.01	0.01	0.01	1e-05	0.01	0.00381253	0.05	0.5	1e-04	100	5e-06	0.001
0.433	0.9	0.1	0.098431	0.2	80	65.4	9.1	500	3.5	8.61	0.003304	0.00011492	0.00344287	2	0.15	0.1	0.00109351	0.2	0.00180006	0.45	0.00150041	2	4.5	0.001	0.05145225	0.39	1	0.00056178	0.001	0.001	0.071226	0.76166283	0.09990812	9.66630067	0.1	0.01	0.01	0.01	1e-05	0.01	0.00381253	0.05	0.5	1e-04	100	5e-06	0.001
0.434	0.9	0.1	0.098431	0.2	80	65.4	9.1	500	3.5	8.61	0.003304	0.00011282	0.00373958	2	0.15	0.1	0.00106479	0.2	0.00077314	0.45	0.00104037	2	4.5	0.001	0.03219163	0.39	1	0.00056178	0.001	0.001	0.071226	0.76166283	0.09990812	9.66630067	0.1	0.01	0.01	0.01	1e-05	0.01	0.00381253	0.05	0.5	1e-04	100	5e-06	0.001
0.434	0.9	0.1	0.098431	0.2	80	65.4	9.1	500	3.5	8.61	0.003304	0.00011431	0.00344287	2	0.15	0.1	0.00109111	0.2	0.00180006	0.45	0.00101391	2	4.5	0.001	0.04491625	0.39	1	0.00056178	0.001	0.001	0.071226	0.76166283	0.09990812	9.66630067	0.1	0.01	0.01	0.01	1e-05	0.01	0.00381253	0.05	0.5	1e-04	100	5e-06	0.001
0.434	0.9	0.1	0.098431	0.2	80	65.4	9.1	500	3.5	8.61	0.003304	0.00011431	0.00344287	2	0.15	0.1	0.00109111	0.2	0.00180006	0.45	0.00101391	2	4.5	0.001	0.04491625	0.39	1	0.00056178	0.001	0.001	0.071226	0.76166283	0.09990812	9.66630067	0.1	0.01	0.01	0.01	1e-05	0.01	0.00381253	0.05	0.5	1e-04	100	5e-06	0.001
0.434	0.9	0.1	0.098431	0.2	80	65.4	9.1	500	3.5	8.61	0.003304	0.00011431	0.00368295	2	0.15	0.1	0.00109111	0.2	0.00123457	0.45	0.00101391	2	4.5	0.001	0.03406091	0.39	1	0.00056178	0.001	0.001	0.071226	0.76166283	0.09990812	9.66630067	0.1	0.01	0.01	0.01	1e-05	0.01	0.00381253	0.05	0.5	1e-04	100	5e-06	0.001
0.434	0.9	0.1	0.098431	0.2	80	65.4	9.1	500	3.5	8.61	0.003304	0.00011431	0.00344287	2	0.15	0.1	0.00109111	0.2	0.00180006	0.45	0.00101391	2	4.5	0.001	0.04491625	0.39	1	0.00056178	0.001	0.001	0.071226	0.76166283	0.09990812	9.66630067	0.1	0.01	0.01	0.01	1e-05	0.01	0.00381253	0.05	0.5	1e-04	100	5e-06	0.001
0.434	0.9	0.1	0.098431	0.2	80	65.4	9.1	500	3.5	8.61	0.003304	0.00011478	0.00345731	2	0.15	0.1	0.00108477	0.2	0.00204924	0.45	0.00194461	2	4.5	0.001	0.05117544	0.39	1	0.00056178	0.001	0.001	0.071226	0.76166283	0.09990812	9.66630067	0.1	0.01	0.01	0.01	1e-05	0.01	0.00381253	0.05	0.5	1e-04	100	5e-06	0.001
0.435	0.9	0.1	0.098431	0.2	80	65.4	9.1	500	3.5	8.61	0.003304	0.00011431	0.00325456	2	0.15	0.1	0.00109111	0.2	0.00403091	0.45	0.00180009	2	4.5	0.001	0.08091802	0.39	1	0.00056178	0.001	0.001	0.071226	0.76166283	0.09990812	9.66630067	0.1	0.01	0.01	0.01	1e-05	0.01	0.00381253	0.05	0.5	1e-04	100	5e-06	0.001
0.435	0.9	0.1	0.098431	0.2	80	65.4	9.1	500	3.5	8.61	0.003304	0.00011431	0.00326613	2	0.15	0.1	0.00109111	0.2	0.00521592	0.45	0.00174239	2	4.5	0.001	0.07687005	0.39	1	0.00056178	0.001	0.001	0.071226	0.76166283	0.09990812	9.66630067	0.1	0.01	0.01	0.01	1e-05	0.01	0.00381253	0.05	0.5	1e-04	100	5e-06	0.001
0.435	0.9	0.1	0.098431	0.2	80	65.4	9.1	500	3.5	8.61	0.003304	0.0001149	0.00325497	2	0.15	0.1	0.00110213	0.2	0.00390534	0.45	0.00167794	2	4.5	0.001	0.08238906	0.39	1	0.00056178	0.001	0.001	0.071226	0.76166283	0.09990812	9.66630067	0.1	0.01	0.01	0.01	1e-05	0.01	0.00381253	0.05	0.5	1e-04	100	5e-06	0.001
0.435	0.9	0.1	0.098431	0.2	80	65.4	9.1	500	3.5	8.61	0.003304	0.00011326	0.00354201	2	0.15	0.1	0.00107154	0.2	0.00232795	0.45	0.00168848	2	4.5	0.001	0.06645205	0.39	1	0.00056178	0.001	0.001	0.071226	0.76166283	0.09990812	9.66630067	0.1	0.01	0.01	0.01	1e-05	0.01	0.00381253	0.05	0.5	1e-04	100	5e-06	0.001
0.435	0.9	0.1	0.098431	0.2	80	65.4	9.1	500	3.5	8.61	0.003304	0.00011473	0.00346552	2	0.15	0.1	0.00109894	0.2	0.00401626	0.45	0.00132553	2	4.5	0.001	0.07336914	0.39	1	0.00056178	0.001	0.001	0.071226	0.76166283	0.09990812	9.66630067	0.1	0.01	0.01	0.01	1e-05	0.01	0.00381253	0.05	0.5	1e-04	100	5e-06	0.001
0.435	0.9	0.1	0.098431	0.2	80	65.4	9.1	500	3.5	8.61	0.003304	0.0001149	0.00325497	2	0.15	0.1	0.00110213	0.2	0.00390534	0.45	0.00167794	2	4.5	0.001	0.08238906	0.39	1	0.00056178	0.001	0.001	0.071226	0.76166283	0.09990812	9.66630067	0.1	0.01	0.01	0.01	1e-05	0.01	0.00381253	0.05	0.5	1e-04	100	5e-06	0.001
0.435	0.9	0.1	0.098431	0.2	80	65.4	9.1	500	3.5	8.61	0.003304	0.00011431	0.00332499	2	0.15	0.1	0.00109111	0.2	0.00130696	0.45	0.00127321	2	4.5	0.001	0.05044975	0.39	1	0.00056178	0.001	0.001	0.071226	0.76166283	0.09990812	9.66630067	0.1	0.01	0.01	0.01	1e-05	0.01	0.00381253	0.05	0.5	1e-04	100	5e-06	0.001
0.435	0.9	0.1	0.098431	0.2	80	65.4	9.1	500	3.5	8.61	0.003304	0.00012193	0.00344471	2	0.15	0.1	0.00109585	0.2	0.00548491	0.45	0.00132787	2	4.5	0.001	0.07380346	0.39	1	0.00056178	0.001	0.001	0.071226	0.76166283	0.09990812	9.66630067	0.1	0.01	0.01	0.01	1e-05	0.01	0.00381253	0.05	0.5	1e-04	100	5e-06	0.001
0.435	0.9	0.1	0.098431	0.2	80	65.4	9.1	500	3.5	8.61	0.003304	0.00012193	0.00344471	2	0.15	0.1	0.00109585	0.2	0.00548491	0.45	0.00132787	2	4.5	0.001	0.07380346	0.39	1	0.00056178	0.001	0.001	0.071226	0.76166283	0.09990812	9.66630067	0.1	0.01	0.01	0.01	1e-05	0.01	0.00381253	0.05	0.5	1e-04	100	5e-06	0.001
0.435	0.9	0.1	0.098431	0.2	80	65.4	9.1	500	3.5	8.61	0.003304	0.00011431	0.00329091	2	0.15	0.1	0.00109111	0.2	0.00174443	0.45	0.00101391	2	4.5	0.001	0.05968816	0.39	1	0.00056178	0.001	0.001	0.071226	0.76166283	0.09990812	9.66630067	0.1	0.01	0.01	0.01	1e-05	0.01	0.00381253	0.05	0.5	1e-04	100	5e-06	0.001
0.435	0.9	0.1	0.098431	0.2	80	65.4	9.1	500	3.5	8.61	0.003304	0.00011431	0.00329091	2	0.15	0.1	0.00109111	0.2	0.00174443	0.45	0.00101391	2	4.5	0.001	0.05968816	0.39	1	0.00056178	0.001	0.001	0.071226	0.76166283	0.09990812	9.66630067	0.1	0.01	0.01	0.01	1e-05	0.01	0.00381253	0.05	0.5	1e-04	100	5e-06	0.001
0.436	0.9	0.1	0.098431	0.2	80	65.4	9.1	500	3.5	8.61	0.003304	0.00011431	0.00327349	2	0.15	0.1	0.00109111	0.2	0.00180006	0.45	0.00238416	2	4.5	0.001	0.05145225	0.39	1	0.00056178	0.001	0.001	0.071226	0.76166283	0.09990812	9.66630067	0.1	0.01	0.01	0.01	1e-05	0.01	0.00381253	0.05	0.5	1e-04	100	5e-06	0.001
0.436	0.9	0.1	0.098431	0.2	80	65.4	9.1	500	3.5	8.61	0.003304	0.00011431	0.00384026	2	0.15	0.1	0.00109111	0.2	0.00053344	0.45	0.00166753	2	4.5	0.001	0.04178182	0.39	1	0.00056178	0.001	0.001	0.071226	0.76166283	0.09990812	9.66630067	0.1	0.01	0.01	0.01	1e-05	0.01	0.00381253	0.05	0.5	1e-04	100	5e-06	0.001
0.436	0.9	0.1	0.098431	0.2	80	65.4	9.1	500	3.5	8.61	0.003304	0.00011431	0.00327349	2	0.15	0.1	0.00109111	0.2	0.00180006	0.45	0.00238416	2	4.5	0.001	0.05145225	0.39	1	0.00056178	0.001	0.001	0.071226	0.76166283	0.09990812	9.66630067	0.1	0.01	0.01	0.01	1e-05	0.01	0.00381253	0.05	0.5	1e-04	100	5e-06	0.001
0.436	0.9	0.1	0.098431	0.2	80	65.4	9.1	500	3.5	8.61	0.003304	0.00011431	0.00317859	2	0.15	0.1	0.00109111	0.2	0.00180006	0.45	0.00104069	2	4.5	0.001	0.05145225	0.39	1	0.00056178	0.001	0.001	0.071226	0.76166283	0.09990812	9.66630067	0.1	0.01	0.01	0.01	1e-05	0.01	0.00381253	0.05	0.5	1e-04	100	5e-06	0.001
0.436	0.9	0.1	0.098431	0.2	80	65.4	9.1	500	3.5	8.61	0.003304	0.00011431	0.00299166	2	0.15	0.1	0.00109111	0.2	0.00535843	0.45	0.00148409	2	4.5	0.001	0.09704645	0.39	1	0.00056178	0.001	0.001	0.071226	0.76166283	0.09990812	9.66630067	0.1	0.01	0.01	0.01	1e-05	0.01	0.00381253	0.05	0.5	1e-04	100	5e-06	0.001
0.436	0.9	0.1	0.098431	0.2	80	65.4	9.1	500	3.5	8.61	0.003304	0.00011431	0.00317859	2	0.15	0.1	0.00109111	0.2	0.00180006	0.45	0.00104069	2	4.5	0.001	0.05145225	0.39	1	0.00056178	0.001	0.001	0.071226	0.76166283	0.09990812	9.66630067	0.1	0.01	0.01	0.01	1e-05	0.01	0.00381253	0.05	0.5	1e-04	100	5e-06	0.001
0.436	0.9	0.1	0.098431	0.2	80	65.4	9.1	500	3.5	8.61	0.003304	0.00011431	0.0032939	2	0.15	0.1	0.00109111	0.2	0.002483	0.45	0.00232341	2	4.5	0.001	0.05929783	0.39	1	0.00056178	0.001	0.001	0.071226	0.76166283	0.09990812	9.66630067	0.1	0.01	0.01	0.01	1e-05	0.01	0.00381253	0.05	0.5	1e-04	100	5e-06	0.001
0.436	0.9	0.1	0.098431	0.2	80	65.4	9.1	500	3.5	8.61	0.003304	0.00011503	0.00344152	2	0.15	0.1	0.00109008	0.2	0.00213824	0.45	0.00250645	2	4.5	0.001	0.05349	0.39	1	0.00056178	0.001	0.001	0.071226	0.76166283	0.09990812	9.66630067	0.1	0.01	0.01	0.01	1e-05	0.01	0.00381253	0.05	0.5	1e-04	100	5e-06	0.001
0.436	0.9	0.1	0.098431	0.2	80	65.4	9.1	500	3.5	8.61	0.003304	0.00011486	0.0035728	2	0.15	0.1	0.00106246	0.2	0.00057365	0.45	0.00153593	2	4.5	0.001	0.04683814	0.39	1	0.00056178	0.001	0.001	0.071226	0.76166283	0.09990812	9.66630067	0.1	0.01	0.01	0.01	1e-05	0.01	0.00381253	0.05	0.5	1e-04	100	5e-06	0.001
0.436	0.9	0.1	0.098431	0.2	80	65.4	9.1	500	3.5	8.61	0.003304	0.00011454	0.00329487	2	0.15	0.1	0.00113147	0.2	0.00243584	0.45	0.00132352	2	4.5	0.001	0.05296591	0.39	1	0.00056178	0.001	0.001	0.071226	0.76166283	0.09990812	9.66630067	0.1	0.01	0.01	0.01	1e-05	0.01	0.00381253	0.05	0.5	1e-04	100	5e-06	0.001
0.437	0.9	0.1	0.098431	0.2	80	65.4	9.1	500	3.5	8.61	0.003304	0.00011431	0.00385834	2	0.15	0.1	0.00109111	0.2	0.00169451	0.45	0.00254495	2	4.5	0.001	0.04990902	0.39	1	0.00056178	0.001	0.001	0.071226	0.76166283	0.09990812	9.66630067	0.1	0.01	0.01	0.01	1e-05	0.01	0.00381253	0.05	0.5	1e-04	100	5e-06	0.001
0.437	0.9	0.1	0.098431	0.2	80	65.4	9.1	500	3.5	8.61	0.003304	0.00011431	0.00335579	2	0.15	0.1	0.00109111	0.2	0.00180006	0.45	0.00297433	2	4.5	0.001	0.05145225	0.39	1	0.00056178	0.001	0.001	0.071226	0.76166283	0.09990812	9.66630067	0.1	0.01	0.01	0.01	1e-05	0.01	0.00381253	0.05	0.5	1e-04	100	5e-06	0.001
0.437	0.9	0.1	0.098431	0.2	80	65.4	9.1	500	3.5	8.61	0.003304	0.00011431	0.00319379	2	0.15	0.1	0.00109111	0.2	0.00262843	0.45	0.00220115	2	4.5	0.001	0.05940072	0.39	1	0.00056178	0.001	0.001	0.071226	0.76166283	0.09990812	9.66630067	0.1	0.01	0.01	0.01	1e-05	0.01	0.00381253	0.05	0.5	1e-04	100	5e-06	0.001
0.437	0.9	0.1	0.098431	0.2	80	65.4	9.1	500	3.5	8.61	0.003304	0.00011573	0.00319333	2	0.15	0.1	0.00111747	0.2	0.00301389	0.45	0.00143354	2	4.5	0.001	0.06496733	0.39	1	0.00056178	0.001	0.001	0.071226	0.76166283	0.09990812	9.66630067	0.1	0.01	0.01	0.01	1e-05	0.01	0.00381253	0.05	0.5	1e-04	100	5e-06	0.001
0.437	0.9	0.1	0.098431	0.2	80	65.4	9.1	500	3.5	8.61	0.003304	0.00011431	0.00335579	2	0.15	0.1	0.00109111	0.2	0.00180006	0.45	0.00297433	2	4.5	0.001	0.05145225	0.39	1	0.00056178	0.001	0.001	0.071226	0.76166283	0.09990812	9.66630067	0.1	0.01	0.01	0.01	1e-05	0.01	0.00381253	0.05	0.5	1e-04	100	5e-06	0.001
0.437	0.9	0.1	0.098431	0.2	80	65.4	9.1	500	3.5	8.61	0.003304	0.00011505	0.00344287	2	0.15	0.1	0.00106988	0.2	0.00180006	0.45	0.00101391	2	4.5	0.001	0.03816077	0.39	1	0.00056178	0.001	0.001	0.071226	0.76166283	0.09990812	9.66630067	0.1	0.01	0.01	0.01	1e-05	0.01	0.00381253	0.05	0.5	1e-04	100	5e-06	0.001
0.438	0.9	0.1	0.098431	0.2	80	65.4	9.1	500	3.5	8.61	0.003304	0.00011431	0.00306165	2	0.15	0.1	0.00109111	0.2	0.00394257	0.45	0.00166753	2	4.5	0.001	0.07689154	0.39	1	0.00056178	0.001	0.001	0.071226	0.76166283	0.09990812	9.66630067	0.1	0.01	0.01	0.01	1e-05	0.01	0.00381253	0.05	0.5	1e-04	100	5e-06	0.001
0.438	0.9	0.1	0.098431	0.2	80	65.4	9.1	500	3.5	8.61	0.003304	0.00011431	0.00331344	2	0.15	0.1	0.00109111	0.2	0.00180006	0.45	0.00330182	2	4.5	0.001	0.05145225	0.39	1	0.00056178	0.001	0.001	0.071226	0.76166283	0.09990812	9.66630067	0.1	0.01	0.01	0.01	1e-05	0.01	0.00381253	0.05	0.5	1e-04	100	5e-06	0.001
0.438	0.9	0.1	0.098431	0.2	80	65.4	9.1	500	3.5	8.61	0.003304	0.00011431	0.00344287	2	0.15	0.1	0.00109111	0.2	0.00180006	0.45	0.00328241	2	4.5	0.001	0.05145225	0.39	1	0.00056178	0.001	0.001	0.071226	0.76166283	0.09990812	9.66630067	0.1	0.01	0.01	0.01	1e-05	0.01	0.00381253	0.05	0.5	1e-04	100	5e-06	0.001
0.438	0.9	0.1	0.098431	0.2	80	65.4	9.1	500	3.5	8.61	0.003304	0.00011431	0.00344287	2	0.15	0.1	0.00109111	0.2	0.00180006	0.45	0.00328241	2	4.5	0.001	0.05145225	0.39	1	0.00056178	0.001	0.001	0.071226	0.76166283	0.09990812	9.66630067	0.1	0.01	0.01	0.01	1e-05	0.01	0.00381253	0.05	0.5	1e-04	100	5e-06	0.001
0.438	0.9	0.1	0.098431	0.2	80	65.4	9.1	500	3.5	8.61	0.003304	0.00011431	0.00344287	2	0.15	0.1	0.00109111	0.2	0.00180006	0.45	0.00328241	2	4.5	0.001	0.05145225	0.39	1	0.00056178	0.001	0.001	0.071226	0.76166283	0.09990812	9.66630067	0.1	0.01	0.01	0.01	1e-05	0.01	0.00381253	0.05	0.5	1e-04	100	5e-06	0.001
0.438	0.9	0.1	0.098431	0.2	80	65.4	9.1	500	3.5	8.61	0.003304	0.00011431	0.00344287	2	0.15	0.1	0.00109111	0.2	0.00180006	0.45	0.00328241	2	4.5	0.001	0.05145225	0.39	1	0.00056178	0.001	0.001	0.071226	0.76166283	0.09990812	9.66630067	0.1	0.01	0.01	0.01	1e-05	0.01	0.00381253	0.05	0.5	1e-04	100	5e-06	0.001
0.438	0.9	0.1	0.098431	0.2	80	65.4	9.1	500	3.5	8.61	0.003304	0.00011431	0.00344287	2	0.15	0.1	0.00109111	0.2	0.00180006	0.45	0.00328241	2	4.5	0.001	0.05145225	0.39	1	0.00056178	0.001	0.001	0.071226	0.76166283	0.09990812	9.66630067	0.1	0.01	0.01	0.01	1e-05	0.01	0.00381253	0.05	0.5	1e-04	100	5e-06	0.001
0.438	0.9	0.1	0.098431	0.2	80	65.4	9.1	500	3.5	8.61	0.003304	0.00011431	0.00344287	2	0.15	0.1	0.00109111	0.2	0.00180006	0.45	0.00328241	2	4.5	0.001	0.05145225	0.39	1	0.00056178	0.001	0.001	0.071226	0.76166283	0.09990812	9.66630067	0.1	0.01	0.01	0.01	1e-05	0.01	0.00381253	0.05	0.5	1e-04	100	5e-06	0.001
0.438	0.9	0.1	0.098431	0.2	80	65.4	9.1	500	3.5	8.61	0.003304	0.00011431	0.00344287	2	0.15	0.1	0.00109111	0.2	0.00180006	0.45	0.00328241	2	4.5	0.001	0.05145225	0.39	1	0.00056178	0.001	0.001	0.071226	0.76166283	0.09990812	9.66630067	0.1	0.01	0.01	0.01	1e-05	0.01	0.00381253	0.05	0.5	1e-04	100	5e-06	0.001
0.438	0.9	0.1	0.098431	0.2	80	65.4	9.1	500	3.5	8.61	0.003304	0.00011431	0.00344287	2	0.15	0.1	0.00109111	0.2	0.00180006	0.45	0.00328241	2	4.5	0.001	0.05145225	0.39	1	0.00056178	0.001	0.001	0.071226	0.76166283	0.09990812	9.66630067	0.1	0.01	0.01	0.01	1e-05	0.01	0.00381253	0.05	0.5	1e-04	100	5e-06	0.001
0.438	0.9	0.1	0.098431	0.2	80	65.4	9.1	500	3.5	8.61	0.003304	0.00011431	0.00344287	2	0.15	0.1	0.00109111	0.2	0.00180006	0.45	0.00328241	2	4.5	0.001	0.05145225	0.39	1	0.00056178	0.001	0.001	0.071226	0.76166283	0.09990812	9.66630067	0.1	0.01	0.01	0.01	1e-05	0.01	0.00381253	0.05	0.5	1e-04	100	5e-06	0.001
0.439	0.9	0.1	0.098431	0.2	80	65.4	9.1	500	3.5	8.61	0.003304	0.00011431	0.00308301	2	0.15	0.1	0.00109111	0.2	0.0020479	0.45	0.00104069	2	4.5	0.001	0.06745237	0.39	1	0.00056178	0.001	0.001	0.071226	0.76166283	0.09990812	9.66630067	0.1	0.01	0.01	0.01	1e-05	0.01	0.00381253	0.05	0.5	1e-04	100	5e-06	0.001
0.439	0.9	0.1	0.098431	0.2	80	65.4	9.1	500	3.5	8.61	0.003304	0.00011431	0.00330259	2	0.15	0.1	0.00109111	0.2	0.00595133	0.45	0.00208478	2	4.5	0.001	0.07177396	0.39	1	0.00056178	0.001	0.001	0.071226	0.76166283	0.09990812	9.66630067	0.1	0.01	0.01	0.01	1e-05	0.01	0.00381253	0.05	0.5	1e-04	100	5e-06	0.001
0.439	0.9	0.1	0.098431	0.2	80	65.4	9.1	500	3.5	8.61	0.003304	0.00011431	0.00308301	2	0.15	0.1	0.00109111	0.2	0.0020479	0.45	0.00104069	2	4.5	0.001	0.06745237	0.39	1	0.00056178	0.001	0.001	0.071226	0.76166283	0.09990812	9.66630067	0.1	0.01	0.01	0.01	1e-05	0.01	0.00381253	0.05	0.5	1e-04	100	5e-06	0.001
0.439	0.9	0.1	0.098431	0.2	80	65.4	9.1	500	3.5	8.61	0.003304	0.0001146	0.00342486	2	0.15	0.1	0.00110589	0.2	0.00217343	0.45	0.00131368	2	4.5	0.001	0.07338151	0.39	1	0.00056178	0.001	0.001	0.071226	0.76166283	0.09990812	9.66630067	0.1	0.01	0.01	0.01	1e-05	0.01	0.00381253	0.05	0.5	1e-04	100	5e-06	0.001
0.44	0.9	0.1	0.098431	0.2	80	65.4	9.1	500	3.5	8.61	0.003304	0.00011431	0.00329317	2	0.15	0.1	0.00109111	0.2	0.00180006	0.45	0.00374274	2	4.5	0.001	0.05145225	0.39	1	0.00056178	0.001	0.001	0.071226	0.76166283	0.09990812	9.66630067	0.1	0.01	0.01	0.01	1e-05	0.01	0.00381253	0.05	0.5	1e-04	100	5e-06	0.001
0.44	0.9	0.1	0.098431	0.2	80	65.4	9.1	500	3.5	8.61	0.003304	0.00011431	0.00329317	2	0.15	0.1	0.00109111	0.2	0.00180006	0.45	0.00374274	2	4.5	0.001	0.05145225	0.39	1	0.00056178	0.001	0.001	0.071226	0.76166283	0.09990812	9.66630067	0.1	0.01	0.01	0.01	1e-05	0.01	0.00381253	0.05	0.5	1e-04	100	5e-06	0.001
0.44	0.9	0.1	0.098431	0.2	80	65.4	9.1	500	3.5	8.61	0.003304	0.00011898	0.00333645	2	0.15	0.1	0.00117785	0.2	0.00291798	0.45	0.00177309	2	4.5	0.001	0.05919858	0.39	1	0.00056178	0.001	0.001	0.071226	0.76166283	0.09990812	9.66630067	0.1	0.01	0.01	0.01	1e-05	0.01	0.00381253	0.05	0.5	1e-04	100	5e-06	0.001
0.44	0.9	0.1	0.098431	0.2	80	65.4	9.1	500	3.5	8.61	0.003304	0.00011431	0.003225	2	0.15	0.1	0.00109111	0.2	0.00697504	0.45	0.00166991	2	4.5	0.001	0.0863909	0.39	1	0.00056178	0.001	0.001	0.071226	0.76166283	0.09990812	9.66630067	0.1	0.01	0.01	0.01	1e-05	0.01	0.00381253	0.05	0.5	1e-04	100	5e-06	0.001
0.44	0.9	0.1	0.098431	0.2	80	65.4	9.1	500	3.5	8.61	0.003304	0.00011431	0.00378186	2	0.15	0.1	0.00109111	0.2	0.00375019	0.45	0.00132239	2	4.5	0.001	0.05515923	0.39	1	0.00056178	0.001	0.001	0.071226	0.76166283	0.09990812	9.66630067	0.1	0.01	0.01	0.01	1e-05	0.01	0.00381253	0.05	0.5	1e-04	100	5e-06	0.001
0.44	0.9	0.1	0.098431	0.2	80	65.4	9.1	500	3.5	8.61	0.003304	0.00011431	0.00310279	2	0.15	0.1	0.00109111	0.2	0.00180006	0.45	0.00296428	2	4.5	0.001	0.05145225	0.39	1	0.00056178	0.001	0.001	0.071226	0.76166283	0.09990812	9.66630067	0.1	0.01	0.01	0.01	1e-05	0.01	0.00381253	0.05	0.5	1e-04	100	5e-06	0.001
0.44	0.9	0.1	0.098431	0.2	80	65.4	9.1	500	3.5	8.61	0.003304	0.00011399	0.00298256	2	0.15	0.1	0.00108519	0.2	0.00258643	0.45	0.00182543	2	4.5	0.001	0.07562164	0.39	1	0.00056178	0.001	0.001	0.071226	0.76166283	0.09990812	9.66630067	0.1	0.01	0.01	0.01	1e-05	0.01	0.00381253	0.05	0.5	1e-04	100	5e-06	0.001
0.44	0.9	0.1	0.098431	0.2	80	65.4	9.1	500	3.5	8.61	0.003304	0.00011431	0.00344287	2	0.15	0.1	0.00109111	0.2	0.00180006	0.45	0.00380081	2	4.5	0.001	0.05145225	0.39	1	0.00056178	0.001	0.001	0.071226	0.76166283	0.09990812	9.66630067	0.1	0.01	0.01	0.01	1e-05	0.01	0.00381253	0.05	0.5	1e-04	100	5e-06	0.001
0.44	0.9	0.1	0.098431	0.2	80	65.4	9.1	500	3.5	8.61	0.003304	0.00011431	0.00344287	2	0.15	0.1	0.00109111	0.2	0.00180006	0.45	0.00380081	2	4.5	0.001	0.05145225	0.39	1	0.00056178	0.001	0.001	0.071226	0.76166283	0.09990812	9.66630067	0.1	0.01	0.01	0.01	1e-05	0.01	0.00381253	0.05	0.5	1e-04	100	5e-06	0.001
0.44	0.9	0.1	0.098431	0.2	80	65.4	9.1	500	3.5	8.61	0.003304	0.00011426	0.00334598	2	0.15	0.1	0.00111579	0.2	0.00347931	0.45	0.00130264	2	4.5	0.001	0.05463092	0.39	1	0.00056178	0.001	0.001	0.071226	0.76166283	0.09990812	9.66630067	0.1	0.01	0.01	0.01	1e-05	0.01	0.00381253	0.05	0.5	1e-04	100	5e-06	0.001
