OBJ_Critical= 0.443917189646346 0.4287
fOBJ	LF0	r0	fRa	fINP	VP	KP1	fKM	PAR2	Qmax	Kba	Kdes	rE	pEP	fpEM	fD	gD	Vg	alpha	KD	Yg	Ygsl	Q10	gamma	beta	WPA2D	tau	wdorm	VNup_MB	KsNH4_MB	KsNO3_MB	VNif	VNit	VDenit1	fpENZN	KsNif	KsNit	KsDenit1	KsDenit2	VNup_VG	KsNH4_VG	KsNO3_VG	rNleach	bNup_VG	Qmax_NH4	Kba_NH4	Kp2u	Ku2p
0.429	0.9	0.1	0.2008545	0.4	80	65.4	9.1	500	3.5	8.61	0.003304	0.00010156	0.00125516	2	0.15	0.1	0.00140361	0.2	0.00158032	0.45	0.01444356	2	4.5	0.001	0.59781436	0.39	1	0.00015335	0.001	0.001	0.02115956	0.26789905	0.0490008	9.99584182	0.1	0.01	0.01	0.01	1e-05	0.01	0.00140765	0.05	0.5	1e-04	100	5e-06	0.001
0.429	0.9	0.1	0.2008545	0.4	80	65.4	9.1	500	3.5	8.61	0.003304	0.00010242	0.0012695	2	0.15	0.1	0.00140212	0.2	0.00159278	0.45	0.01441916	2	4.5	0.001	0.59135032	0.39	1	0.00015335	0.001	0.001	0.02115956	0.26789905	0.0490008	9.99584182	0.1	0.01	0.01	0.01	1e-05	0.01	0.00140765	0.05	0.5	1e-04	100	5e-06	0.001
0.429	0.9	0.1	0.2008545	0.4	80	65.4	9.1	500	3.5	8.61	0.003304	0.00010131	0.00124861	2	0.15	0.1	0.00140522	0.2	0.00159844	0.45	0.01449067	2	4.5	0.001	0.59891049	0.39	1	0.00015335	0.001	0.001	0.02115956	0.26789905	0.0490008	9.99584182	0.1	0.01	0.01	0.01	1e-05	0.01	0.00140765	0.05	0.5	1e-04	100	5e-06	0.001
0.429	0.9	0.1	0.2008545	0.4	80	65.4	9.1	500	3.5	8.61	0.003304	0.00010166	0.00125423	2	0.15	0.1	0.00140378	0.2	0.00158104	0.45	0.01445007	2	4.5	0.001	0.59742796	0.39	1	0.00015335	0.001	0.001	0.02115956	0.26789905	0.0490008	9.99584182	0.1	0.01	0.01	0.01	1e-05	0.01	0.00140765	0.05	0.5	1e-04	100	5e-06	0.001
0.429	0.9	0.1	0.2008545	0.4	80	65.4	9.1	500	3.5	8.61	0.003304	0.00010164	0.00125491	2	0.15	0.1	0.00139953	0.2	0.00155269	0.45	0.01445354	2	4.5	0.001	0.59590561	0.39	1	0.00015335	0.001	0.001	0.02115956	0.26789905	0.0490008	9.99584182	0.1	0.01	0.01	0.01	1e-05	0.01	0.00140765	0.05	0.5	1e-04	100	5e-06	0.001
0.429	0.9	0.1	0.2008545	0.4	80	65.4	9.1	500	3.5	8.61	0.003304	0.00010173	0.00125726	2	0.15	0.1	0.00140297	0.2	0.00156485	0.45	0.01443908	2	4.5	0.001	0.59493185	0.39	1	0.00015335	0.001	0.001	0.02115956	0.26789905	0.0490008	9.99584182	0.1	0.01	0.01	0.01	1e-05	0.01	0.00140765	0.05	0.5	1e-04	100	5e-06	0.001
0.429	0.9	0.1	0.2008545	0.4	80	65.4	9.1	500	3.5	8.61	0.003304	0.00010156	0.00125516	2	0.15	0.1	0.00140361	0.2	0.00158032	0.45	0.01444356	2	4.5	0.001	0.59781436	0.39	1	0.00015335	0.001	0.001	0.02115956	0.26789905	0.0490008	9.99584182	0.1	0.01	0.01	0.01	1e-05	0.01	0.00140765	0.05	0.5	1e-04	100	5e-06	0.001
0.429	0.9	0.1	0.2008545	0.4	80	65.4	9.1	500	3.5	8.61	0.003304	0.00010242	0.0012695	2	0.15	0.1	0.00140212	0.2	0.00159278	0.45	0.01441916	2	4.5	0.001	0.59135032	0.39	1	0.00015335	0.001	0.001	0.02115956	0.26789905	0.0490008	9.99584182	0.1	0.01	0.01	0.01	1e-05	0.01	0.00140765	0.05	0.5	1e-04	100	5e-06	0.001
0.429	0.9	0.1	0.2008545	0.4	80	65.4	9.1	500	3.5	8.61	0.003304	0.000101	0.00124183	2	0.15	0.1	0.00140357	0.2	0.00160088	0.45	0.01451056	2	4.5	0.001	0.59989491	0.39	1	0.00015335	0.001	0.001	0.02115956	0.26789905	0.0490008	9.99584182	0.1	0.01	0.01	0.01	1e-05	0.01	0.00140765	0.05	0.5	1e-04	100	5e-06	0.001
0.429	0.9	0.1	0.2008545	0.4	80	65.4	9.1	500	3.5	8.61	0.003304	0.00010224	0.0012569	2	0.15	0.1	0.00140499	0.2	0.00162601	0.45	0.01448224	2	4.5	0.001	0.59738719	0.39	1	0.00015335	0.001	0.001	0.02115956	0.26789905	0.0490008	9.99584182	0.1	0.01	0.01	0.01	1e-05	0.01	0.00140765	0.05	0.5	1e-04	100	5e-06	0.001
0.429	0.9	0.1	0.2008545	0.4	80	65.4	9.1	500	3.5	8.61	0.003304	0.00010185	0.00125108	2	0.15	0.1	0.0014067	0.2	0.0016203	0.45	0.01441787	2	4.5	0.001	0.59846306	0.39	1	0.00015335	0.001	0.001	0.02115956	0.26789905	0.0490008	9.99584182	0.1	0.01	0.01	0.01	1e-05	0.01	0.00140765	0.05	0.5	1e-04	100	5e-06	0.001
0.429	0.9	0.1	0.2008545	0.4	80	65.4	9.1	500	3.5	8.61	0.003304	0.00010112	0.00124581	2	0.15	0.1	0.00140505	0.2	0.00161588	0.45	0.01450451	2	4.5	0.001	0.5987067	0.39	1	0.00015335	0.001	0.001	0.02115956	0.26789905	0.0490008	9.99584182	0.1	0.01	0.01	0.01	1e-05	0.01	0.00140765	0.05	0.5	1e-04	100	5e-06	0.001
0.429	0.9	0.1	0.2008545	0.4	80	65.4	9.1	500	3.5	8.61	0.003304	0.00010131	0.00124861	2	0.15	0.1	0.00140522	0.2	0.00159844	0.45	0.01449067	2	4.5	0.001	0.59891049	0.39	1	0.00015335	0.001	0.001	0.02115956	0.26789905	0.0490008	9.99584182	0.1	0.01	0.01	0.01	1e-05	0.01	0.00140765	0.05	0.5	1e-04	100	5e-06	0.001
0.429	0.9	0.1	0.2008545	0.4	80	65.4	9.1	500	3.5	8.61	0.003304	0.00010116	0.00124768	2	0.15	0.1	0.00140068	0.2	0.00155475	0.45	0.01450961	2	4.5	0.001	0.59785671	0.39	1	0.00015335	0.001	0.001	0.02115956	0.26789905	0.0490008	9.99584182	0.1	0.01	0.01	0.01	1e-05	0.01	0.00140765	0.05	0.5	1e-04	100	5e-06	0.001
0.429	0.9	0.1	0.2008545	0.4	80	65.4	9.1	500	3.5	8.61	0.003304	0.00010187	0.0012569	2	0.15	0.1	0.00140168	0.2	0.00162601	0.45	0.0144847	2	4.5	0.001	0.59738719	0.39	1	0.00015335	0.001	0.001	0.02115956	0.26789905	0.0490008	9.99584182	0.1	0.01	0.01	0.01	1e-05	0.01	0.00140765	0.05	0.5	1e-04	100	5e-06	0.001
0.429	0.9	0.1	0.2008545	0.4	80	65.4	9.1	500	3.5	8.61	0.003304	0.00010166	0.00125423	2	0.15	0.1	0.00140378	0.2	0.00158104	0.45	0.01445007	2	4.5	0.001	0.59742796	0.39	1	0.00015335	0.001	0.001	0.02115956	0.26789905	0.0490008	9.99584182	0.1	0.01	0.01	0.01	1e-05	0.01	0.00140765	0.05	0.5	1e-04	100	5e-06	0.001
0.429	0.9	0.1	0.2008545	0.4	80	65.4	9.1	500	3.5	8.61	0.003304	0.00010168	0.00125543	2	0.15	0.1	0.00140242	0.2	0.00157599	0.45	0.01445754	2	4.5	0.001	0.59619597	0.39	1	0.00015335	0.001	0.001	0.02115956	0.26789905	0.0490008	9.99584182	0.1	0.01	0.01	0.01	1e-05	0.01	0.00140765	0.05	0.5	1e-04	100	5e-06	0.001
0.429	0.9	0.1	0.2008545	0.4	80	65.4	9.1	500	3.5	8.61	0.003304	0.00010115	0.00124932	2	0.15	0.1	0.0014041	0.2	0.00159972	0.45	0.01447709	2	4.5	0.001	0.59856853	0.39	1	0.00015335	0.001	0.001	0.02115956	0.26789905	0.0490008	9.99584182	0.1	0.01	0.01	0.01	1e-05	0.01	0.00140765	0.05	0.5	1e-04	100	5e-06	0.001
0.429	0.9	0.1	0.2008545	0.4	80	65.4	9.1	500	3.5	8.61	0.003304	0.00010134	0.00125108	2	0.15	0.1	0.00140766	0.2	0.0016203	0.45	0.01447492	2	4.5	0.001	0.59846306	0.39	1	0.00015335	0.001	0.001	0.02115956	0.26789905	0.0490008	9.99584182	0.1	0.01	0.01	0.01	1e-05	0.01	0.00140765	0.05	0.5	1e-04	100	5e-06	0.001
0.429	0.9	0.1	0.2008545	0.4	80	65.4	9.1	500	3.5	8.61	0.003304	0.00010094	0.00124861	2	0.15	0.1	0.00140326	0.2	0.00159844	0.45	0.01453192	2	4.5	0.001	0.59891049	0.39	1	0.00015335	0.001	0.001	0.02115956	0.26789905	0.0490008	9.99584182	0.1	0.01	0.01	0.01	1e-05	0.01	0.00140765	0.05	0.5	1e-04	100	5e-06	0.001
0.429	0.9	0.1	0.2008545	0.4	80	65.4	9.1	500	3.5	8.61	0.003304	0.00010164	0.00125491	2	0.15	0.1	0.00139953	0.2	0.00155269	0.45	0.01445354	2	4.5	0.001	0.59590561	0.39	1	0.00015335	0.001	0.001	0.02115956	0.26789905	0.0490008	9.99584182	0.1	0.01	0.01	0.01	1e-05	0.01	0.00140765	0.05	0.5	1e-04	100	5e-06	0.001
0.429	0.9	0.1	0.2008545	0.4	80	65.4	9.1	500	3.5	8.61	0.003304	0.00010119	0.00124917	2	0.15	0.1	0.00139881	0.2	0.00155	0.45	0.01446775	2	4.5	0.001	0.59797529	0.39	1	0.00015335	0.001	0.001	0.02115956	0.26789905	0.0490008	9.99584182	0.1	0.01	0.01	0.01	1e-05	0.01	0.00140765	0.05	0.5	1e-04	100	5e-06	0.001
0.429	0.9	0.1	0.2008545	0.4	80	65.4	9.1	500	3.5	8.61	0.003304	0.0001015	0.00125336	2	0.15	0.1	0.00140819	0.2	0.00165025	0.45	0.01448006	2	4.5	0.001	0.59755063	0.39	1	0.00015335	0.001	0.001	0.02115956	0.26789905	0.0490008	9.99584182	0.1	0.01	0.01	0.01	1e-05	0.01	0.00140765	0.05	0.5	1e-04	100	5e-06	0.001
0.429	0.9	0.1	0.2008545	0.4	80	65.4	9.1	500	3.5	8.61	0.003304	0.00010163	0.00125672	2	0.15	0.1	0.00140123	0.2	0.00158503	0.45	0.01446165	2	4.5	0.001	0.59672625	0.39	1	0.00015335	0.001	0.001	0.02115956	0.26789905	0.0490008	9.99584182	0.1	0.01	0.01	0.01	1e-05	0.01	0.00140765	0.05	0.5	1e-04	100	5e-06	0.001
0.429	0.9	0.1	0.2008545	0.4	80	65.4	9.1	500	3.5	8.61	0.003304	0.00010153	0.00125512	2	0.15	0.1	0.0014023	0.2	0.0016221	0.45	0.01447139	2	4.5	0.001	0.59742793	0.39	1	0.00015335	0.001	0.001	0.02115956	0.26789905	0.0490008	9.99584182	0.1	0.01	0.01	0.01	1e-05	0.01	0.00140765	0.05	0.5	1e-04	100	5e-06	0.001
0.429	0.9	0.1	0.2008545	0.4	80	65.4	9.1	500	3.5	8.61	0.003304	0.00010187	0.00126011	2	0.15	0.1	0.00140508	0.2	0.00162155	0.45	0.01446182	2	4.5	0.001	0.59531287	0.39	1	0.00015335	0.001	0.001	0.02115956	0.26789905	0.0490008	9.99584182	0.1	0.01	0.01	0.01	1e-05	0.01	0.00140765	0.05	0.5	1e-04	100	5e-06	0.001
0.429	0.9	0.1	0.2008545	0.4	80	65.4	9.1	500	3.5	8.61	0.003304	0.00010074	0.00124768	2	0.15	0.1	0.00139355	0.2	0.00155475	0.45	0.01452829	2	4.5	0.001	0.59785671	0.39	1	0.00015335	0.001	0.001	0.02115956	0.26789905	0.0490008	9.99584182	0.1	0.01	0.01	0.01	1e-05	0.01	0.00140765	0.05	0.5	1e-04	100	5e-06	0.001
0.429	0.9	0.1	0.2008545	0.4	80	65.4	9.1	500	3.5	8.61	0.003304	0.00010188	0.00126019	2	0.15	0.1	0.00140536	0.2	0.00161452	0.45	0.01443472	2	4.5	0.001	0.59548001	0.39	1	0.00015335	0.001	0.001	0.02115956	0.26789905	0.0490008	9.99584182	0.1	0.01	0.01	0.01	1e-05	0.01	0.00140765	0.05	0.5	1e-04	100	5e-06	0.001
0.429	0.9	0.1	0.2008545	0.4	80	65.4	9.1	500	3.5	8.61	0.003304	0.00010436	0.00129346	2	0.15	0.1	0.00140849	0.2	0.00180494	0.45	0.01503291	2	4.5	0.001	0.59274255	0.39	1	0.00015335	0.001	0.001	0.02115956	0.26789905	0.0490008	9.99584182	0.1	0.01	0.01	0.01	1e-05	0.01	0.00140765	0.05	0.5	1e-04	100	5e-06	0.001
0.429	0.9	0.1	0.2008545	0.4	80	65.4	9.1	500	3.5	8.61	0.003304	0.00010535	0.00130745	2	0.15	0.1	0.00141181	0.2	0.00186835	0.45	0.01523161	2	4.5	0.001	0.59228994	0.39	1	0.00015335	0.001	0.001	0.02115956	0.26789905	0.0490008	9.99584182	0.1	0.01	0.01	0.01	1e-05	0.01	0.00140765	0.05	0.5	1e-04	100	5e-06	0.001
0.429	0.9	0.1	0.2008545	0.4	80	65.4	9.1	500	3.5	8.61	0.003304	0.00010331	0.00128515	2	0.15	0.1	0.00139977	0.2	0.00173685	0.45	0.01498035	2	4.5	0.001	0.59040601	0.39	1	0.00015335	0.001	0.001	0.02115956	0.26789905	0.0490008	9.99584182	0.1	0.01	0.01	0.01	1e-05	0.01	0.00140765	0.05	0.5	1e-04	100	5e-06	0.001
0.429	0.9	0.1	0.2008545	0.4	80	65.4	9.1	500	3.5	8.61	0.003304	0.00010436	0.00129346	2	0.15	0.1	0.00140849	0.2	0.00180494	0.45	0.01503291	2	4.5	0.001	0.59274255	0.39	1	0.00015335	0.001	0.001	0.02115956	0.26789905	0.0490008	9.99584182	0.1	0.01	0.01	0.01	1e-05	0.01	0.00140765	0.05	0.5	1e-04	100	5e-06	0.001
0.429	0.9	0.1	0.2008545	0.4	80	65.4	9.1	500	3.5	8.61	0.003304	0.00010483	0.00130118	2	0.15	0.1	0.0014133	0.2	0.00181057	0.45	0.01526407	2	4.5	0.001	0.5936212	0.39	1	0.00015335	0.001	0.001	0.02115956	0.26789905	0.0490008	9.99584182	0.1	0.01	0.01	0.01	1e-05	0.01	0.00140765	0.05	0.5	1e-04	100	5e-06	0.001
0.429	0.9	0.1	0.2008545	0.4	80	65.4	9.1	500	3.5	8.61	0.003304	0.00010294	0.00127531	2	0.15	0.1	0.00140764	0.2	0.00169842	0.45	0.01467524	2	4.5	0.001	0.59243519	0.39	1	0.00015335	0.001	0.001	0.02115956	0.26789905	0.0490008	9.99584182	0.1	0.01	0.01	0.01	1e-05	0.01	0.00140765	0.05	0.5	1e-04	100	5e-06	0.001
0.429	0.9	0.1	0.2008545	0.4	80	65.4	9.1	500	3.5	8.61	0.003304	0.00010495	0.00130469	2	0.15	0.1	0.00140932	0.2	0.0017857	0.45	0.01522242	2	4.5	0.001	0.59352893	0.39	1	0.00015335	0.001	0.001	0.02115956	0.26789905	0.0490008	9.99584182	0.1	0.01	0.01	0.01	1e-05	0.01	0.00140765	0.05	0.5	1e-04	100	5e-06	0.001
0.429	0.9	0.1	0.2008545	0.4	80	65.4	9.1	500	3.5	8.61	0.003304	0.00010482	0.00129835	2	0.15	0.1	0.00141732	0.2	0.00177584	0.45	0.01502118	2	4.5	0.001	0.59505128	0.39	1	0.00015335	0.001	0.001	0.02115956	0.26789905	0.0490008	9.99584182	0.1	0.01	0.01	0.01	1e-05	0.01	0.00140765	0.05	0.5	1e-04	100	5e-06	0.001
0.429	0.9	0.1	0.2008545	0.4	80	65.4	9.1	500	3.5	8.61	0.003304	0.00010535	0.00130745	2	0.15	0.1	0.00141181	0.2	0.00186835	0.45	0.01523161	2	4.5	0.001	0.59228994	0.39	1	0.00015335	0.001	0.001	0.02115956	0.26789905	0.0490008	9.99584182	0.1	0.01	0.01	0.01	1e-05	0.01	0.00140765	0.05	0.5	1e-04	100	5e-06	0.001
0.429	0.9	0.1	0.2008545	0.4	80	65.4	9.1	500	3.5	8.61	0.003304	0.00010414	0.00129208	2	0.15	0.1	0.00140196	0.2	0.00165191	0.45	0.01519931	2	4.5	0.001	0.59388331	0.39	1	0.00015335	0.001	0.001	0.02115956	0.26789905	0.0490008	9.99584182	0.1	0.01	0.01	0.01	1e-05	0.01	0.00140765	0.05	0.5	1e-04	100	5e-06	0.001
0.429	0.9	0.1	0.2008545	0.4	80	65.4	9.1	500	3.5	8.61	0.003304	0.00010389	0.00128935	2	0.15	0.1	0.00140232	0.2	0.00167708	0.45	0.0150053	2	4.5	0.001	0.59249704	0.39	1	0.00015335	0.001	0.001	0.02115956	0.26789905	0.0490008	9.99584182	0.1	0.01	0.01	0.01	1e-05	0.01	0.00140765	0.05	0.5	1e-04	100	5e-06	0.001
0.429	0.9	0.1	0.2008545	0.4	80	65.4	9.1	500	3.5	8.61	0.003304	0.00010345	0.00128612	2	0.15	0.1	0.00139703	0.2	0.00162773	0.45	0.01493522	2	4.5	0.001	0.59329825	0.39	1	0.00015335	0.001	0.001	0.02115956	0.26789905	0.0490008	9.99584182	0.1	0.01	0.01	0.01	1e-05	0.01	0.00140765	0.05	0.5	1e-04	100	5e-06	0.001
0.429	0.9	0.1	0.2008545	0.4	80	65.4	9.1	500	3.5	8.61	0.003304	0.00010342	0.00128355	2	0.15	0.1	0.00140476	0.2	0.00168045	0.45	0.01489648	2	4.5	0.001	0.59212811	0.39	1	0.00015335	0.001	0.001	0.02115956	0.26789905	0.0490008	9.99584182	0.1	0.01	0.01	0.01	1e-05	0.01	0.00140765	0.05	0.5	1e-04	100	5e-06	0.001
0.429	0.9	0.1	0.2008545	0.4	80	65.4	9.1	500	3.5	8.61	0.003304	0.00010307	0.00127319	2	0.15	0.1	0.00140471	0.2	0.00163197	0.45	0.01456987	2	4.5	0.001	0.59383505	0.39	1	0.00015335	0.001	0.001	0.02115956	0.26789905	0.0490008	9.99584182	0.1	0.01	0.01	0.01	1e-05	0.01	0.00140765	0.05	0.5	1e-04	100	5e-06	0.001
0.429	0.9	0.1	0.2008545	0.4	80	65.4	9.1	500	3.5	8.61	0.003304	0.00010314	0.00127645	2	0.15	0.1	0.0014042	0.2	0.00166543	0.45	0.01465218	2	4.5	0.001	0.59280642	0.39	1	0.00015335	0.001	0.001	0.02115956	0.26789905	0.0490008	9.99584182	0.1	0.01	0.01	0.01	1e-05	0.01	0.00140765	0.05	0.5	1e-04	100	5e-06	0.001
0.429	0.9	0.1	0.2008545	0.4	80	65.4	9.1	500	3.5	8.61	0.003304	0.00010331	0.00128515	2	0.15	0.1	0.00139977	0.2	0.00173685	0.45	0.01498035	2	4.5	0.001	0.59040601	0.39	1	0.00015335	0.001	0.001	0.02115956	0.26789905	0.0490008	9.99584182	0.1	0.01	0.01	0.01	1e-05	0.01	0.00140765	0.05	0.5	1e-04	100	5e-06	0.001
0.429	0.9	0.1	0.2008545	0.4	80	65.4	9.1	500	3.5	8.61	0.003304	0.00010436	0.00129346	2	0.15	0.1	0.00140849	0.2	0.00180494	0.45	0.01503291	2	4.5	0.001	0.59274255	0.39	1	0.00015335	0.001	0.001	0.02115956	0.26789905	0.0490008	9.99584182	0.1	0.01	0.01	0.01	1e-05	0.01	0.00140765	0.05	0.5	1e-04	100	5e-06	0.001
0.429	0.9	0.1	0.2008545	0.4	80	65.4	9.1	500	3.5	8.61	0.003304	0.00010448	0.0012937	2	0.15	0.1	0.00140824	0.2	0.00174773	0.45	0.01491784	2	4.5	0.001	0.59444128	0.39	1	0.00015335	0.001	0.001	0.02115956	0.26789905	0.0490008	9.99584182	0.1	0.01	0.01	0.01	1e-05	0.01	0.00140765	0.05	0.5	1e-04	100	5e-06	0.001
0.429	0.9	0.1	0.2008545	0.4	80	65.4	9.1	500	3.5	8.61	0.003304	0.00010483	0.00130118	2	0.15	0.1	0.0014133	0.2	0.00181057	0.45	0.01526407	2	4.5	0.001	0.5936212	0.39	1	0.00015335	0.001	0.001	0.02115956	0.26789905	0.0490008	9.99584182	0.1	0.01	0.01	0.01	1e-05	0.01	0.00140765	0.05	0.5	1e-04	100	5e-06	0.001
0.429	0.9	0.1	0.2008545	0.4	80	65.4	9.1	500	3.5	8.61	0.003304	0.00010233	0.00127169	2	0.15	0.1	0.00139457	0.2	0.00152651	0.45	0.01486196	2	4.5	0.001	0.59298802	0.39	1	0.00015335	0.001	0.001	0.02115956	0.26789905	0.0490008	9.99584182	0.1	0.01	0.01	0.01	1e-05	0.01	0.00140765	0.05	0.5	1e-04	100	5e-06	0.001
0.429	0.9	0.1	0.2008545	0.4	80	65.4	9.1	500	3.5	8.61	0.003304	0.00010294	0.00127531	2	0.15	0.1	0.00140764	0.2	0.00169842	0.45	0.01467524	2	4.5	0.001	0.59243519	0.39	1	0.00015335	0.001	0.001	0.02115956	0.26789905	0.0490008	9.99584182	0.1	0.01	0.01	0.01	1e-05	0.01	0.00140765	0.05	0.5	1e-04	100	5e-06	0.001
0.429	0.9	0.1	0.2008545	0.4	80	65.4	9.1	500	3.5	8.61	0.003304	0.00010399	0.00129246	2	0.15	0.1	0.00140726	0.2	0.00173748	0.45	0.01500071	2	4.5	0.001	0.59286978	0.39	1	0.00015335	0.001	0.001	0.02115956	0.26789905	0.0490008	9.99584182	0.1	0.01	0.01	0.01	1e-05	0.01	0.00140765	0.05	0.5	1e-04	100	5e-06	0.001
0.429	0.9	0.1	0.2008545	0.4	80	65.4	9.1	500	3.5	8.61	0.003304	0.00010495	0.00130469	2	0.15	0.1	0.00140932	0.2	0.0017857	0.45	0.01522242	2	4.5	0.001	0.59352893	0.39	1	0.00015335	0.001	0.001	0.02115956	0.26789905	0.0490008	9.99584182	0.1	0.01	0.01	0.01	1e-05	0.01	0.00140765	0.05	0.5	1e-04	100	5e-06	0.001
0.429	0.9	0.1	0.2008545	0.4	80	65.4	9.1	500	3.5	8.61	0.003304	0.00010482	0.00129835	2	0.15	0.1	0.00141732	0.2	0.00177584	0.45	0.01502118	2	4.5	0.001	0.59505128	0.39	1	0.00015335	0.001	0.001	0.02115956	0.26789905	0.0490008	9.99584182	0.1	0.01	0.01	0.01	1e-05	0.01	0.00140765	0.05	0.5	1e-04	100	5e-06	0.001
0.429	0.9	0.1	0.2008545	0.4	80	65.4	9.1	500	3.5	8.61	0.003304	0.00010404	0.0012909	2	0.15	0.1	0.00140923	0.2	0.00174538	0.45	0.01489625	2	4.5	0.001	0.59344756	0.39	1	0.00015335	0.001	0.001	0.02115956	0.26789905	0.0490008	9.99584182	0.1	0.01	0.01	0.01	1e-05	0.01	0.00140765	0.05	0.5	1e-04	100	5e-06	0.001
0.429	0.9	0.1	0.2008545	0.4	80	65.4	9.1	500	3.5	8.61	0.003304	0.00010443	0.00129914	2	0.15	0.1	0.00140657	0.2	0.00178115	0.45	0.01513662	2	4.5	0.001	0.59271627	0.39	1	0.00015335	0.001	0.001	0.02115956	0.26789905	0.0490008	9.99584182	0.1	0.01	0.01	0.01	1e-05	0.01	0.00140765	0.05	0.5	1e-04	100	5e-06	0.001
0.429	0.9	0.1	0.2008545	0.4	80	65.4	9.1	500	3.5	8.61	0.003304	0.00010471	0.00129997	2	0.15	0.1	0.00141009	0.2	0.00172041	0.45	0.01557816	2	4.5	0.001	0.59485514	0.39	1	0.00015335	0.001	0.001	0.02115956	0.26789905	0.0490008	9.99584182	0.1	0.01	0.01	0.01	1e-05	0.01	0.00140765	0.05	0.5	1e-04	100	5e-06	0.001
0.429	0.9	0.1	0.2008545	0.4	80	65.4	9.1	500	3.5	8.61	0.003304	0.00010414	0.00129208	2	0.15	0.1	0.00140196	0.2	0.00165191	0.45	0.01519931	2	4.5	0.001	0.59388331	0.39	1	0.00015335	0.001	0.001	0.02115956	0.26789905	0.0490008	9.99584182	0.1	0.01	0.01	0.01	1e-05	0.01	0.00140765	0.05	0.5	1e-04	100	5e-06	0.001
0.429	0.9	0.1	0.2008545	0.4	80	65.4	9.1	500	3.5	8.61	0.003304	0.00010293	0.00127955	2	0.15	0.1	0.00139461	0.2	0.00155907	0.45	0.01520509	2	4.5	0.001	0.59265409	0.39	1	0.00015335	0.001	0.001	0.02115956	0.26789905	0.0490008	9.99584182	0.1	0.01	0.01	0.01	1e-05	0.01	0.00140765	0.05	0.5	1e-04	100	5e-06	0.001
0.429	0.9	0.1	0.2008545	0.4	80	65.4	9.1	500	3.5	8.61	0.003304	0.00010325	0.00127902	2	0.15	0.1	0.00140345	0.2	0.00160647	0.45	0.01487724	2	4.5	0.001	0.59384303	0.39	1	0.00015335	0.001	0.001	0.02115956	0.26789905	0.0490008	9.99584182	0.1	0.01	0.01	0.01	1e-05	0.01	0.00140765	0.05	0.5	1e-04	100	5e-06	0.001
0.429	0.9	0.1	0.2008545	0.4	80	65.4	9.1	500	3.5	8.61	0.003304	0.00010348	0.00128592	2	0.15	0.1	0.0013989	0.2	0.00162812	0.45	0.01503937	2	4.5	0.001	0.59328985	0.39	1	0.00015335	0.001	0.001	0.02115956	0.26789905	0.0490008	9.99584182	0.1	0.01	0.01	0.01	1e-05	0.01	0.00140765	0.05	0.5	1e-04	100	5e-06	0.001
0.429	0.9	0.1	0.2008545	0.4	80	65.4	9.1	500	3.5	8.61	0.003304	0.00010443	0.00129773	2	0.15	0.1	0.00140532	0.2	0.00173668	0.45	0.01529148	2	4.5	0.001	0.59225932	0.39	1	0.00015335	0.001	0.001	0.02115956	0.26789905	0.0490008	9.99584182	0.1	0.01	0.01	0.01	1e-05	0.01	0.00140765	0.05	0.5	1e-04	100	5e-06	0.001
0.429	0.9	0.1	0.2008545	0.4	80	65.4	9.1	500	3.5	8.61	0.003304	0.00010307	0.00127955	2	0.15	0.1	0.00139926	0.2	0.00160128	0.45	0.01489498	2	4.5	0.001	0.59336333	0.39	1	0.00015335	0.001	0.001	0.02115956	0.26789905	0.0490008	9.99584182	0.1	0.01	0.01	0.01	1e-05	0.01	0.00140765	0.05	0.5	1e-04	100	5e-06	0.001
0.429	0.9	0.1	0.2008545	0.4	80	65.4	9.1	500	3.5	8.61	0.003304	0.00010389	0.00128935	2	0.15	0.1	0.00140232	0.2	0.00167708	0.45	0.0150053	2	4.5	0.001	0.59249704	0.39	1	0.00015335	0.001	0.001	0.02115956	0.26789905	0.0490008	9.99584182	0.1	0.01	0.01	0.01	1e-05	0.01	0.00140765	0.05	0.5	1e-04	100	5e-06	0.001
0.429	0.9	0.1	0.2008545	0.4	80	65.4	9.1	500	3.5	8.61	0.003304	0.00010418	0.00129197	2	0.15	0.1	0.0014077	0.2	0.00175473	0.45	0.01514512	2	4.5	0.001	0.59252606	0.39	1	0.00015335	0.001	0.001	0.02115956	0.26789905	0.0490008	9.99584182	0.1	0.01	0.01	0.01	1e-05	0.01	0.00140765	0.05	0.5	1e-04	100	5e-06	0.001
0.429	0.9	0.1	0.2008545	0.4	80	65.4	9.1	500	3.5	8.61	0.003304	0.00010295	0.00127545	2	0.15	0.1	0.00139822	0.2	0.00160991	0.45	0.01469416	2	4.5	0.001	0.59191279	0.39	1	0.00015335	0.001	0.001	0.02115956	0.26789905	0.0490008	9.99584182	0.1	0.01	0.01	0.01	1e-05	0.01	0.00140765	0.05	0.5	1e-04	100	5e-06	0.001
0.429	0.9	0.1	0.2008545	0.4	80	65.4	9.1	500	3.5	8.61	0.003304	0.00010415	0.00129041	2	0.15	0.1	0.00140728	0.2	0.00172024	0.45	0.01503298	2	4.5	0.001	0.59346488	0.39	1	0.00015335	0.001	0.001	0.02115956	0.26789905	0.0490008	9.99584182	0.1	0.01	0.01	0.01	1e-05	0.01	0.00140765	0.05	0.5	1e-04	100	5e-06	0.001
0.429	0.9	0.1	0.2008545	0.4	80	65.4	9.1	500	3.5	8.61	0.003304	0.00010286	0.0012793	2	0.15	0.1	0.00139744	0.2	0.00155646	0.45	0.01503135	2	4.5	0.001	0.59288679	0.39	1	0.00015335	0.001	0.001	0.02115956	0.26789905	0.0490008	9.99584182	0.1	0.01	0.01	0.01	1e-05	0.01	0.00140765	0.05	0.5	1e-04	100	5e-06	0.001
0.429	0.9	0.1	0.2008545	0.4	80	65.4	9.1	500	3.5	8.61	0.003304	0.00010337	0.00128381	2	0.15	0.1	0.00140128	0.2	0.00168191	0.45	0.01495229	2	4.5	0.001	0.59204606	0.39	1	0.00015335	0.001	0.001	0.02115956	0.26789905	0.0490008	9.99584182	0.1	0.01	0.01	0.01	1e-05	0.01	0.00140765	0.05	0.5	1e-04	100	5e-06	0.001
0.429	0.9	0.1	0.2008545	0.4	80	65.4	9.1	500	3.5	8.61	0.003304	0.00010342	0.00128355	2	0.15	0.1	0.00140476	0.2	0.00168045	0.45	0.01489648	2	4.5	0.001	0.59212811	0.39	1	0.00015335	0.001	0.001	0.02115956	0.26789905	0.0490008	9.99584182	0.1	0.01	0.01	0.01	1e-05	0.01	0.00140765	0.05	0.5	1e-04	100	5e-06	0.001
0.429	0.9	0.1	0.2008545	0.4	80	65.4	9.1	500	3.5	8.61	0.003304	0.00010307	0.00127319	2	0.15	0.1	0.00140471	0.2	0.00163197	0.45	0.01456987	2	4.5	0.001	0.59383505	0.39	1	0.00015335	0.001	0.001	0.02115956	0.26789905	0.0490008	9.99584182	0.1	0.01	0.01	0.01	1e-05	0.01	0.00140765	0.05	0.5	1e-04	100	5e-06	0.001
0.429	0.9	0.1	0.2008545	0.4	80	65.4	9.1	500	3.5	8.61	0.003304	0.00010413	0.00129182	2	0.15	0.1	0.00140828	0.2	0.00176393	0.45	0.01505694	2	4.5	0.001	0.59266835	0.39	1	0.00015335	0.001	0.001	0.02115956	0.26789905	0.0490008	9.99584182	0.1	0.01	0.01	0.01	1e-05	0.01	0.00140765	0.05	0.5	1e-04	100	5e-06	0.001
0.429	0.9	0.1	0.2008545	0.4	80	65.4	9.1	500	3.5	8.61	0.003304	0.00010373	0.00128806	2	0.15	0.1	0.00140416	0.2	0.00169563	0.45	0.01495574	2	4.5	0.001	0.59300588	0.39	1	0.00015335	0.001	0.001	0.02115956	0.26789905	0.0490008	9.99584182	0.1	0.01	0.01	0.01	1e-05	0.01	0.00140765	0.05	0.5	1e-04	100	5e-06	0.001
0.429	0.9	0.1	0.2008545	0.4	80	65.4	9.1	500	3.5	8.61	0.003304	0.00010339	0.00128139	2	0.15	0.1	0.00140626	0.2	0.00170551	0.45	0.01481031	2	4.5	0.001	0.59252295	0.39	1	0.00015335	0.001	0.001	0.02115956	0.26789905	0.0490008	9.99584182	0.1	0.01	0.01	0.01	1e-05	0.01	0.00140765	0.05	0.5	1e-04	100	5e-06	0.001
0.429	0.9	0.1	0.2008545	0.4	80	65.4	9.1	500	3.5	8.61	0.003304	0.00010455	0.00129817	2	0.15	0.1	0.00140832	0.2	0.00176352	0.45	0.01514261	2	4.5	0.001	0.59317945	0.39	1	0.00015335	0.001	0.001	0.02115956	0.26789905	0.0490008	9.99584182	0.1	0.01	0.01	0.01	1e-05	0.01	0.00140765	0.05	0.5	1e-04	100	5e-06	0.001
0.429	0.9	0.1	0.2008545	0.4	80	65.4	9.1	500	3.5	8.61	0.003304	0.00010392	0.00129052	2	0.15	0.1	0.00140545	0.2	0.00171144	0.45	0.01496814	2	4.5	0.001	0.59329119	0.39	1	0.00015335	0.001	0.001	0.02115956	0.26789905	0.0490008	9.99584182	0.1	0.01	0.01	0.01	1e-05	0.01	0.00140765	0.05	0.5	1e-04	100	5e-06	0.001
0.429	0.9	0.1	0.2008545	0.4	80	65.4	9.1	500	3.5	8.61	0.003304	0.00010398	0.00129131	2	0.15	0.1	0.00140761	0.2	0.00170133	0.45	0.01499003	2	4.5	0.001	0.59396807	0.39	1	0.00015335	0.001	0.001	0.02115956	0.26789905	0.0490008	9.99584182	0.1	0.01	0.01	0.01	1e-05	0.01	0.00140765	0.05	0.5	1e-04	100	5e-06	0.001
0.429	0.9	0.1	0.2008545	0.4	80	65.4	9.1	500	3.5	8.61	0.003304	0.00010436	0.00129346	2	0.15	0.1	0.00140849	0.2	0.00180494	0.45	0.01503291	2	4.5	0.001	0.59274255	0.39	1	0.00015335	0.001	0.001	0.02115956	0.26789905	0.0490008	9.99584182	0.1	0.01	0.01	0.01	1e-05	0.01	0.00140765	0.05	0.5	1e-04	100	5e-06	0.001
0.429	0.9	0.1	0.2008545	0.4	80	65.4	9.1	500	3.5	8.61	0.003304	0.00010382	0.0012885	2	0.15	0.1	0.0014071	0.2	0.00171417	0.45	0.0149109	2	4.5	0.001	0.59359245	0.39	1	0.00015335	0.001	0.001	0.02115956	0.26789905	0.0490008	9.99584182	0.1	0.01	0.01	0.01	1e-05	0.01	0.00140765	0.05	0.5	1e-04	100	5e-06	0.001
0.429	0.9	0.1	0.2008545	0.4	80	65.4	9.1	500	3.5	8.61	0.003304	0.00010417	0.00129311	2	0.15	0.1	0.00140867	0.2	0.00174656	0.45	0.01499732	2	4.5	0.001	0.59313873	0.39	1	0.00015335	0.001	0.001	0.02115956	0.26789905	0.0490008	9.99584182	0.1	0.01	0.01	0.01	1e-05	0.01	0.00140765	0.05	0.5	1e-04	100	5e-06	0.001
0.429	0.9	0.1	0.2008545	0.4	80	65.4	9.1	500	3.5	8.61	0.003304	0.00010412	0.001295	2	0.15	0.1	0.00140944	0.2	0.0017598	0.45	0.01503159	2	4.5	0.001	0.59270155	0.39	1	0.00015335	0.001	0.001	0.02115956	0.26789905	0.0490008	9.99584182	0.1	0.01	0.01	0.01	1e-05	0.01	0.00140765	0.05	0.5	1e-04	100	5e-06	0.001
0.429	0.9	0.1	0.2008545	0.4	80	65.4	9.1	500	3.5	8.61	0.003304	0.00010452	0.00129738	2	0.15	0.1	0.00140591	0.2	0.00165704	0.45	0.0156691	2	4.5	0.001	0.59489345	0.39	1	0.00015335	0.001	0.001	0.02115956	0.26789905	0.0490008	9.99584182	0.1	0.01	0.01	0.01	1e-05	0.01	0.00140765	0.05	0.5	1e-04	100	5e-06	0.001
0.429	0.9	0.1	0.2008545	0.4	80	65.4	9.1	500	3.5	8.61	0.003304	0.00010377	0.00129267	2	0.15	0.1	0.00139836	0.2	0.00157083	0.45	0.01582364	2	4.5	0.001	0.59428062	0.39	1	0.00015335	0.001	0.001	0.02115956	0.26789905	0.0490008	9.99584182	0.1	0.01	0.01	0.01	1e-05	0.01	0.00140765	0.05	0.5	1e-04	100	5e-06	0.001
0.429	0.9	0.1	0.2008545	0.4	80	65.4	9.1	500	3.5	8.61	0.003304	0.00010341	0.00128147	2	0.15	0.1	0.0014008	0.2	0.0015914	0.45	0.01515108	2	4.5	0.001	0.59414823	0.39	1	0.00015335	0.001	0.001	0.02115956	0.26789905	0.0490008	9.99584182	0.1	0.01	0.01	0.01	1e-05	0.01	0.00140765	0.05	0.5	1e-04	100	5e-06	0.001
0.429	0.9	0.1	0.2008545	0.4	80	65.4	9.1	500	3.5	8.61	0.003304	0.00010428	0.00130022	2	0.15	0.1	0.00140111	0.2	0.001671	0.45	0.01575174	2	4.5	0.001	0.59317013	0.39	1	0.00015335	0.001	0.001	0.02115956	0.26789905	0.0490008	9.99584182	0.1	0.01	0.01	0.01	1e-05	0.01	0.00140765	0.05	0.5	1e-04	100	5e-06	0.001
0.429	0.9	0.1	0.2008545	0.4	80	65.4	9.1	500	3.5	8.61	0.003304	0.00010392	0.00129127	2	0.15	0.1	0.00140311	0.2	0.00165129	0.45	0.01537224	2	4.5	0.001	0.59375787	0.39	1	0.00015335	0.001	0.001	0.02115956	0.26789905	0.0490008	9.99584182	0.1	0.01	0.01	0.01	1e-05	0.01	0.00140765	0.05	0.5	1e-04	100	5e-06	0.001
0.429	0.9	0.1	0.2008545	0.4	80	65.4	9.1	500	3.5	8.61	0.003304	0.00010365	0.00128823	2	0.15	0.1	0.00139984	0.2	0.00162416	0.45	0.0152622	2	4.5	0.001	0.59354371	0.39	1	0.00015335	0.001	0.001	0.02115956	0.26789905	0.0490008	9.99584182	0.1	0.01	0.01	0.01	1e-05	0.01	0.00140765	0.05	0.5	1e-04	100	5e-06	0.001
0.429	0.9	0.1	0.2008545	0.4	80	65.4	9.1	500	3.5	8.61	0.003304	0.00010449	0.00129965	2	0.15	0.1	0.00140304	0.2	0.00165434	0.45	0.01546388	2	4.5	0.001	0.59388018	0.39	1	0.00015335	0.001	0.001	0.02115956	0.26789905	0.0490008	9.99584182	0.1	0.01	0.01	0.01	1e-05	0.01	0.00140765	0.05	0.5	1e-04	100	5e-06	0.001
0.429	0.9	0.1	0.2008545	0.4	80	65.4	9.1	500	3.5	8.61	0.003304	0.00010471	0.00129997	2	0.15	0.1	0.00141009	0.2	0.00172041	0.45	0.01557816	2	4.5	0.001	0.59485514	0.39	1	0.00015335	0.001	0.001	0.02115956	0.26789905	0.0490008	9.99584182	0.1	0.01	0.01	0.01	1e-05	0.01	0.00140765	0.05	0.5	1e-04	100	5e-06	0.001
0.429	0.9	0.1	0.2008545	0.4	80	65.4	9.1	500	3.5	8.61	0.003304	0.00010341	0.0012829	2	0.15	0.1	0.00140017	0.2	0.00159677	0.45	0.01504896	2	4.5	0.001	0.59309039	0.39	1	0.00015335	0.001	0.001	0.02115956	0.26789905	0.0490008	9.99584182	0.1	0.01	0.01	0.01	1e-05	0.01	0.00140765	0.05	0.5	1e-04	100	5e-06	0.001
0.429	0.9	0.1	0.2008545	0.4	80	65.4	9.1	500	3.5	8.61	0.003304	0.00010414	0.00129208	2	0.15	0.1	0.00140196	0.2	0.00165191	0.45	0.01519931	2	4.5	0.001	0.59388331	0.39	1	0.00015335	0.001	0.001	0.02115956	0.26789905	0.0490008	9.99584182	0.1	0.01	0.01	0.01	1e-05	0.01	0.00140765	0.05	0.5	1e-04	100	5e-06	0.001
0.429	0.9	0.1	0.2008545	0.4	80	65.4	9.1	500	3.5	8.61	0.003304	0.00010402	0.00129204	2	0.15	0.1	0.0014039	0.2	0.00167188	0.45	0.01530952	2	4.5	0.001	0.59363887	0.39	1	0.00015335	0.001	0.001	0.02115956	0.26789905	0.0490008	9.99584182	0.1	0.01	0.01	0.01	1e-05	0.01	0.00140765	0.05	0.5	1e-04	100	5e-06	0.001
0.429	0.9	0.1	0.2008545	0.4	80	65.4	9.1	500	3.5	8.61	0.003304	0.00010293	0.00127955	2	0.15	0.1	0.00139461	0.2	0.00155907	0.45	0.01520509	2	4.5	0.001	0.59265409	0.39	1	0.00015335	0.001	0.001	0.02115956	0.26789905	0.0490008	9.99584182	0.1	0.01	0.01	0.01	1e-05	0.01	0.00140765	0.05	0.5	1e-04	100	5e-06	0.001
0.429	0.9	0.1	0.2008545	0.4	80	65.4	9.1	500	3.5	8.61	0.003304	0.00010378	0.00128857	2	0.15	0.1	0.00140326	0.2	0.00166278	0.45	0.01515866	2	4.5	0.001	0.59345783	0.39	1	0.00015335	0.001	0.001	0.02115956	0.26789905	0.0490008	9.99584182	0.1	0.01	0.01	0.01	1e-05	0.01	0.00140765	0.05	0.5	1e-04	100	5e-06	0.001
0.429	0.9	0.1	0.2008545	0.4	80	65.4	9.1	500	3.5	8.61	0.003304	0.00010333	0.00128225	2	0.15	0.1	0.00139738	0.2	0.00158246	0.45	0.01494057	2	4.5	0.001	0.59246238	0.39	1	0.00015335	0.001	0.001	0.02115956	0.26789905	0.0490008	9.99584182	0.1	0.01	0.01	0.01	1e-05	0.01	0.00140765	0.05	0.5	1e-04	100	5e-06	0.001
0.429	0.9	0.1	0.2008545	0.4	80	65.4	9.1	500	3.5	8.61	0.003304	0.00010334	0.00128364	2	0.15	0.1	0.00139935	0.2	0.00158215	0.45	0.01503902	2	4.5	0.001	0.59272718	0.39	1	0.00015335	0.001	0.001	0.02115956	0.26789905	0.0490008	9.99584182	0.1	0.01	0.01	0.01	1e-05	0.01	0.00140765	0.05	0.5	1e-04	100	5e-06	0.001
0.429	0.9	0.1	0.2008545	0.4	80	65.4	9.1	500	3.5	8.61	0.003304	0.00010325	0.00127902	2	0.15	0.1	0.00140345	0.2	0.00160647	0.45	0.01487724	2	4.5	0.001	0.59384303	0.39	1	0.00015335	0.001	0.001	0.02115956	0.26789905	0.0490008	9.99584182	0.1	0.01	0.01	0.01	1e-05	0.01	0.00140765	0.05	0.5	1e-04	100	5e-06	0.001
0.429	0.9	0.1	0.2008545	0.4	80	65.4	9.1	500	3.5	8.61	0.003304	0.00010315	0.00128102	2	0.15	0.1	0.00139908	0.2	0.00158738	0.45	0.01499144	2	4.5	0.001	0.59291513	0.39	1	0.00015335	0.001	0.001	0.02115956	0.26789905	0.0490008	9.99584182	0.1	0.01	0.01	0.01	1e-05	0.01	0.00140765	0.05	0.5	1e-04	100	5e-06	0.001
0.429	0.9	0.1	0.2008545	0.4	80	65.4	9.1	500	3.5	8.61	0.003304	0.0001034	0.00128286	2	0.15	0.1	0.00139774	0.2	0.00155724	0.45	0.015046	2	4.5	0.001	0.59336173	0.39	1	0.00015335	0.001	0.001	0.02115956	0.26789905	0.0490008	9.99584182	0.1	0.01	0.01	0.01	1e-05	0.01	0.00140765	0.05	0.5	1e-04	100	5e-06	0.001
0.429	0.9	0.1	0.2008545	0.4	80	65.4	9.1	500	3.5	8.61	0.003304	0.0001037	0.00128788	2	0.15	0.1	0.00140358	0.2	0.00166368	0.45	0.01510469	2	4.5	0.001	0.59362449	0.39	1	0.00015335	0.001	0.001	0.02115956	0.26789905	0.0490008	9.99584182	0.1	0.01	0.01	0.01	1e-05	0.01	0.00140765	0.05	0.5	1e-04	100	5e-06	0.001
0.429	0.9	0.1	0.2008545	0.4	80	65.4	9.1	500	3.5	8.61	0.003304	0.00010443	0.00129773	2	0.15	0.1	0.00140532	0.2	0.00173668	0.45	0.01529148	2	4.5	0.001	0.59225932	0.39	1	0.00015335	0.001	0.001	0.02115956	0.26789905	0.0490008	9.99584182	0.1	0.01	0.01	0.01	1e-05	0.01	0.00140765	0.05	0.5	1e-04	100	5e-06	0.001
0.429	0.9	0.1	0.2008545	0.4	80	65.4	9.1	500	3.5	8.61	0.003304	0.00010307	0.00127955	2	0.15	0.1	0.00139926	0.2	0.00160128	0.45	0.01489498	2	4.5	0.001	0.59336333	0.39	1	0.00015335	0.001	0.001	0.02115956	0.26789905	0.0490008	9.99584182	0.1	0.01	0.01	0.01	1e-05	0.01	0.00140765	0.05	0.5	1e-04	100	5e-06	0.001
0.429	0.9	0.1	0.2008545	0.4	80	65.4	9.1	500	3.5	8.61	0.003304	0.00010354	0.00128477	2	0.15	0.1	0.0014031	0.2	0.00166227	0.45	0.01494891	2	4.5	0.001	0.59246888	0.39	1	0.00015335	0.001	0.001	0.02115956	0.26789905	0.0490008	9.99584182	0.1	0.01	0.01	0.01	1e-05	0.01	0.00140765	0.05	0.5	1e-04	100	5e-06	0.001
0.429	0.9	0.1	0.2008545	0.4	80	65.4	9.1	500	3.5	8.61	0.003304	0.00010377	0.00128763	2	0.15	0.1	0.00140328	0.2	0.00167386	0.45	0.01499676	2	4.5	0.001	0.59276341	0.39	1	0.00015335	0.001	0.001	0.02115956	0.26789905	0.0490008	9.99584182	0.1	0.01	0.01	0.01	1e-05	0.01	0.00140765	0.05	0.5	1e-04	100	5e-06	0.001
0.429	0.9	0.1	0.2008545	0.4	80	65.4	9.1	500	3.5	8.61	0.003304	0.00010389	0.00128935	2	0.15	0.1	0.00140232	0.2	0.00167708	0.45	0.0150053	2	4.5	0.001	0.59249704	0.39	1	0.00015335	0.001	0.001	0.02115956	0.26789905	0.0490008	9.99584182	0.1	0.01	0.01	0.01	1e-05	0.01	0.00140765	0.05	0.5	1e-04	100	5e-06	0.001
0.429	0.9	0.1	0.2008545	0.4	80	65.4	9.1	500	3.5	8.61	0.003304	0.00010418	0.00129197	2	0.15	0.1	0.0014077	0.2	0.00175473	0.45	0.01514512	2	4.5	0.001	0.59252606	0.39	1	0.00015335	0.001	0.001	0.02115956	0.26789905	0.0490008	9.99584182	0.1	0.01	0.01	0.01	1e-05	0.01	0.00140765	0.05	0.5	1e-04	100	5e-06	0.001
0.429	0.9	0.1	0.2008545	0.4	80	65.4	9.1	500	3.5	8.61	0.003304	0.00010382	0.00129069	2	0.15	0.1	0.00140502	0.2	0.00168973	0.45	0.01501161	2	4.5	0.001	0.59311494	0.39	1	0.00015335	0.001	0.001	0.02115956	0.26789905	0.0490008	9.99584182	0.1	0.01	0.01	0.01	1e-05	0.01	0.00140765	0.05	0.5	1e-04	100	5e-06	0.001
0.429	0.9	0.1	0.2008545	0.4	80	65.4	9.1	500	3.5	8.61	0.003304	0.00010478	0.00130861	2	0.15	0.1	0.00140083	0.2	0.00168589	0.45	0.01563251	2	4.5	0.001	0.58879468	0.39	1	0.00015335	0.001	0.001	0.02115956	0.26789905	0.0490008	9.99584182	0.1	0.01	0.01	0.01	1e-05	0.01	0.00140765	0.05	0.5	1e-04	100	5e-06	0.001
0.429	0.9	0.1	0.2008545	0.4	80	65.4	9.1	500	3.5	8.61	0.003304	0.00010478	0.00130861	2	0.15	0.1	0.00140083	0.2	0.00168589	0.45	0.01563251	2	4.5	0.001	0.58879468	0.39	1	0.00015335	0.001	0.001	0.02115956	0.26789905	0.0490008	9.99584182	0.1	0.01	0.01	0.01	1e-05	0.01	0.00140765	0.05	0.5	1e-04	100	5e-06	0.001
0.429	0.9	0.1	0.2008545	0.4	80	65.4	9.1	500	3.5	8.61	0.003304	0.00010261	0.00129242	2	0.15	0.1	0.00139048	0.2	0.00173098	0.45	0.01591244	2	4.5	0.001	0.58911668	0.39	1	0.00015335	0.001	0.001	0.02115956	0.26789905	0.0490008	9.99584182	0.1	0.01	0.01	0.01	1e-05	0.01	0.00140765	0.05	0.5	1e-04	100	5e-06	0.001
0.429	0.9	0.1	0.2008545	0.4	80	65.4	9.1	500	3.5	8.61	0.003304	0.00010278	0.00129438	2	0.15	0.1	0.00138411	0.2	0.00151145	0.45	0.01553349	2	4.5	0.001	0.58670132	0.39	1	0.00015335	0.001	0.001	0.02115956	0.26789905	0.0490008	9.99584182	0.1	0.01	0.01	0.01	1e-05	0.01	0.00140765	0.05	0.5	1e-04	100	5e-06	0.001
0.429	0.9	0.1	0.2008545	0.4	80	65.4	9.1	500	3.5	8.61	0.003304	0.00010273	0.00129435	2	0.15	0.1	0.00139659	0.2	0.0017345	0.45	0.01593598	2	4.5	0.001	0.58914812	0.39	1	0.00015335	0.001	0.001	0.02115956	0.26789905	0.0490008	9.99584182	0.1	0.01	0.01	0.01	1e-05	0.01	0.00140765	0.05	0.5	1e-04	100	5e-06	0.001
0.429	0.9	0.1	0.2008545	0.4	80	65.4	9.1	500	3.5	8.61	0.003304	0.00010284	0.00128661	2	0.15	0.1	0.00140345	0.2	0.00174729	0.45	0.01582838	2	4.5	0.001	0.58914951	0.39	1	0.00015335	0.001	0.001	0.02115956	0.26789905	0.0490008	9.99584182	0.1	0.01	0.01	0.01	1e-05	0.01	0.00140765	0.05	0.5	1e-04	100	5e-06	0.001
0.429	0.9	0.1	0.2008545	0.4	80	65.4	9.1	500	3.5	8.61	0.003304	0.00010478	0.00130861	2	0.15	0.1	0.00140083	0.2	0.00168589	0.45	0.01563251	2	4.5	0.001	0.58879468	0.39	1	0.00015335	0.001	0.001	0.02115956	0.26789905	0.0490008	9.99584182	0.1	0.01	0.01	0.01	1e-05	0.01	0.00140765	0.05	0.5	1e-04	100	5e-06	0.001
0.429	0.9	0.1	0.2008545	0.4	80	65.4	9.1	500	3.5	8.61	0.003304	0.00010286	0.00128747	2	0.15	0.1	0.00140359	0.2	0.00173907	0.45	0.01579708	2	4.5	0.001	0.58907443	0.39	1	0.00015335	0.001	0.001	0.02115956	0.26789905	0.0490008	9.99584182	0.1	0.01	0.01	0.01	1e-05	0.01	0.00140765	0.05	0.5	1e-04	100	5e-06	0.001
0.429	0.9	0.1	0.2008545	0.4	80	65.4	9.1	500	3.5	8.61	0.003304	0.00010286	0.00128593	2	0.15	0.1	0.00140359	0.2	0.00184353	0.45	0.01579708	2	4.5	0.001	0.59005297	0.39	1	0.00015335	0.001	0.001	0.02115956	0.26789905	0.0490008	9.99584182	0.1	0.01	0.01	0.01	1e-05	0.01	0.00140765	0.05	0.5	1e-04	100	5e-06	0.001
0.429	0.9	0.1	0.2008545	0.4	80	65.4	9.1	500	3.5	8.61	0.003304	0.00010237	0.00128849	2	0.15	0.1	0.001393	0.2	0.00167644	0.45	0.01593378	2	4.5	0.001	0.59060884	0.39	1	0.00015335	0.001	0.001	0.02115956	0.26789905	0.0490008	9.99584182	0.1	0.01	0.01	0.01	1e-05	0.01	0.00140765	0.05	0.5	1e-04	100	5e-06	0.001
0.429	0.9	0.1	0.2008545	0.4	80	65.4	9.1	500	3.5	8.61	0.003304	0.00010237	0.00128977	2	0.15	0.1	0.001393	0.2	0.00168031	0.45	0.01593378	2	4.5	0.001	0.5898665	0.39	1	0.00015335	0.001	0.001	0.02115956	0.26789905	0.0490008	9.99584182	0.1	0.01	0.01	0.01	1e-05	0.01	0.00140765	0.05	0.5	1e-04	100	5e-06	0.001
0.429	0.9	0.1	0.2008545	0.4	80	65.4	9.1	500	3.5	8.61	0.003304	0.00010261	0.00129242	2	0.15	0.1	0.00139048	0.2	0.00173098	0.45	0.01591244	2	4.5	0.001	0.58911668	0.39	1	0.00015335	0.001	0.001	0.02115956	0.26789905	0.0490008	9.99584182	0.1	0.01	0.01	0.01	1e-05	0.01	0.00140765	0.05	0.5	1e-04	100	5e-06	0.001
0.429	0.9	0.1	0.2008545	0.4	80	65.4	9.1	500	3.5	8.61	0.003304	0.00010278	0.00129438	2	0.15	0.1	0.00138411	0.2	0.00151145	0.45	0.01553349	2	4.5	0.001	0.58670132	0.39	1	0.00015335	0.001	0.001	0.02115956	0.26789905	0.0490008	9.99584182	0.1	0.01	0.01	0.01	1e-05	0.01	0.00140765	0.05	0.5	1e-04	100	5e-06	0.001
0.429	0.9	0.1	0.2008545	0.4	80	65.4	9.1	500	3.5	8.61	0.003304	0.00010273	0.00129435	2	0.15	0.1	0.00139659	0.2	0.0017345	0.45	0.01593598	2	4.5	0.001	0.58914812	0.39	1	0.00015335	0.001	0.001	0.02115956	0.26789905	0.0490008	9.99584182	0.1	0.01	0.01	0.01	1e-05	0.01	0.00140765	0.05	0.5	1e-04	100	5e-06	0.001
0.429	0.9	0.1	0.2008545	0.4	80	65.4	9.1	500	3.5	8.61	0.003304	0.00010283	0.00128567	2	0.15	0.1	0.0013967	0.2	0.00169974	0.45	0.0158638	2	4.5	0.001	0.58970917	0.39	1	0.00015335	0.001	0.001	0.02115956	0.26789905	0.0490008	9.99584182	0.1	0.01	0.01	0.01	1e-05	0.01	0.00140765	0.05	0.5	1e-04	100	5e-06	0.001
0.429	0.9	0.1	0.2008545	0.4	80	65.4	9.1	500	3.5	8.61	0.003304	0.00010284	0.00128661	2	0.15	0.1	0.00140345	0.2	0.00174729	0.45	0.01582838	2	4.5	0.001	0.58914951	0.39	1	0.00015335	0.001	0.001	0.02115956	0.26789905	0.0490008	9.99584182	0.1	0.01	0.01	0.01	1e-05	0.01	0.00140765	0.05	0.5	1e-04	100	5e-06	0.001
0.429	0.9	0.1	0.2008545	0.4	80	65.4	9.1	500	3.5	8.61	0.003304	0.00010478	0.00130861	2	0.15	0.1	0.00140083	0.2	0.00168589	0.45	0.01563251	2	4.5	0.001	0.58879468	0.39	1	0.00015335	0.001	0.001	0.02115956	0.26789905	0.0490008	9.99584182	0.1	0.01	0.01	0.01	1e-05	0.01	0.00140765	0.05	0.5	1e-04	100	5e-06	0.001
0.429	0.9	0.1	0.2008545	0.4	80	65.4	9.1	500	3.5	8.61	0.003304	0.00010286	0.00128747	2	0.15	0.1	0.00140359	0.2	0.00173907	0.45	0.01579708	2	4.5	0.001	0.58907443	0.39	1	0.00015335	0.001	0.001	0.02115956	0.26789905	0.0490008	9.99584182	0.1	0.01	0.01	0.01	1e-05	0.01	0.00140765	0.05	0.5	1e-04	100	5e-06	0.001
0.429	0.9	0.1	0.2008545	0.4	80	65.4	9.1	500	3.5	8.61	0.003304	0.00010286	0.00128593	2	0.15	0.1	0.00140359	0.2	0.00184353	0.45	0.01579708	2	4.5	0.001	0.59005297	0.39	1	0.00015335	0.001	0.001	0.02115956	0.26789905	0.0490008	9.99584182	0.1	0.01	0.01	0.01	1e-05	0.01	0.00140765	0.05	0.5	1e-04	100	5e-06	0.001
0.429	0.9	0.1	0.2008545	0.4	80	65.4	9.1	500	3.5	8.61	0.003304	0.00010237	0.00128849	2	0.15	0.1	0.001393	0.2	0.00167644	0.45	0.01593378	2	4.5	0.001	0.59060884	0.39	1	0.00015335	0.001	0.001	0.02115956	0.26789905	0.0490008	9.99584182	0.1	0.01	0.01	0.01	1e-05	0.01	0.00140765	0.05	0.5	1e-04	100	5e-06	0.001
0.429	0.9	0.1	0.2008545	0.4	80	65.4	9.1	500	3.5	8.61	0.003304	0.00010237	0.00128977	2	0.15	0.1	0.001393	0.2	0.00168031	0.45	0.01593378	2	4.5	0.001	0.5898665	0.39	1	0.00015335	0.001	0.001	0.02115956	0.26789905	0.0490008	9.99584182	0.1	0.01	0.01	0.01	1e-05	0.01	0.00140765	0.05	0.5	1e-04	100	5e-06	0.001
0.429	0.9	0.1	0.2008545	0.4	80	65.4	9.1	500	3.5	8.61	0.003304	0.00010286	0.00128897	2	0.15	0.1	0.00140359	0.2	0.00178349	0.45	0.01579708	2	4.5	0.001	0.59051646	0.39	1	0.00015335	0.001	0.001	0.02115956	0.26789905	0.0490008	9.99584182	0.1	0.01	0.01	0.01	1e-05	0.01	0.00140765	0.05	0.5	1e-04	100	5e-06	0.001
0.429	0.9	0.1	0.2008545	0.4	80	65.4	9.1	500	3.5	8.61	0.003304	0.00010261	0.00129242	2	0.15	0.1	0.00139048	0.2	0.00173098	0.45	0.01591244	2	4.5	0.001	0.58911668	0.39	1	0.00015335	0.001	0.001	0.02115956	0.26789905	0.0490008	9.99584182	0.1	0.01	0.01	0.01	1e-05	0.01	0.00140765	0.05	0.5	1e-04	100	5e-06	0.001
0.429	0.9	0.1	0.2008545	0.4	80	65.4	9.1	500	3.5	8.61	0.003304	0.0001032	0.00129629	2	0.15	0.1	0.00140936	0.2	0.0016792	0.45	0.01569557	2	4.5	0.001	0.58910158	0.39	1	0.00015335	0.001	0.001	0.02115956	0.26789905	0.0490008	9.99584182	0.1	0.01	0.01	0.01	1e-05	0.01	0.00140765	0.05	0.5	1e-04	100	5e-06	0.001
0.429	0.9	0.1	0.2008545	0.4	80	65.4	9.1	500	3.5	8.61	0.003304	0.00010278	0.00129438	2	0.15	0.1	0.00138411	0.2	0.00151145	0.45	0.01553349	2	4.5	0.001	0.58670132	0.39	1	0.00015335	0.001	0.001	0.02115956	0.26789905	0.0490008	9.99584182	0.1	0.01	0.01	0.01	1e-05	0.01	0.00140765	0.05	0.5	1e-04	100	5e-06	0.001
0.429	0.9	0.1	0.2008545	0.4	80	65.4	9.1	500	3.5	8.61	0.003304	0.00010273	0.00129435	2	0.15	0.1	0.00139659	0.2	0.0017345	0.45	0.01593598	2	4.5	0.001	0.58914812	0.39	1	0.00015335	0.001	0.001	0.02115956	0.26789905	0.0490008	9.99584182	0.1	0.01	0.01	0.01	1e-05	0.01	0.00140765	0.05	0.5	1e-04	100	5e-06	0.001
0.429	0.9	0.1	0.2008545	0.4	80	65.4	9.1	500	3.5	8.61	0.003304	0.00010283	0.00128567	2	0.15	0.1	0.0013967	0.2	0.00169974	0.45	0.0158638	2	4.5	0.001	0.58970917	0.39	1	0.00015335	0.001	0.001	0.02115956	0.26789905	0.0490008	9.99584182	0.1	0.01	0.01	0.01	1e-05	0.01	0.00140765	0.05	0.5	1e-04	100	5e-06	0.001
0.429	0.9	0.1	0.2008545	0.4	80	65.4	9.1	500	3.5	8.61	0.003304	0.0001034	0.00129342	2	0.15	0.1	0.00139873	0.2	0.00168238	0.45	0.01580869	2	4.5	0.001	0.58910169	0.39	1	0.00015335	0.001	0.001	0.02115956	0.26789905	0.0490008	9.99584182	0.1	0.01	0.01	0.01	1e-05	0.01	0.00140765	0.05	0.5	1e-04	100	5e-06	0.001
0.429	0.9	0.1	0.2008545	0.4	80	65.4	9.1	500	3.5	8.61	0.003304	0.00010284	0.00128661	2	0.15	0.1	0.00140345	0.2	0.00174729	0.45	0.01582838	2	4.5	0.001	0.58914951	0.39	1	0.00015335	0.001	0.001	0.02115956	0.26789905	0.0490008	9.99584182	0.1	0.01	0.01	0.01	1e-05	0.01	0.00140765	0.05	0.5	1e-04	100	5e-06	0.001
0.429	0.9	0.1	0.2008545	0.4	80	65.4	9.1	500	3.5	8.61	0.003304	0.00010478	0.00130861	2	0.15	0.1	0.00140083	0.2	0.00168589	0.45	0.01563251	2	4.5	0.001	0.58879468	0.39	1	0.00015335	0.001	0.001	0.02115956	0.26789905	0.0490008	9.99584182	0.1	0.01	0.01	0.01	1e-05	0.01	0.00140765	0.05	0.5	1e-04	100	5e-06	0.001
0.429	0.9	0.1	0.2008545	0.4	80	65.4	9.1	500	3.5	8.61	0.003304	0.00010286	0.00128747	2	0.15	0.1	0.00140359	0.2	0.00173907	0.45	0.01579708	2	4.5	0.001	0.58907443	0.39	1	0.00015335	0.001	0.001	0.02115956	0.26789905	0.0490008	9.99584182	0.1	0.01	0.01	0.01	1e-05	0.01	0.00140765	0.05	0.5	1e-04	100	5e-06	0.001
0.429	0.9	0.1	0.2008545	0.4	80	65.4	9.1	500	3.5	8.61	0.003304	0.00010263	0.00128304	2	0.15	0.1	0.00140359	0.2	0.00180029	0.45	0.01583405	2	4.5	0.001	0.5898377	0.39	1	0.00015335	0.001	0.001	0.02115956	0.26789905	0.0490008	9.99584182	0.1	0.01	0.01	0.01	1e-05	0.01	0.00140765	0.05	0.5	1e-04	100	5e-06	0.001
0.429	0.9	0.1	0.2008545	0.4	80	65.4	9.1	500	3.5	8.61	0.003304	0.00010299	0.00129464	2	0.15	0.1	0.00138972	0.2	0.0016015	0.45	0.01567575	2	4.5	0.001	0.58797561	0.39	1	0.00015335	0.001	0.001	0.02115956	0.26789905	0.0490008	9.99584182	0.1	0.01	0.01	0.01	1e-05	0.01	0.00140765	0.05	0.5	1e-04	100	5e-06	0.001
0.429	0.9	0.1	0.2008545	0.4	80	65.4	9.1	500	3.5	8.61	0.003304	0.00010277	0.00128614	2	0.15	0.1	0.00140286	0.2	0.00178944	0.45	0.01583652	2	4.5	0.001	0.58980454	0.39	1	0.00015335	0.001	0.001	0.02115956	0.26789905	0.0490008	9.99584182	0.1	0.01	0.01	0.01	1e-05	0.01	0.00140765	0.05	0.5	1e-04	100	5e-06	0.001
0.429	0.9	0.1	0.2008545	0.4	80	65.4	9.1	500	3.5	8.61	0.003304	0.00010282	0.00129075	2	0.15	0.1	0.0014005	0.2	0.00170497	0.45	0.01586587	2	4.5	0.001	0.5890218	0.39	1	0.00015335	0.001	0.001	0.02115956	0.26789905	0.0490008	9.99584182	0.1	0.01	0.01	0.01	1e-05	0.01	0.00140765	0.05	0.5	1e-04	100	5e-06	0.001
0.429	0.9	0.1	0.2008545	0.4	80	65.4	9.1	500	3.5	8.61	0.003304	0.00010291	0.00129271	2	0.15	0.1	0.00139379	0.2	0.00171493	0.45	0.01584886	2	4.5	0.001	0.58918339	0.39	1	0.00015335	0.001	0.001	0.02115956	0.26789905	0.0490008	9.99584182	0.1	0.01	0.01	0.01	1e-05	0.01	0.00140765	0.05	0.5	1e-04	100	5e-06	0.001
0.429	0.9	0.1	0.2008545	0.4	80	65.4	9.1	500	3.5	8.61	0.003304	0.00010319	0.00129551	2	0.15	0.1	0.00139617	0.2	0.00169727	0.45	0.0157667	2	4.5	0.001	0.58906438	0.39	1	0.00015335	0.001	0.001	0.02115956	0.26789905	0.0490008	9.99584182	0.1	0.01	0.01	0.01	1e-05	0.01	0.00140765	0.05	0.5	1e-04	100	5e-06	0.001
0.429	0.9	0.1	0.2008545	0.4	80	65.4	9.1	500	3.5	8.61	0.003304	0.00010304	0.00129419	2	0.15	0.1	0.00139708	0.2	0.00170439	0.45	0.01582981	2	4.5	0.001	0.58929638	0.39	1	0.00015335	0.001	0.001	0.02115956	0.26789905	0.0490008	9.99584182	0.1	0.01	0.01	0.01	1e-05	0.01	0.00140765	0.05	0.5	1e-04	100	5e-06	0.001
0.429	0.9	0.1	0.2008545	0.4	80	65.4	9.1	500	3.5	8.61	0.003304	0.00010286	0.00128593	2	0.15	0.1	0.00140359	0.2	0.00184353	0.45	0.01579708	2	4.5	0.001	0.59005297	0.39	1	0.00015335	0.001	0.001	0.02115956	0.26789905	0.0490008	9.99584182	0.1	0.01	0.01	0.01	1e-05	0.01	0.00140765	0.05	0.5	1e-04	100	5e-06	0.001
0.429	0.9	0.1	0.2008545	0.4	80	65.4	9.1	500	3.5	8.61	0.003304	0.00010313	0.00129471	2	0.15	0.1	0.00139827	0.2	0.00171267	0.45	0.01578052	2	4.5	0.001	0.5889732	0.39	1	0.00015335	0.001	0.001	0.02115956	0.26789905	0.0490008	9.99584182	0.1	0.01	0.01	0.01	1e-05	0.01	0.00140765	0.05	0.5	1e-04	100	5e-06	0.001
0.429	0.9	0.1	0.2008545	0.4	80	65.4	9.1	500	3.5	8.61	0.003304	0.00010237	0.00128849	2	0.15	0.1	0.001393	0.2	0.00167644	0.45	0.01593378	2	4.5	0.001	0.59060884	0.39	1	0.00015335	0.001	0.001	0.02115956	0.26789905	0.0490008	9.99584182	0.1	0.01	0.01	0.01	1e-05	0.01	0.00140765	0.05	0.5	1e-04	100	5e-06	0.001
0.429	0.9	0.1	0.2008545	0.4	80	65.4	9.1	500	3.5	8.61	0.003304	0.00010299	0.00129234	2	0.15	0.1	0.00140531	0.2	0.00171668	0.45	0.01576867	2	4.5	0.001	0.58933692	0.39	1	0.00015335	0.001	0.001	0.02115956	0.26789905	0.0490008	9.99584182	0.1	0.01	0.01	0.01	1e-05	0.01	0.00140765	0.05	0.5	1e-04	100	5e-06	0.001
0.429	0.9	0.1	0.2008545	0.4	80	65.4	9.1	500	3.5	8.61	0.003304	0.00010237	0.00128977	2	0.15	0.1	0.001393	0.2	0.00168031	0.45	0.01593378	2	4.5	0.001	0.5898665	0.39	1	0.00015335	0.001	0.001	0.02115956	0.26789905	0.0490008	9.99584182	0.1	0.01	0.01	0.01	1e-05	0.01	0.00140765	0.05	0.5	1e-04	100	5e-06	0.001
0.429	0.9	0.1	0.2008545	0.4	80	65.4	9.1	500	3.5	8.61	0.003304	0.00010286	0.00128897	2	0.15	0.1	0.00140359	0.2	0.00178349	0.45	0.01579708	2	4.5	0.001	0.59051646	0.39	1	0.00015335	0.001	0.001	0.02115956	0.26789905	0.0490008	9.99584182	0.1	0.01	0.01	0.01	1e-05	0.01	0.00140765	0.05	0.5	1e-04	100	5e-06	0.001
0.429	0.9	0.1	0.2008545	0.4	80	65.4	9.1	500	3.5	8.61	0.003304	0.00010294	0.00129479	2	0.15	0.1	0.00139791	0.2	0.00170654	0.45	0.01580483	2	4.5	0.001	0.58928886	0.39	1	0.00015335	0.001	0.001	0.02115956	0.26789905	0.0490008	9.99584182	0.1	0.01	0.01	0.01	1e-05	0.01	0.00140765	0.05	0.5	1e-04	100	5e-06	0.001
0.429	0.9	0.1	0.2008545	0.4	80	65.4	9.1	500	3.5	8.61	0.003304	0.00010321	0.00129953	2	0.15	0.1	0.00139222	0.2	0.00166996	0.45	0.01575687	2	4.5	0.001	0.58891076	0.39	1	0.00015335	0.001	0.001	0.02115956	0.26789905	0.0490008	9.99584182	0.1	0.01	0.01	0.01	1e-05	0.01	0.00140765	0.05	0.5	1e-04	100	5e-06	0.001
0.429	0.9	0.1	0.2008545	0.4	80	65.4	9.1	500	3.5	8.61	0.003304	0.00010284	0.00128808	2	0.15	0.1	0.00140345	0.2	0.00187368	0.45	0.01582838	2	4.5	0.001	0.58906247	0.39	1	0.00015335	0.001	0.001	0.02115956	0.26789905	0.0490008	9.99584182	0.1	0.01	0.01	0.01	1e-05	0.01	0.00140765	0.05	0.5	1e-04	100	5e-06	0.001
0.429	0.9	0.1	0.2008545	0.4	80	65.4	9.1	500	3.5	8.61	0.003304	0.00010273	0.00129435	2	0.15	0.1	0.00139659	0.2	0.0017345	0.45	0.01593598	2	4.5	0.001	0.58914812	0.39	1	0.00015335	0.001	0.001	0.02115956	0.26789905	0.0490008	9.99584182	0.1	0.01	0.01	0.01	1e-05	0.01	0.00140765	0.05	0.5	1e-04	100	5e-06	0.001
0.429	0.9	0.1	0.2008545	0.4	80	65.4	9.1	500	3.5	8.61	0.003304	0.00010278	0.00129481	2	0.15	0.1	0.00139803	0.2	0.00173021	0.45	0.01585602	2	4.5	0.001	0.58935088	0.39	1	0.00015335	0.001	0.001	0.02115956	0.26789905	0.0490008	9.99584182	0.1	0.01	0.01	0.01	1e-05	0.01	0.00140765	0.05	0.5	1e-04	100	5e-06	0.001
0.429	0.9	0.1	0.2008545	0.4	80	65.4	9.1	500	3.5	8.61	0.003304	0.00010287	0.00128461	2	0.15	0.1	0.00139709	0.2	0.00167533	0.45	0.01579976	2	4.5	0.001	0.59001781	0.39	1	0.00015335	0.001	0.001	0.02115956	0.26789905	0.0490008	9.99584182	0.1	0.01	0.01	0.01	1e-05	0.01	0.00140765	0.05	0.5	1e-04	100	5e-06	0.001
0.429	0.9	0.1	0.2008545	0.4	80	65.4	9.1	500	3.5	8.61	0.003304	0.00010312	0.00128892	2	0.15	0.1	0.00139659	0.2	0.00164163	0.45	0.01577706	2	4.5	0.001	0.58945798	0.39	1	0.00015335	0.001	0.001	0.02115956	0.26789905	0.0490008	9.99584182	0.1	0.01	0.01	0.01	1e-05	0.01	0.00140765	0.05	0.5	1e-04	100	5e-06	0.001
0.429	0.9	0.1	0.2008545	0.4	80	65.4	9.1	500	3.5	8.61	0.003304	0.00010283	0.00128567	2	0.15	0.1	0.0013967	0.2	0.00169974	0.45	0.0158638	2	4.5	0.001	0.58970917	0.39	1	0.00015335	0.001	0.001	0.02115956	0.26789905	0.0490008	9.99584182	0.1	0.01	0.01	0.01	1e-05	0.01	0.00140765	0.05	0.5	1e-04	100	5e-06	0.001
0.429	0.9	0.1	0.2008545	0.4	80	65.4	9.1	500	3.5	8.61	0.003304	0.00010275	0.00128576	2	0.15	0.1	0.00139655	0.2	0.00166864	0.45	0.01586308	2	4.5	0.001	0.5899653	0.39	1	0.00015335	0.001	0.001	0.02115956	0.26789905	0.0490008	9.99584182	0.1	0.01	0.01	0.01	1e-05	0.01	0.00140765	0.05	0.5	1e-04	100	5e-06	0.001
0.429	0.9	0.1	0.2008545	0.4	80	65.4	9.1	500	3.5	8.61	0.003304	0.00010377	0.00129948	2	0.15	0.1	0.00139509	0.2	0.00165138	0.45	0.01578051	2	4.5	0.001	0.58797728	0.39	1	0.00015335	0.001	0.001	0.02115956	0.26789905	0.0490008	9.99584182	0.1	0.01	0.01	0.01	1e-05	0.01	0.00140765	0.05	0.5	1e-04	100	5e-06	0.001
0.429	0.9	0.1	0.2008545	0.4	80	65.4	9.1	500	3.5	8.61	0.003304	0.0001034	0.00129342	2	0.15	0.1	0.00139873	0.2	0.00168238	0.45	0.01580869	2	4.5	0.001	0.58910169	0.39	1	0.00015335	0.001	0.001	0.02115956	0.26789905	0.0490008	9.99584182	0.1	0.01	0.01	0.01	1e-05	0.01	0.00140765	0.05	0.5	1e-04	100	5e-06	0.001
0.429	0.9	0.1	0.2008545	0.4	80	65.4	9.1	500	3.5	8.61	0.003304	0.0001039	0.00129858	2	0.15	0.1	0.00139903	0.2	0.00168813	0.45	0.01575688	2	4.5	0.001	0.58881313	0.39	1	0.00015335	0.001	0.001	0.02115956	0.26789905	0.0490008	9.99584182	0.1	0.01	0.01	0.01	1e-05	0.01	0.00140765	0.05	0.5	1e-04	100	5e-06	0.001
0.429	0.9	0.1	0.2008545	0.4	80	65.4	9.1	500	3.5	8.61	0.003304	0.00010281	0.00128891	2	0.15	0.1	0.00139538	0.2	0.00159539	0.45	0.01583389	2	4.5	0.001	0.58990985	0.39	1	0.00015335	0.001	0.001	0.02115956	0.26789905	0.0490008	9.99584182	0.1	0.01	0.01	0.01	1e-05	0.01	0.00140765	0.05	0.5	1e-04	100	5e-06	0.001
0.429	0.9	0.1	0.2008545	0.4	80	65.4	9.1	500	3.5	8.61	0.003304	0.00010276	0.00128789	2	0.15	0.1	0.00139729	0.2	0.00169143	0.45	0.01584543	2	4.5	0.001	0.58969351	0.39	1	0.00015335	0.001	0.001	0.02115956	0.26789905	0.0490008	9.99584182	0.1	0.01	0.01	0.01	1e-05	0.01	0.00140765	0.05	0.5	1e-04	100	5e-06	0.001
0.429	0.9	0.1	0.2008545	0.4	80	65.4	9.1	500	3.5	8.61	0.003304	0.00010284	0.00128661	2	0.15	0.1	0.00140345	0.2	0.00174729	0.45	0.01582838	2	4.5	0.001	0.58914951	0.39	1	0.00015335	0.001	0.001	0.02115956	0.26789905	0.0490008	9.99584182	0.1	0.01	0.01	0.01	1e-05	0.01	0.00140765	0.05	0.5	1e-04	100	5e-06	0.001
0.429	0.9	0.1	0.2008545	0.4	80	65.4	9.1	500	3.5	8.61	0.003304	0.00010478	0.00130861	2	0.15	0.1	0.00140083	0.2	0.00168589	0.45	0.01563251	2	4.5	0.001	0.58879468	0.39	1	0.00015335	0.001	0.001	0.02115956	0.26789905	0.0490008	9.99584182	0.1	0.01	0.01	0.01	1e-05	0.01	0.00140765	0.05	0.5	1e-04	100	5e-06	0.001
0.429	0.9	0.1	0.2008545	0.4	80	65.4	9.1	500	3.5	8.61	0.003304	0.00010291	0.00129102	2	0.15	0.1	0.00139435	0.2	0.0016518	0.45	0.01575255	2	4.5	0.001	0.58878347	0.39	1	0.00015335	0.001	0.001	0.02115956	0.26789905	0.0490008	9.99584182	0.1	0.01	0.01	0.01	1e-05	0.01	0.00140765	0.05	0.5	1e-04	100	5e-06	0.001
0.429	0.9	0.1	0.2008545	0.4	80	65.4	9.1	500	3.5	8.61	0.003304	0.00010286	0.00128747	2	0.15	0.1	0.00140359	0.2	0.00173907	0.45	0.01579708	2	4.5	0.001	0.58907443	0.39	1	0.00015335	0.001	0.001	0.02115956	0.26789905	0.0490008	9.99584182	0.1	0.01	0.01	0.01	1e-05	0.01	0.00140765	0.05	0.5	1e-04	100	5e-06	0.001
0.429	0.9	0.1	0.2008545	0.4	80	65.4	9.1	500	3.5	8.61	0.003304	0.00010263	0.00128304	2	0.15	0.1	0.00140359	0.2	0.00180029	0.45	0.01583405	2	4.5	0.001	0.5898377	0.39	1	0.00015335	0.001	0.001	0.02115956	0.26789905	0.0490008	9.99584182	0.1	0.01	0.01	0.01	1e-05	0.01	0.00140765	0.05	0.5	1e-04	100	5e-06	0.001
0.429	0.9	0.1	0.2008545	0.4	80	65.4	9.1	500	3.5	8.61	0.003304	0.00010299	0.00129167	2	0.15	0.1	0.0013971	0.2	0.00169077	0.45	0.01581063	2	4.5	0.001	0.58931056	0.39	1	0.00015335	0.001	0.001	0.02115956	0.26789905	0.0490008	9.99584182	0.1	0.01	0.01	0.01	1e-05	0.01	0.00140765	0.05	0.5	1e-04	100	5e-06	0.001
0.429	0.9	0.1	0.2008545	0.4	80	65.4	9.1	500	3.5	8.61	0.003304	0.00010337	0.00129517	2	0.15	0.1	0.00139914	0.2	0.00171784	0.45	0.01579307	2	4.5	0.001	0.58905773	0.39	1	0.00015335	0.001	0.001	0.02115956	0.26789905	0.0490008	9.99584182	0.1	0.01	0.01	0.01	1e-05	0.01	0.00140765	0.05	0.5	1e-04	100	5e-06	0.001
0.429	0.9	0.1	0.2008545	0.4	80	65.4	9.1	500	3.5	8.61	0.003304	0.00010334	0.00129455	2	0.15	0.1	0.00140064	0.2	0.00171243	0.45	0.01577369	2	4.5	0.001	0.58912659	0.39	1	0.00015335	0.001	0.001	0.02115956	0.26789905	0.0490008	9.99584182	0.1	0.01	0.01	0.01	1e-05	0.01	0.00140765	0.05	0.5	1e-04	100	5e-06	0.001
0.429	0.9	0.1	0.2008545	0.4	80	65.4	9.1	500	3.5	8.61	0.003304	0.0001029	0.00129095	2	0.15	0.1	0.00139783	0.2	0.00169084	0.45	0.01581477	2	4.5	0.001	0.58947258	0.39	1	0.00015335	0.001	0.001	0.02115956	0.26789905	0.0490008	9.99584182	0.1	0.01	0.01	0.01	1e-05	0.01	0.00140765	0.05	0.5	1e-04	100	5e-06	0.001
0.429	0.9	0.1	0.2008545	0.4	80	65.4	9.1	500	3.5	8.61	0.003304	0.00010291	0.00129151	2	0.15	0.1	0.00139653	0.2	0.00168711	0.45	0.01582408	2	4.5	0.001	0.58945007	0.39	1	0.00015335	0.001	0.001	0.02115956	0.26789905	0.0490008	9.99584182	0.1	0.01	0.01	0.01	1e-05	0.01	0.00140765	0.05	0.5	1e-04	100	5e-06	0.001
0.429	0.9	0.1	0.2008545	0.4	80	65.4	9.1	500	3.5	8.61	0.003304	0.00010316	0.0012939	2	0.15	0.1	0.00139816	0.2	0.00170748	0.45	0.01581228	2	4.5	0.001	0.58918011	0.39	1	0.00015335	0.001	0.001	0.02115956	0.26789905	0.0490008	9.99584182	0.1	0.01	0.01	0.01	1e-05	0.01	0.00140765	0.05	0.5	1e-04	100	5e-06	0.001
0.429	0.9	0.1	0.2008545	0.4	80	65.4	9.1	500	3.5	8.61	0.003304	0.00010333	0.00129567	2	0.15	0.1	0.00139779	0.2	0.00170742	0.45	0.01577618	2	4.5	0.001	0.58906123	0.39	1	0.00015335	0.001	0.001	0.02115956	0.26789905	0.0490008	9.99584182	0.1	0.01	0.01	0.01	1e-05	0.01	0.00140765	0.05	0.5	1e-04	100	5e-06	0.001
0.429	0.9	0.1	0.2008545	0.4	80	65.4	9.1	500	3.5	8.61	0.003304	0.00010277	0.00128614	2	0.15	0.1	0.00140286	0.2	0.00178944	0.45	0.01583652	2	4.5	0.001	0.58980454	0.39	1	0.00015335	0.001	0.001	0.02115956	0.26789905	0.0490008	9.99584182	0.1	0.01	0.01	0.01	1e-05	0.01	0.00140765	0.05	0.5	1e-04	100	5e-06	0.001
0.429	0.9	0.1	0.2008545	0.4	80	65.4	9.1	500	3.5	8.61	0.003304	0.00010335	0.00129671	2	0.15	0.1	0.00139815	0.2	0.00170523	0.45	0.01579017	2	4.5	0.001	0.58913778	0.39	1	0.00015335	0.001	0.001	0.02115956	0.26789905	0.0490008	9.99584182	0.1	0.01	0.01	0.01	1e-05	0.01	0.00140765	0.05	0.5	1e-04	100	5e-06	0.001
0.429	0.9	0.1	0.2008545	0.4	80	65.4	9.1	500	3.5	8.61	0.003304	0.00010291	0.00129271	2	0.15	0.1	0.00139379	0.2	0.00171493	0.45	0.01584886	2	4.5	0.001	0.58918339	0.39	1	0.00015335	0.001	0.001	0.02115956	0.26789905	0.0490008	9.99584182	0.1	0.01	0.01	0.01	1e-05	0.01	0.00140765	0.05	0.5	1e-04	100	5e-06	0.001
0.429	0.9	0.1	0.2008545	0.4	80	65.4	9.1	500	3.5	8.61	0.003304	0.00010286	0.00128593	2	0.15	0.1	0.00140359	0.2	0.00184353	0.45	0.01579708	2	4.5	0.001	0.59005297	0.39	1	0.00015335	0.001	0.001	0.02115956	0.26789905	0.0490008	9.99584182	0.1	0.01	0.01	0.01	1e-05	0.01	0.00140765	0.05	0.5	1e-04	100	5e-06	0.001
0.429	0.9	0.1	0.2008545	0.4	80	65.4	9.1	500	3.5	8.61	0.003304	0.00010798	0.00134922	2	0.15	0.1	0.00140793	0.2	0.00172508	0.45	0.0159202	2	4.5	0.001	0.59215882	0.39	1	0.00015335	0.001	0.001	0.02115956	0.26789905	0.0490008	9.99584182	0.1	0.01	0.01	0.01	1e-05	0.01	0.00140765	0.05	0.5	1e-04	100	5e-06	0.001
0.429	0.9	0.1	0.2008545	0.4	80	65.4	9.1	500	3.5	8.61	0.003304	0.00010796	0.00135093	2	0.15	0.1	0.00140227	0.2	0.00169496	0.45	0.01560842	2	4.5	0.001	0.58758937	0.39	1	0.00015335	0.001	0.001	0.02115956	0.26789905	0.0490008	9.99584182	0.1	0.01	0.01	0.01	1e-05	0.01	0.00140765	0.05	0.5	1e-04	100	5e-06	0.001
0.429	0.9	0.1	0.2008545	0.4	80	65.4	9.1	500	3.5	8.61	0.003304	0.00010796	0.00135118	2	0.15	0.1	0.00140516	0.2	0.00176559	0.45	0.01583215	2	4.5	0.001	0.58930374	0.39	1	0.00015335	0.001	0.001	0.02115956	0.26789905	0.0490008	9.99584182	0.1	0.01	0.01	0.01	1e-05	0.01	0.00140765	0.05	0.5	1e-04	100	5e-06	0.001
0.429	0.9	0.1	0.2008545	0.4	80	65.4	9.1	500	3.5	8.61	0.003304	0.00010798	0.00134519	2	0.15	0.1	0.00140793	0.2	0.00164014	0.45	0.0159202	2	4.5	0.001	0.59499052	0.39	1	0.00015335	0.001	0.001	0.02115956	0.26789905	0.0490008	9.99584182	0.1	0.01	0.01	0.01	1e-05	0.01	0.00140765	0.05	0.5	1e-04	100	5e-06	0.001
0.429	0.9	0.1	0.2008545	0.4	80	65.4	9.1	500	3.5	8.61	0.003304	0.00010785	0.00134547	2	0.15	0.1	0.00140736	0.2	0.00172205	0.45	0.01593135	2	4.5	0.001	0.59039988	0.39	1	0.00015335	0.001	0.001	0.02115956	0.26789905	0.0490008	9.99584182	0.1	0.01	0.01	0.01	1e-05	0.01	0.00140765	0.05	0.5	1e-04	100	5e-06	0.001
0.429	0.9	0.1	0.2008545	0.4	80	65.4	9.1	500	3.5	8.61	0.003304	0.00010755	0.00133682	2	0.15	0.1	0.00141111	0.2	0.0016853	0.45	0.01561435	2	4.5	0.001	0.59508574	0.39	1	0.00015335	0.001	0.001	0.02115956	0.26789905	0.0490008	9.99584182	0.1	0.01	0.01	0.01	1e-05	0.01	0.00140765	0.05	0.5	1e-04	100	5e-06	0.001
0.429	0.9	0.1	0.2008545	0.4	80	65.4	9.1	500	3.5	8.61	0.003304	0.00010764	0.0013385	2	0.15	0.1	0.00141355	0.2	0.00178203	0.45	0.01588815	2	4.5	0.001	0.59388813	0.39	1	0.00015335	0.001	0.001	0.02115956	0.26789905	0.0490008	9.99584182	0.1	0.01	0.01	0.01	1e-05	0.01	0.00140765	0.05	0.5	1e-04	100	5e-06	0.001
0.429	0.9	0.1	0.2008545	0.4	80	65.4	9.1	500	3.5	8.61	0.003304	0.00010769	0.00134025	2	0.15	0.1	0.00141093	0.2	0.00168268	0.45	0.0156378	2	4.5	0.001	0.59422551	0.39	1	0.00015335	0.001	0.001	0.02115956	0.26789905	0.0490008	9.99584182	0.1	0.01	0.01	0.01	1e-05	0.01	0.00140765	0.05	0.5	1e-04	100	5e-06	0.001
0.429	0.9	0.1	0.2008545	0.4	80	65.4	9.1	500	3.5	8.61	0.003304	0.00010802	0.00135037	2	0.15	0.1	0.00140785	0.2	0.00171949	0.45	0.01579054	2	4.5	0.001	0.58925224	0.39	1	0.00015335	0.001	0.001	0.02115956	0.26789905	0.0490008	9.99584182	0.1	0.01	0.01	0.01	1e-05	0.01	0.00140765	0.05	0.5	1e-04	100	5e-06	0.001
0.429	0.9	0.1	0.2008545	0.4	80	65.4	9.1	500	3.5	8.61	0.003304	0.00010798	0.00134922	2	0.15	0.1	0.00140793	0.2	0.00172508	0.45	0.0159202	2	4.5	0.001	0.59215882	0.39	1	0.00015335	0.001	0.001	0.02115956	0.26789905	0.0490008	9.99584182	0.1	0.01	0.01	0.01	1e-05	0.01	0.00140765	0.05	0.5	1e-04	100	5e-06	0.001
0.429	0.9	0.1	0.2008545	0.4	80	65.4	9.1	500	3.5	8.61	0.003304	0.00010796	0.00135093	2	0.15	0.1	0.00140227	0.2	0.00169496	0.45	0.01560842	2	4.5	0.001	0.58758937	0.39	1	0.00015335	0.001	0.001	0.02115956	0.26789905	0.0490008	9.99584182	0.1	0.01	0.01	0.01	1e-05	0.01	0.00140765	0.05	0.5	1e-04	100	5e-06	0.001
0.429	0.9	0.1	0.2008545	0.4	80	65.4	9.1	500	3.5	8.61	0.003304	0.00010821	0.00135541	2	0.15	0.1	0.00140529	0.2	0.00178947	0.45	0.01598626	2	4.5	0.001	0.58679958	0.39	1	0.00015335	0.001	0.001	0.02115956	0.26789905	0.0490008	9.99584182	0.1	0.01	0.01	0.01	1e-05	0.01	0.00140765	0.05	0.5	1e-04	100	5e-06	0.001
0.429	0.9	0.1	0.2008545	0.4	80	65.4	9.1	500	3.5	8.61	0.003304	0.0001079	0.00135298	2	0.15	0.1	0.00140555	0.2	0.00171065	0.45	0.01576897	2	4.5	0.001	0.58734609	0.39	1	0.00015335	0.001	0.001	0.02115956	0.26789905	0.0490008	9.99584182	0.1	0.01	0.01	0.01	1e-05	0.01	0.00140765	0.05	0.5	1e-04	100	5e-06	0.001
0.429	0.9	0.1	0.2008545	0.4	80	65.4	9.1	500	3.5	8.61	0.003304	0.00010796	0.00135118	2	0.15	0.1	0.00140516	0.2	0.00176559	0.45	0.01583215	2	4.5	0.001	0.58930374	0.39	1	0.00015335	0.001	0.001	0.02115956	0.26789905	0.0490008	9.99584182	0.1	0.01	0.01	0.01	1e-05	0.01	0.00140765	0.05	0.5	1e-04	100	5e-06	0.001
0.429	0.9	0.1	0.2008545	0.4	80	65.4	9.1	500	3.5	8.61	0.003304	0.00010795	0.00133661	2	0.15	0.1	0.00141502	0.2	0.0016677	0.45	0.01591232	2	4.5	0.001	0.59869865	0.39	1	0.00015335	0.001	0.001	0.02115956	0.26789905	0.0490008	9.99584182	0.1	0.01	0.01	0.01	1e-05	0.01	0.00140765	0.05	0.5	1e-04	100	5e-06	0.001
0.429	0.9	0.1	0.2008545	0.4	80	65.4	9.1	500	3.5	8.61	0.003304	0.00010789	0.00133674	2	0.15	0.1	0.00141327	0.2	0.00162662	0.45	0.01582452	2	4.5	0.001	0.5983475	0.39	1	0.00015335	0.001	0.001	0.02115956	0.26789905	0.0490008	9.99584182	0.1	0.01	0.01	0.01	1e-05	0.01	0.00140765	0.05	0.5	1e-04	100	5e-06	0.001
0.429	0.9	0.1	0.2008545	0.4	80	65.4	9.1	500	3.5	8.61	0.003304	0.0001079	0.00133505	2	0.15	0.1	0.0014151	0.2	0.00169136	0.45	0.01580388	2	4.5	0.001	0.59953351	0.39	1	0.00015335	0.001	0.001	0.02115956	0.26789905	0.0490008	9.99584182	0.1	0.01	0.01	0.01	1e-05	0.01	0.00140765	0.05	0.5	1e-04	100	5e-06	0.001
0.429	0.9	0.1	0.2008545	0.4	80	65.4	9.1	500	3.5	8.61	0.003304	0.00010777	0.00133774	2	0.15	0.1	0.00141255	0.2	0.00163759	0.45	0.01577777	2	4.5	0.001	0.59638737	0.39	1	0.00015335	0.001	0.001	0.02115956	0.26789905	0.0490008	9.99584182	0.1	0.01	0.01	0.01	1e-05	0.01	0.00140765	0.05	0.5	1e-04	100	5e-06	0.001
0.429	0.9	0.1	0.2008545	0.4	80	65.4	9.1	500	3.5	8.61	0.003304	0.0001078	0.00133988	2	0.15	0.1	0.00140994	0.2	0.00168686	0.45	0.01575096	2	4.5	0.001	0.59381317	0.39	1	0.00015335	0.001	0.001	0.02115956	0.26789905	0.0490008	9.99584182	0.1	0.01	0.01	0.01	1e-05	0.01	0.00140765	0.05	0.5	1e-04	100	5e-06	0.001
0.429	0.9	0.1	0.2008545	0.4	80	65.4	9.1	500	3.5	8.61	0.003304	0.00010787	0.00133862	2	0.15	0.1	0.00141526	0.2	0.0017208	0.45	0.01596016	2	4.5	0.001	0.59712361	0.39	1	0.00015335	0.001	0.001	0.02115956	0.26789905	0.0490008	9.99584182	0.1	0.01	0.01	0.01	1e-05	0.01	0.00140765	0.05	0.5	1e-04	100	5e-06	0.001
0.429	0.9	0.1	0.2008545	0.4	80	65.4	9.1	500	3.5	8.61	0.003304	0.00010778	0.00133704	2	0.15	0.1	0.00141772	0.2	0.0017349	0.45	0.01596263	2	4.5	0.001	0.59768448	0.39	1	0.00015335	0.001	0.001	0.02115956	0.26789905	0.0490008	9.99584182	0.1	0.01	0.01	0.01	1e-05	0.01	0.00140765	0.05	0.5	1e-04	100	5e-06	0.001
0.429	0.9	0.1	0.2008545	0.4	80	65.4	9.1	500	3.5	8.61	0.003304	0.00010798	0.00134519	2	0.15	0.1	0.00140793	0.2	0.00164014	0.45	0.0159202	2	4.5	0.001	0.59499052	0.39	1	0.00015335	0.001	0.001	0.02115956	0.26789905	0.0490008	9.99584182	0.1	0.01	0.01	0.01	1e-05	0.01	0.00140765	0.05	0.5	1e-04	100	5e-06	0.001
0.429	0.9	0.1	0.2008545	0.4	80	65.4	9.1	500	3.5	8.61	0.003304	0.00010777	0.00133813	2	0.15	0.1	0.00141325	0.2	0.00173481	0.45	0.01581063	2	4.5	0.001	0.59554397	0.39	1	0.00015335	0.001	0.001	0.02115956	0.26789905	0.0490008	9.99584182	0.1	0.01	0.01	0.01	1e-05	0.01	0.00140765	0.05	0.5	1e-04	100	5e-06	0.001
0.429	0.9	0.1	0.2008545	0.4	80	65.4	9.1	500	3.5	8.61	0.003304	0.00010785	0.00134547	2	0.15	0.1	0.00140736	0.2	0.00172205	0.45	0.01593135	2	4.5	0.001	0.59039988	0.39	1	0.00015335	0.001	0.001	0.02115956	0.26789905	0.0490008	9.99584182	0.1	0.01	0.01	0.01	1e-05	0.01	0.00140765	0.05	0.5	1e-04	100	5e-06	0.001
0.429	0.9	0.1	0.2008545	0.4	80	65.4	9.1	500	3.5	8.61	0.003304	0.0001079	0.00134076	2	0.15	0.1	0.0014151	0.2	0.00173053	0.45	0.01580388	2	4.5	0.001	0.59468072	0.39	1	0.00015335	0.001	0.001	0.02115956	0.26789905	0.0490008	9.99584182	0.1	0.01	0.01	0.01	1e-05	0.01	0.00140765	0.05	0.5	1e-04	100	5e-06	0.001
0.429	0.9	0.1	0.2008545	0.4	80	65.4	9.1	500	3.5	8.61	0.003304	0.00010789	0.00134347	2	0.15	0.1	0.00141072	0.2	0.00167975	0.45	0.015826	2	4.5	0.001	0.59473763	0.39	1	0.00015335	0.001	0.001	0.02115956	0.26789905	0.0490008	9.99584182	0.1	0.01	0.01	0.01	1e-05	0.01	0.00140765	0.05	0.5	1e-04	100	5e-06	0.001
0.429	0.9	0.1	0.2008545	0.4	80	65.4	9.1	500	3.5	8.61	0.003304	0.00010755	0.00133682	2	0.15	0.1	0.00141111	0.2	0.0016853	0.45	0.01561435	2	4.5	0.001	0.59508574	0.39	1	0.00015335	0.001	0.001	0.02115956	0.26789905	0.0490008	9.99584182	0.1	0.01	0.01	0.01	1e-05	0.01	0.00140765	0.05	0.5	1e-04	100	5e-06	0.001
0.429	0.9	0.1	0.2008545	0.4	80	65.4	9.1	500	3.5	8.61	0.003304	0.00010764	0.0013385	2	0.15	0.1	0.00141355	0.2	0.00178203	0.45	0.01588815	2	4.5	0.001	0.59388813	0.39	1	0.00015335	0.001	0.001	0.02115956	0.26789905	0.0490008	9.99584182	0.1	0.01	0.01	0.01	1e-05	0.01	0.00140765	0.05	0.5	1e-04	100	5e-06	0.001
0.429	0.9	0.1	0.2008545	0.4	80	65.4	9.1	500	3.5	8.61	0.003304	0.00010752	0.00133505	2	0.15	0.1	0.00141604	0.2	0.00169136	0.45	0.01577355	2	4.5	0.001	0.59953351	0.39	1	0.00015335	0.001	0.001	0.02115956	0.26789905	0.0490008	9.99584182	0.1	0.01	0.01	0.01	1e-05	0.01	0.00140765	0.05	0.5	1e-04	100	5e-06	0.001
0.429	0.9	0.1	0.2008545	0.4	80	65.4	9.1	500	3.5	8.61	0.003304	0.000108	0.00134728	2	0.15	0.1	0.00140828	0.2	0.00173006	0.45	0.01586854	2	4.5	0.001	0.59123611	0.39	1	0.00015335	0.001	0.001	0.02115956	0.26789905	0.0490008	9.99584182	0.1	0.01	0.01	0.01	1e-05	0.01	0.00140765	0.05	0.5	1e-04	100	5e-06	0.001
0.429	0.9	0.1	0.2008545	0.4	80	65.4	9.1	500	3.5	8.61	0.003304	0.00010776	0.00134092	2	0.15	0.1	0.00141753	0.2	0.00176881	0.45	0.01597517	2	4.5	0.001	0.59501938	0.39	1	0.00015335	0.001	0.001	0.02115956	0.26789905	0.0490008	9.99584182	0.1	0.01	0.01	0.01	1e-05	0.01	0.00140765	0.05	0.5	1e-04	100	5e-06	0.001
0.429	0.9	0.1	0.2008545	0.4	80	65.4	9.1	500	3.5	8.61	0.003304	0.00010789	0.00134806	2	0.15	0.1	0.00140893	0.2	0.00169893	0.45	0.01586697	2	4.5	0.001	0.59177024	0.39	1	0.00015335	0.001	0.001	0.02115956	0.26789905	0.0490008	9.99584182	0.1	0.01	0.01	0.01	1e-05	0.01	0.00140765	0.05	0.5	1e-04	100	5e-06	0.001
0.429	0.9	0.1	0.2008545	0.4	80	65.4	9.1	500	3.5	8.61	0.003304	0.00010802	0.00135037	2	0.15	0.1	0.00140785	0.2	0.00171949	0.45	0.01579054	2	4.5	0.001	0.58925224	0.39	1	0.00015335	0.001	0.001	0.02115956	0.26789905	0.0490008	9.99584182	0.1	0.01	0.01	0.01	1e-05	0.01	0.00140765	0.05	0.5	1e-04	100	5e-06	0.001
0.429	0.9	0.1	0.2008545	0.4	80	65.4	9.1	500	3.5	8.61	0.003304	0.00010787	0.00134439	2	0.15	0.1	0.00141526	0.2	0.00162621	0.45	0.01596016	2	4.5	0.001	0.59763965	0.39	1	0.00015335	0.001	0.001	0.02115956	0.26789905	0.0490008	9.99584182	0.1	0.01	0.01	0.01	1e-05	0.01	0.00140765	0.05	0.5	1e-04	100	5e-06	0.001
0.429	0.9	0.1	0.2008545	0.4	80	65.4	9.1	500	3.5	8.61	0.003304	0.00010798	0.00134922	2	0.15	0.1	0.00140793	0.2	0.00172508	0.45	0.0159202	2	4.5	0.001	0.59215882	0.39	1	0.00015335	0.001	0.001	0.02115956	0.26789905	0.0490008	9.99584182	0.1	0.01	0.01	0.01	1e-05	0.01	0.00140765	0.05	0.5	1e-04	100	5e-06	0.001
0.429	0.9	0.1	0.2008545	0.4	80	65.4	9.1	500	3.5	8.61	0.003304	0.00010792	0.00135002	2	0.15	0.1	0.00140666	0.2	0.00172382	0.45	0.01583394	2	4.5	0.001	0.58935772	0.39	1	0.00015335	0.001	0.001	0.02115956	0.26789905	0.0490008	9.99584182	0.1	0.01	0.01	0.01	1e-05	0.01	0.00140765	0.05	0.5	1e-04	100	5e-06	0.001
0.429	0.9	0.1	0.2008545	0.4	80	65.4	9.1	500	3.5	8.61	0.003304	0.00010796	0.00135093	2	0.15	0.1	0.00140227	0.2	0.00169496	0.45	0.01560842	2	4.5	0.001	0.58758937	0.39	1	0.00015335	0.001	0.001	0.02115956	0.26789905	0.0490008	9.99584182	0.1	0.01	0.01	0.01	1e-05	0.01	0.00140765	0.05	0.5	1e-04	100	5e-06	0.001
0.429	0.9	0.1	0.2008545	0.4	80	65.4	9.1	500	3.5	8.61	0.003304	0.0001079	0.00135298	2	0.15	0.1	0.00140555	0.2	0.00171065	0.45	0.01576897	2	4.5	0.001	0.58734609	0.39	1	0.00015335	0.001	0.001	0.02115956	0.26789905	0.0490008	9.99584182	0.1	0.01	0.01	0.01	1e-05	0.01	0.00140765	0.05	0.5	1e-04	100	5e-06	0.001
0.429	0.9	0.1	0.2008545	0.4	80	65.4	9.1	500	3.5	8.61	0.003304	0.00010795	0.00133661	2	0.15	0.1	0.00141502	0.2	0.0016677	0.45	0.01591232	2	4.5	0.001	0.59869865	0.39	1	0.00015335	0.001	0.001	0.02115956	0.26789905	0.0490008	9.99584182	0.1	0.01	0.01	0.01	1e-05	0.01	0.00140765	0.05	0.5	1e-04	100	5e-06	0.001
0.429	0.9	0.1	0.2008545	0.4	80	65.4	9.1	500	3.5	8.61	0.003304	0.00010783	0.0013341	2	0.15	0.1	0.00141432	0.2	0.00166811	0.45	0.01578416	2	4.5	0.001	0.59891822	0.39	1	0.00015335	0.001	0.001	0.02115956	0.26789905	0.0490008	9.99584182	0.1	0.01	0.01	0.01	1e-05	0.01	0.00140765	0.05	0.5	1e-04	100	5e-06	0.001
0.429	0.9	0.1	0.2008545	0.4	80	65.4	9.1	500	3.5	8.61	0.003304	0.00010775	0.00133425	2	0.15	0.1	0.0014132	0.2	0.00163184	0.45	0.01586919	2	4.5	0.001	0.59921776	0.39	1	0.00015335	0.001	0.001	0.02115956	0.26789905	0.0490008	9.99584182	0.1	0.01	0.01	0.01	1e-05	0.01	0.00140765	0.05	0.5	1e-04	100	5e-06	0.001
0.429	0.9	0.1	0.2008545	0.4	80	65.4	9.1	500	3.5	8.61	0.003304	0.00010788	0.00133579	2	0.15	0.1	0.00141276	0.2	0.00166239	0.45	0.01577452	2	4.5	0.001	0.59807827	0.39	1	0.00015335	0.001	0.001	0.02115956	0.26789905	0.0490008	9.99584182	0.1	0.01	0.01	0.01	1e-05	0.01	0.00140765	0.05	0.5	1e-04	100	5e-06	0.001
0.429	0.9	0.1	0.2008545	0.4	80	65.4	9.1	500	3.5	8.61	0.003304	0.00010789	0.00133674	2	0.15	0.1	0.00141327	0.2	0.00162662	0.45	0.01582452	2	4.5	0.001	0.5983475	0.39	1	0.00015335	0.001	0.001	0.02115956	0.26789905	0.0490008	9.99584182	0.1	0.01	0.01	0.01	1e-05	0.01	0.00140765	0.05	0.5	1e-04	100	5e-06	0.001
0.429	0.9	0.1	0.2008545	0.4	80	65.4	9.1	500	3.5	8.61	0.003304	0.00010776	0.00133426	2	0.15	0.1	0.00141469	0.2	0.00162432	0.45	0.01586499	2	4.5	0.001	0.59988738	0.39	1	0.00015335	0.001	0.001	0.02115956	0.26789905	0.0490008	9.99584182	0.1	0.01	0.01	0.01	1e-05	0.01	0.00140765	0.05	0.5	1e-04	100	5e-06	0.001
0.429	0.9	0.1	0.2008545	0.4	80	65.4	9.1	500	3.5	8.61	0.003304	0.0001079	0.00133505	2	0.15	0.1	0.0014151	0.2	0.00169136	0.45	0.01580388	2	4.5	0.001	0.59953351	0.39	1	0.00015335	0.001	0.001	0.02115956	0.26789905	0.0490008	9.99584182	0.1	0.01	0.01	0.01	1e-05	0.01	0.00140765	0.05	0.5	1e-04	100	5e-06	0.001
0.429	0.9	0.1	0.2008545	0.4	80	65.4	9.1	500	3.5	8.61	0.003304	0.00010783	0.00133953	2	0.15	0.1	0.00141163	0.2	0.00166777	0.45	0.01586229	2	4.5	0.001	0.59582654	0.39	1	0.00015335	0.001	0.001	0.02115956	0.26789905	0.0490008	9.99584182	0.1	0.01	0.01	0.01	1e-05	0.01	0.00140765	0.05	0.5	1e-04	100	5e-06	0.001
0.429	0.9	0.1	0.2008545	0.4	80	65.4	9.1	500	3.5	8.61	0.003304	0.00010777	0.00133774	2	0.15	0.1	0.00141255	0.2	0.00163759	0.45	0.01577777	2	4.5	0.001	0.59638737	0.39	1	0.00015335	0.001	0.001	0.02115956	0.26789905	0.0490008	9.99584182	0.1	0.01	0.01	0.01	1e-05	0.01	0.00140765	0.05	0.5	1e-04	100	5e-06	0.001
0.429	0.9	0.1	0.2008545	0.4	80	65.4	9.1	500	3.5	8.61	0.003304	0.00010787	0.00133674	2	0.15	0.1	0.00141349	0.2	0.00162662	0.45	0.01574828	2	4.5	0.001	0.5983475	0.39	1	0.00015335	0.001	0.001	0.02115956	0.26789905	0.0490008	9.99584182	0.1	0.01	0.01	0.01	1e-05	0.01	0.00140765	0.05	0.5	1e-04	100	5e-06	0.001
0.429	0.9	0.1	0.2008545	0.4	80	65.4	9.1	500	3.5	8.61	0.003304	0.00010778	0.00133674	2	0.15	0.1	0.00141244	0.2	0.00162662	0.45	0.01582698	2	4.5	0.001	0.5983475	0.39	1	0.00015335	0.001	0.001	0.02115956	0.26789905	0.0490008	9.99584182	0.1	0.01	0.01	0.01	1e-05	0.01	0.00140765	0.05	0.5	1e-04	100	5e-06	0.001
0.429	0.9	0.1	0.2008545	0.4	80	65.4	9.1	500	3.5	8.61	0.003304	0.00010779	0.00133812	2	0.15	0.1	0.00141321	0.2	0.00168296	0.45	0.0158638	2	4.5	0.001	0.59666966	0.39	1	0.00015335	0.001	0.001	0.02115956	0.26789905	0.0490008	9.99584182	0.1	0.01	0.01	0.01	1e-05	0.01	0.00140765	0.05	0.5	1e-04	100	5e-06	0.001
0.429	0.9	0.1	0.2008545	0.4	80	65.4	9.1	500	3.5	8.61	0.003304	0.0001079	0.00134087	2	0.15	0.1	0.00141053	0.2	0.00163797	0.45	0.01587235	2	4.5	0.001	0.59649643	0.39	1	0.00015335	0.001	0.001	0.02115956	0.26789905	0.0490008	9.99584182	0.1	0.01	0.01	0.01	1e-05	0.01	0.00140765	0.05	0.5	1e-04	100	5e-06	0.001
0.429	0.9	0.1	0.2008545	0.4	80	65.4	9.1	500	3.5	8.61	0.003304	0.00010772	0.00133661	2	0.15	0.1	0.00141123	0.2	0.0016677	0.45	0.01583957	2	4.5	0.001	0.59869865	0.39	1	0.00015335	0.001	0.001	0.02115956	0.26789905	0.0490008	9.99584182	0.1	0.01	0.01	0.01	1e-05	0.01	0.00140765	0.05	0.5	1e-04	100	5e-06	0.001
0.429	0.9	0.1	0.2008545	0.4	80	65.4	9.1	500	3.5	8.61	0.003304	0.0001078	0.00133988	2	0.15	0.1	0.00140994	0.2	0.00168686	0.45	0.01575096	2	4.5	0.001	0.59381317	0.39	1	0.00015335	0.001	0.001	0.02115956	0.26789905	0.0490008	9.99584182	0.1	0.01	0.01	0.01	1e-05	0.01	0.00140765	0.05	0.5	1e-04	100	5e-06	0.001
0.429	0.9	0.1	0.2008545	0.4	80	65.4	9.1	500	3.5	8.61	0.003304	0.00010775	0.00133674	2	0.15	0.1	0.00141036	0.2	0.00162662	0.45	0.01573666	2	4.5	0.001	0.5983475	0.39	1	0.00015335	0.001	0.001	0.02115956	0.26789905	0.0490008	9.99584182	0.1	0.01	0.01	0.01	1e-05	0.01	0.00140765	0.05	0.5	1e-04	100	5e-06	0.001
0.429	0.9	0.1	0.2008545	0.4	80	65.4	9.1	500	3.5	8.61	0.003304	0.00010787	0.00133862	2	0.15	0.1	0.00141526	0.2	0.0017208	0.45	0.01596016	2	4.5	0.001	0.59712361	0.39	1	0.00015335	0.001	0.001	0.02115956	0.26789905	0.0490008	9.99584182	0.1	0.01	0.01	0.01	1e-05	0.01	0.00140765	0.05	0.5	1e-04	100	5e-06	0.001
0.429	0.9	0.1	0.2008545	0.4	80	65.4	9.1	500	3.5	8.61	0.003304	0.00010776	0.00133689	2	0.15	0.1	0.00141397	0.2	0.00169125	0.45	0.01579293	2	4.5	0.001	0.59741271	0.39	1	0.00015335	0.001	0.001	0.02115956	0.26789905	0.0490008	9.99584182	0.1	0.01	0.01	0.01	1e-05	0.01	0.00140765	0.05	0.5	1e-04	100	5e-06	0.001
0.429	0.9	0.1	0.2008545	0.4	80	65.4	9.1	500	3.5	8.61	0.003304	0.00010778	0.00133704	2	0.15	0.1	0.00141772	0.2	0.0017349	0.45	0.01596263	2	4.5	0.001	0.59768448	0.39	1	0.00015335	0.001	0.001	0.02115956	0.26789905	0.0490008	9.99584182	0.1	0.01	0.01	0.01	1e-05	0.01	0.00140765	0.05	0.5	1e-04	100	5e-06	0.001
0.429	0.9	0.1	0.2008545	0.4	80	65.4	9.1	500	3.5	8.61	0.003304	0.00010787	0.00133961	2	0.15	0.1	0.00141414	0.2	0.00171634	0.45	0.01581191	2	4.5	0.001	0.59545262	0.39	1	0.00015335	0.001	0.001	0.02115956	0.26789905	0.0490008	9.99584182	0.1	0.01	0.01	0.01	1e-05	0.01	0.00140765	0.05	0.5	1e-04	100	5e-06	0.001
0.429	0.9	0.1	0.2008545	0.4	80	65.4	9.1	500	3.5	8.61	0.003304	0.00010787	0.00134292	2	0.15	0.1	0.00141065	0.2	0.00166758	0.45	0.01585761	2	4.5	0.001	0.59476989	0.39	1	0.00015335	0.001	0.001	0.02115956	0.26789905	0.0490008	9.99584182	0.1	0.01	0.01	0.01	1e-05	0.01	0.00140765	0.05	0.5	1e-04	100	5e-06	0.001
0.429	0.9	0.1	0.2008545	0.4	80	65.4	9.1	500	3.5	8.61	0.003304	0.00010769	0.00133737	2	0.15	0.1	0.00141255	0.2	0.00169238	0.45	0.01571864	2	4.5	0.001	0.5959204	0.39	1	0.00015335	0.001	0.001	0.02115956	0.26789905	0.0490008	9.99584182	0.1	0.01	0.01	0.01	1e-05	0.01	0.00140765	0.05	0.5	1e-04	100	5e-06	0.001
0.429	0.9	0.1	0.2008545	0.4	80	65.4	9.1	500	3.5	8.61	0.003304	0.00010777	0.00133813	2	0.15	0.1	0.00141325	0.2	0.00173481	0.45	0.01581063	2	4.5	0.001	0.59554397	0.39	1	0.00015335	0.001	0.001	0.02115956	0.26789905	0.0490008	9.99584182	0.1	0.01	0.01	0.01	1e-05	0.01	0.00140765	0.05	0.5	1e-04	100	5e-06	0.001
0.429	0.9	0.1	0.2008545	0.4	80	65.4	9.1	500	3.5	8.61	0.003304	0.00010789	0.00134308	2	0.15	0.1	0.00141061	0.2	0.0017043	0.45	0.01585509	2	4.5	0.001	0.59470055	0.39	1	0.00015335	0.001	0.001	0.02115956	0.26789905	0.0490008	9.99584182	0.1	0.01	0.01	0.01	1e-05	0.01	0.00140765	0.05	0.5	1e-04	100	5e-06	0.001
0.429	0.9	0.1	0.2008545	0.4	80	65.4	9.1	500	3.5	8.61	0.003304	0.00010792	0.00135002	2	0.15	0.1	0.00140666	0.2	0.00172382	0.45	0.01583394	2	4.5	0.001	0.58935772	0.39	1	0.00015335	0.001	0.001	0.02115956	0.26789905	0.0490008	9.99584182	0.1	0.01	0.01	0.01	1e-05	0.01	0.00140765	0.05	0.5	1e-04	100	5e-06	0.001
0.43	0.9	0.1	0.2008545	0.4	80	65.4	9.1	500	3.5	8.61	0.003304	0.00010191	0.00126955	2	0.15	0.1	0.00140594	0.2	0.00159239	0.45	0.01440044	2	4.5	0.001	0.5955989	0.39	1	0.00015335	0.001	0.001	0.02115956	0.26789905	0.0490008	9.99584182	0.1	0.01	0.01	0.01	1e-05	0.01	0.00140765	0.05	0.5	1e-04	100	5e-06	0.001
0.43	0.9	0.1	0.2008545	0.4	80	65.4	9.1	500	3.5	8.61	0.003304	0.00010306	0.0012852	2	0.15	0.1	0.00140156	0.2	0.00161639	0.45	0.01437323	2	4.5	0.001	0.58677131	0.39	1	0.00015335	0.001	0.001	0.02115956	0.26789905	0.0490008	9.99584182	0.1	0.01	0.01	0.01	1e-05	0.01	0.00140765	0.05	0.5	1e-04	100	5e-06	0.001
0.43	0.9	0.1	0.2008545	0.4	80	65.4	9.1	500	3.5	8.61	0.003304	0.00010191	0.00126955	2	0.15	0.1	0.00140594	0.2	0.00159239	0.45	0.01440044	2	4.5	0.001	0.5955989	0.39	1	0.00015335	0.001	0.001	0.02115956	0.26789905	0.0490008	9.99584182	0.1	0.01	0.01	0.01	1e-05	0.01	0.00140765	0.05	0.5	1e-04	100	5e-06	0.001
0.43	0.9	0.1	0.2008545	0.4	80	65.4	9.1	500	3.5	8.61	0.003304	0.00010358	0.00129795	2	0.15	0.1	0.00141592	0.2	0.00175317	0.45	0.01436412	2	4.5	0.001	0.58568981	0.39	1	0.00015335	0.001	0.001	0.02115956	0.26789905	0.0490008	9.99584182	0.1	0.01	0.01	0.01	1e-05	0.01	0.00140765	0.05	0.5	1e-04	100	5e-06	0.001
0.43	0.9	0.1	0.2008545	0.4	80	65.4	9.1	500	3.5	8.61	0.003304	0.00010235	0.00126943	2	0.15	0.1	0.0013959	0.2	0.00149445	0.45	0.01441125	2	4.5	0.001	0.59334243	0.39	1	0.00015335	0.001	0.001	0.02115956	0.26789905	0.0490008	9.99584182	0.1	0.01	0.01	0.01	1e-05	0.01	0.00140765	0.05	0.5	1e-04	100	5e-06	0.001
0.43	0.9	0.1	0.2008545	0.4	80	65.4	9.1	500	3.5	8.61	0.003304	0.00010306	0.0012852	2	0.15	0.1	0.00140156	0.2	0.00161639	0.45	0.01437323	2	4.5	0.001	0.58677131	0.39	1	0.00015335	0.001	0.001	0.02115956	0.26789905	0.0490008	9.99584182	0.1	0.01	0.01	0.01	1e-05	0.01	0.00140765	0.05	0.5	1e-04	100	5e-06	0.001
0.43	0.9	0.1	0.2008545	0.4	80	65.4	9.1	500	3.5	8.61	0.003304	0.00010191	0.00126955	2	0.15	0.1	0.00140594	0.2	0.00159239	0.45	0.01440044	2	4.5	0.001	0.5955989	0.39	1	0.00015335	0.001	0.001	0.02115956	0.26789905	0.0490008	9.99584182	0.1	0.01	0.01	0.01	1e-05	0.01	0.00140765	0.05	0.5	1e-04	100	5e-06	0.001
0.43	0.9	0.1	0.2008545	0.4	80	65.4	9.1	500	3.5	8.61	0.003304	0.00010358	0.00129795	2	0.15	0.1	0.00141592	0.2	0.00175317	0.45	0.01436412	2	4.5	0.001	0.58568981	0.39	1	0.00015335	0.001	0.001	0.02115956	0.26789905	0.0490008	9.99584182	0.1	0.01	0.01	0.01	1e-05	0.01	0.00140765	0.05	0.5	1e-04	100	5e-06	0.001
0.43	0.9	0.1	0.2008545	0.4	80	65.4	9.1	500	3.5	8.61	0.003304	0.00010389	0.00130462	2	0.15	0.1	0.00140909	0.2	0.00167898	0.45	0.01428548	2	4.5	0.001	0.58405913	0.39	1	0.00015335	0.001	0.001	0.02115956	0.26789905	0.0490008	9.99584182	0.1	0.01	0.01	0.01	1e-05	0.01	0.00140765	0.05	0.5	1e-04	100	5e-06	0.001
0.43	0.9	0.1	0.2008545	0.4	80	65.4	9.1	500	3.5	8.61	0.003304	0.00010311	0.00128808	2	0.15	0.1	0.0014206	0.2	0.00191463	0.45	0.01451345	2	4.5	0.001	0.58820939	0.39	1	0.00015335	0.001	0.001	0.02115956	0.26789905	0.0490008	9.99584182	0.1	0.01	0.01	0.01	1e-05	0.01	0.00140765	0.05	0.5	1e-04	100	5e-06	0.001
0.43	0.9	0.1	0.2008545	0.4	80	65.4	9.1	500	3.5	8.61	0.003304	0.00010222	0.00127007	2	0.15	0.1	0.00140018	0.2	0.00159971	0.45	0.01440727	2	4.5	0.001	0.59499848	0.39	1	0.00015335	0.001	0.001	0.02115956	0.26789905	0.0490008	9.99584182	0.1	0.01	0.01	0.01	1e-05	0.01	0.00140765	0.05	0.5	1e-04	100	5e-06	0.001
0.43	0.9	0.1	0.2008545	0.4	80	65.4	9.1	500	3.5	8.61	0.003304	0.00010235	0.00126943	2	0.15	0.1	0.0013959	0.2	0.00149445	0.45	0.01441125	2	4.5	0.001	0.59334243	0.39	1	0.00015335	0.001	0.001	0.02115956	0.26789905	0.0490008	9.99584182	0.1	0.01	0.01	0.01	1e-05	0.01	0.00140765	0.05	0.5	1e-04	100	5e-06	0.001
0.43	0.9	0.1	0.2008545	0.4	80	65.4	9.1	500	3.5	8.61	0.003304	0.00010306	0.0012852	2	0.15	0.1	0.00140156	0.2	0.00161639	0.45	0.01437323	2	4.5	0.001	0.58677131	0.39	1	0.00015335	0.001	0.001	0.02115956	0.26789905	0.0490008	9.99584182	0.1	0.01	0.01	0.01	1e-05	0.01	0.00140765	0.05	0.5	1e-04	100	5e-06	0.001
0.43	0.9	0.1	0.2008545	0.4	80	65.4	9.1	500	3.5	8.61	0.003304	0.00010237	0.00127285	2	0.15	0.1	0.00138798	0.2	0.00150013	0.45	0.01438726	2	4.5	0.001	0.59297909	0.39	1	0.00015335	0.001	0.001	0.02115956	0.26789905	0.0490008	9.99584182	0.1	0.01	0.01	0.01	1e-05	0.01	0.00140765	0.05	0.5	1e-04	100	5e-06	0.001
0.43	0.9	0.1	0.2008545	0.4	80	65.4	9.1	500	3.5	8.61	0.003304	0.00010191	0.00126955	2	0.15	0.1	0.00140594	0.2	0.00159239	0.45	0.01440044	2	4.5	0.001	0.5955989	0.39	1	0.00015335	0.001	0.001	0.02115956	0.26789905	0.0490008	9.99584182	0.1	0.01	0.01	0.01	1e-05	0.01	0.00140765	0.05	0.5	1e-04	100	5e-06	0.001
0.43	0.9	0.1	0.2008545	0.4	80	65.4	9.1	500	3.5	8.61	0.003304	0.00010269	0.00128152	2	0.15	0.1	0.00140428	0.2	0.00181258	0.45	0.01445344	2	4.5	0.001	0.58908453	0.39	1	0.00015335	0.001	0.001	0.02115956	0.26789905	0.0490008	9.99584182	0.1	0.01	0.01	0.01	1e-05	0.01	0.00140765	0.05	0.5	1e-04	100	5e-06	0.001
0.43	0.9	0.1	0.2008545	0.4	80	65.4	9.1	500	3.5	8.61	0.003304	0.00010358	0.00129795	2	0.15	0.1	0.00141592	0.2	0.00175317	0.45	0.01436412	2	4.5	0.001	0.58568981	0.39	1	0.00015335	0.001	0.001	0.02115956	0.26789905	0.0490008	9.99584182	0.1	0.01	0.01	0.01	1e-05	0.01	0.00140765	0.05	0.5	1e-04	100	5e-06	0.001
0.43	0.9	0.1	0.2008545	0.4	80	65.4	9.1	500	3.5	8.61	0.003304	0.00010389	0.00130462	2	0.15	0.1	0.00140909	0.2	0.00167898	0.45	0.01428548	2	4.5	0.001	0.58405913	0.39	1	0.00015335	0.001	0.001	0.02115956	0.26789905	0.0490008	9.99584182	0.1	0.01	0.01	0.01	1e-05	0.01	0.00140765	0.05	0.5	1e-04	100	5e-06	0.001
0.43	0.9	0.1	0.2008545	0.4	80	65.4	9.1	500	3.5	8.61	0.003304	0.00010311	0.00128808	2	0.15	0.1	0.0014206	0.2	0.00191463	0.45	0.01451345	2	4.5	0.001	0.58820939	0.39	1	0.00015335	0.001	0.001	0.02115956	0.26789905	0.0490008	9.99584182	0.1	0.01	0.01	0.01	1e-05	0.01	0.00140765	0.05	0.5	1e-04	100	5e-06	0.001
0.43	0.9	0.1	0.2008545	0.4	80	65.4	9.1	500	3.5	8.61	0.003304	0.00010225	0.00126676	2	0.15	0.1	0.00140644	0.2	0.00163405	0.45	0.01441934	2	4.5	0.001	0.59334119	0.39	1	0.00015335	0.001	0.001	0.02115956	0.26789905	0.0490008	9.99584182	0.1	0.01	0.01	0.01	1e-05	0.01	0.00140765	0.05	0.5	1e-04	100	5e-06	0.001
0.43	0.9	0.1	0.2008545	0.4	80	65.4	9.1	500	3.5	8.61	0.003304	0.00010136	0.00125054	2	0.15	0.1	0.00140046	0.2	0.00151656	0.45	0.01443751	2	4.5	0.001	0.5982488	0.39	1	0.00015335	0.001	0.001	0.02115956	0.26789905	0.0490008	9.99584182	0.1	0.01	0.01	0.01	1e-05	0.01	0.00140765	0.05	0.5	1e-04	100	5e-06	0.001
0.43	0.9	0.1	0.2008545	0.4	80	65.4	9.1	500	3.5	8.61	0.003304	0.00010222	0.00126574	2	0.15	0.1	0.00140956	0.2	0.00168231	0.45	0.01445969	2	4.5	0.001	0.59434702	0.39	1	0.00015335	0.001	0.001	0.02115956	0.26789905	0.0490008	9.99584182	0.1	0.01	0.01	0.01	1e-05	0.01	0.00140765	0.05	0.5	1e-04	100	5e-06	0.001
0.43	0.9	0.1	0.2008545	0.4	80	65.4	9.1	500	3.5	8.61	0.003304	0.00010156	0.00126032	2	0.15	0.1	0.00140361	0.2	0.00158701	0.45	0.01444356	2	4.5	0.001	0.59618497	0.39	1	0.00015335	0.001	0.001	0.02115956	0.26789905	0.0490008	9.99584182	0.1	0.01	0.01	0.01	1e-05	0.01	0.00140765	0.05	0.5	1e-04	100	5e-06	0.001
0.43	0.9	0.1	0.2008545	0.4	80	65.4	9.1	500	3.5	8.61	0.003304	0.00010222	0.00127007	2	0.15	0.1	0.00140018	0.2	0.00159971	0.45	0.01440727	2	4.5	0.001	0.59499848	0.39	1	0.00015335	0.001	0.001	0.02115956	0.26789905	0.0490008	9.99584182	0.1	0.01	0.01	0.01	1e-05	0.01	0.00140765	0.05	0.5	1e-04	100	5e-06	0.001
0.43	0.9	0.1	0.2008545	0.4	80	65.4	9.1	500	3.5	8.61	0.003304	0.00010195	0.00126703	2	0.15	0.1	0.00140455	0.2	0.00159472	0.45	0.01441395	2	4.5	0.001	0.59516319	0.39	1	0.00015335	0.001	0.001	0.02115956	0.26789905	0.0490008	9.99584182	0.1	0.01	0.01	0.01	1e-05	0.01	0.00140765	0.05	0.5	1e-04	100	5e-06	0.001
0.43	0.9	0.1	0.2008545	0.4	80	65.4	9.1	500	3.5	8.61	0.003304	0.00010235	0.00126943	2	0.15	0.1	0.0013959	0.2	0.00149445	0.45	0.01441125	2	4.5	0.001	0.59334243	0.39	1	0.00015335	0.001	0.001	0.02115956	0.26789905	0.0490008	9.99584182	0.1	0.01	0.01	0.01	1e-05	0.01	0.00140765	0.05	0.5	1e-04	100	5e-06	0.001
0.43	0.9	0.1	0.2008545	0.4	80	65.4	9.1	500	3.5	8.61	0.003304	0.00010306	0.0012852	2	0.15	0.1	0.00140156	0.2	0.00161639	0.45	0.01437323	2	4.5	0.001	0.58677131	0.39	1	0.00015335	0.001	0.001	0.02115956	0.26789905	0.0490008	9.99584182	0.1	0.01	0.01	0.01	1e-05	0.01	0.00140765	0.05	0.5	1e-04	100	5e-06	0.001
0.43	0.9	0.1	0.2008545	0.4	80	65.4	9.1	500	3.5	8.61	0.003304	0.00010237	0.00127285	2	0.15	0.1	0.00138798	0.2	0.00150013	0.45	0.01438726	2	4.5	0.001	0.59297909	0.39	1	0.00015335	0.001	0.001	0.02115956	0.26789905	0.0490008	9.99584182	0.1	0.01	0.01	0.01	1e-05	0.01	0.00140765	0.05	0.5	1e-04	100	5e-06	0.001
0.43	0.9	0.1	0.2008545	0.4	80	65.4	9.1	500	3.5	8.61	0.003304	0.00010317	0.00128509	2	0.15	0.1	0.00140494	0.2	0.00163612	0.45	0.0143357	2	4.5	0.001	0.58902588	0.39	1	0.00015335	0.001	0.001	0.02115956	0.26789905	0.0490008	9.99584182	0.1	0.01	0.01	0.01	1e-05	0.01	0.00140765	0.05	0.5	1e-04	100	5e-06	0.001
0.43	0.9	0.1	0.2008545	0.4	80	65.4	9.1	500	3.5	8.61	0.003304	0.00010145	0.00126174	2	0.15	0.1	0.00139167	0.2	0.00153463	0.45	0.01441918	2	4.5	0.001	0.59872334	0.39	1	0.00015335	0.001	0.001	0.02115956	0.26789905	0.0490008	9.99584182	0.1	0.01	0.01	0.01	1e-05	0.01	0.00140765	0.05	0.5	1e-04	100	5e-06	0.001
0.43	0.9	0.1	0.2008545	0.4	80	65.4	9.1	500	3.5	8.61	0.003304	0.00010287	0.00128687	2	0.15	0.1	0.00139882	0.2	0.00161793	0.45	0.01436875	2	4.5	0.001	0.5901244	0.39	1	0.00015335	0.001	0.001	0.02115956	0.26789905	0.0490008	9.99584182	0.1	0.01	0.01	0.01	1e-05	0.01	0.00140765	0.05	0.5	1e-04	100	5e-06	0.001
0.43	0.9	0.1	0.2008545	0.4	80	65.4	9.1	500	3.5	8.61	0.003304	0.00010269	0.00128152	2	0.15	0.1	0.00140428	0.2	0.00181258	0.45	0.01445344	2	4.5	0.001	0.58908453	0.39	1	0.00015335	0.001	0.001	0.02115956	0.26789905	0.0490008	9.99584182	0.1	0.01	0.01	0.01	1e-05	0.01	0.00140765	0.05	0.5	1e-04	100	5e-06	0.001
0.43	0.9	0.1	0.2008545	0.4	80	65.4	9.1	500	3.5	8.61	0.003304	0.00010305	0.0012864	2	0.15	0.1	0.00141659	0.2	0.00171613	0.45	0.01438902	2	4.5	0.001	0.58868097	0.39	1	0.00015335	0.001	0.001	0.02115956	0.26789905	0.0490008	9.99584182	0.1	0.01	0.01	0.01	1e-05	0.01	0.00140765	0.05	0.5	1e-04	100	5e-06	0.001
0.43	0.9	0.1	0.2008545	0.4	80	65.4	9.1	500	3.5	8.61	0.003304	0.00010306	0.00129079	2	0.15	0.1	0.00140262	0.2	0.00164619	0.45	0.01435416	2	4.5	0.001	0.58874223	0.39	1	0.00015335	0.001	0.001	0.02115956	0.26789905	0.0490008	9.99584182	0.1	0.01	0.01	0.01	1e-05	0.01	0.00140765	0.05	0.5	1e-04	100	5e-06	0.001
0.43	0.9	0.1	0.2008545	0.4	80	65.4	9.1	500	3.5	8.61	0.003304	0.00010293	0.00128986	2	0.15	0.1	0.00139942	0.2	0.00164782	0.45	0.0143667	2	4.5	0.001	0.58996729	0.39	1	0.00015335	0.001	0.001	0.02115956	0.26789905	0.0490008	9.99584182	0.1	0.01	0.01	0.01	1e-05	0.01	0.00140765	0.05	0.5	1e-04	100	5e-06	0.001
0.43	0.9	0.1	0.2008545	0.4	80	65.4	9.1	500	3.5	8.61	0.003304	0.00010297	0.00129028	2	0.15	0.1	0.00139825	0.2	0.00164931	0.45	0.01435064	2	4.5	0.001	0.59005005	0.39	1	0.00015335	0.001	0.001	0.02115956	0.26789905	0.0490008	9.99584182	0.1	0.01	0.01	0.01	1e-05	0.01	0.00140765	0.05	0.5	1e-04	100	5e-06	0.001
0.43	0.9	0.1	0.2008545	0.4	80	65.4	9.1	500	3.5	8.61	0.003304	0.00010277	0.00128849	2	0.15	0.1	0.00140171	0.2	0.00165108	0.45	0.01436431	2	4.5	0.001	0.59073104	0.39	1	0.00015335	0.001	0.001	0.02115956	0.26789905	0.0490008	9.99584182	0.1	0.01	0.01	0.01	1e-05	0.01	0.00140765	0.05	0.5	1e-04	100	5e-06	0.001
0.43	0.9	0.1	0.2008545	0.4	80	65.4	9.1	500	3.5	8.61	0.003304	0.00010295	0.00129181	2	0.15	0.1	0.00140344	0.2	0.00169379	0.45	0.01438526	2	4.5	0.001	0.58945229	0.39	1	0.00015335	0.001	0.001	0.02115956	0.26789905	0.0490008	9.99584182	0.1	0.01	0.01	0.01	1e-05	0.01	0.00140765	0.05	0.5	1e-04	100	5e-06	0.001
0.43	0.9	0.1	0.2008545	0.4	80	65.4	9.1	500	3.5	8.61	0.003304	0.00010389	0.00130462	2	0.15	0.1	0.00140909	0.2	0.00167898	0.45	0.01428548	2	4.5	0.001	0.58405913	0.39	1	0.00015335	0.001	0.001	0.02115956	0.26789905	0.0490008	9.99584182	0.1	0.01	0.01	0.01	1e-05	0.01	0.00140765	0.05	0.5	1e-04	100	5e-06	0.001
0.43	0.9	0.1	0.2008545	0.4	80	65.4	9.1	500	3.5	8.61	0.003304	0.00010311	0.00128808	2	0.15	0.1	0.0014206	0.2	0.00191463	0.45	0.01451345	2	4.5	0.001	0.58820939	0.39	1	0.00015335	0.001	0.001	0.02115956	0.26789905	0.0490008	9.99584182	0.1	0.01	0.01	0.01	1e-05	0.01	0.00140765	0.05	0.5	1e-04	100	5e-06	0.001
0.43	0.9	0.1	0.2008545	0.4	80	65.4	9.1	500	3.5	8.61	0.003304	0.0001031	0.00129534	2	0.15	0.1	0.00140352	0.2	0.00169397	0.45	0.01436201	2	4.5	0.001	0.5885139	0.39	1	0.00015335	0.001	0.001	0.02115956	0.26789905	0.0490008	9.99584182	0.1	0.01	0.01	0.01	1e-05	0.01	0.00140765	0.05	0.5	1e-04	100	5e-06	0.001
0.43	0.9	0.1	0.2008545	0.4	80	65.4	9.1	500	3.5	8.61	0.003304	0.00010225	0.00126676	2	0.15	0.1	0.00140644	0.2	0.00163405	0.45	0.01441934	2	4.5	0.001	0.59334119	0.39	1	0.00015335	0.001	0.001	0.02115956	0.26789905	0.0490008	9.99584182	0.1	0.01	0.01	0.01	1e-05	0.01	0.00140765	0.05	0.5	1e-04	100	5e-06	0.001
0.43	0.9	0.1	0.2008545	0.4	80	65.4	9.1	500	3.5	8.61	0.003304	0.00010136	0.00125054	2	0.15	0.1	0.00140046	0.2	0.00151656	0.45	0.01443751	2	4.5	0.001	0.5982488	0.39	1	0.00015335	0.001	0.001	0.02115956	0.26789905	0.0490008	9.99584182	0.1	0.01	0.01	0.01	1e-05	0.01	0.00140765	0.05	0.5	1e-04	100	5e-06	0.001
0.43	0.9	0.1	0.2008545	0.4	80	65.4	9.1	500	3.5	8.61	0.003304	0.00010174	0.00125812	2	0.15	0.1	0.0014122	0.2	0.00170252	0.45	0.01447491	2	4.5	0.001	0.59669305	0.39	1	0.00015335	0.001	0.001	0.02115956	0.26789905	0.0490008	9.99584182	0.1	0.01	0.01	0.01	1e-05	0.01	0.00140765	0.05	0.5	1e-04	100	5e-06	0.001
0.43	0.9	0.1	0.2008545	0.4	80	65.4	9.1	500	3.5	8.61	0.003304	0.00010222	0.00126574	2	0.15	0.1	0.00140956	0.2	0.00168231	0.45	0.01445969	2	4.5	0.001	0.59434702	0.39	1	0.00015335	0.001	0.001	0.02115956	0.26789905	0.0490008	9.99584182	0.1	0.01	0.01	0.01	1e-05	0.01	0.00140765	0.05	0.5	1e-04	100	5e-06	0.001
0.43	0.9	0.1	0.2008545	0.4	80	65.4	9.1	500	3.5	8.61	0.003304	0.00010156	0.00126032	2	0.15	0.1	0.00140361	0.2	0.00158701	0.45	0.01444356	2	4.5	0.001	0.59618497	0.39	1	0.00015335	0.001	0.001	0.02115956	0.26789905	0.0490008	9.99584182	0.1	0.01	0.01	0.01	1e-05	0.01	0.00140765	0.05	0.5	1e-04	100	5e-06	0.001
0.43	0.9	0.1	0.2008545	0.4	80	65.4	9.1	500	3.5	8.61	0.003304	0.00010171	0.00126247	2	0.15	0.1	0.0013986	0.2	0.00158347	0.45	0.01443132	2	4.5	0.001	0.59698028	0.39	1	0.00015335	0.001	0.001	0.02115956	0.26789905	0.0490008	9.99584182	0.1	0.01	0.01	0.01	1e-05	0.01	0.00140765	0.05	0.5	1e-04	100	5e-06	0.001
0.43	0.9	0.1	0.2008545	0.4	80	65.4	9.1	500	3.5	8.61	0.003304	0.00010204	0.00126603	2	0.15	0.1	0.00140388	0.2	0.00166713	0.45	0.01444873	2	4.5	0.001	0.59466219	0.39	1	0.00015335	0.001	0.001	0.02115956	0.26789905	0.0490008	9.99584182	0.1	0.01	0.01	0.01	1e-05	0.01	0.00140765	0.05	0.5	1e-04	100	5e-06	0.001
0.43	0.9	0.1	0.2008545	0.4	80	65.4	9.1	500	3.5	8.61	0.003304	0.00010222	0.00127007	2	0.15	0.1	0.00140018	0.2	0.00159971	0.45	0.01440727	2	4.5	0.001	0.59499848	0.39	1	0.00015335	0.001	0.001	0.02115956	0.26789905	0.0490008	9.99584182	0.1	0.01	0.01	0.01	1e-05	0.01	0.00140765	0.05	0.5	1e-04	100	5e-06	0.001
0.43	0.9	0.1	0.2008545	0.4	80	65.4	9.1	500	3.5	8.61	0.003304	0.00010195	0.00126703	2	0.15	0.1	0.00140455	0.2	0.00159472	0.45	0.01441395	2	4.5	0.001	0.59516319	0.39	1	0.00015335	0.001	0.001	0.02115956	0.26789905	0.0490008	9.99584182	0.1	0.01	0.01	0.01	1e-05	0.01	0.00140765	0.05	0.5	1e-04	100	5e-06	0.001
0.43	0.9	0.1	0.2008545	0.4	80	65.4	9.1	500	3.5	8.61	0.003304	0.00010248	0.00127429	2	0.15	0.1	0.00140585	0.2	0.00162368	0.45	0.01440068	2	4.5	0.001	0.59162749	0.39	1	0.00015335	0.001	0.001	0.02115956	0.26789905	0.0490008	9.99584182	0.1	0.01	0.01	0.01	1e-05	0.01	0.00140765	0.05	0.5	1e-04	100	5e-06	0.001
0.43	0.9	0.1	0.2008545	0.4	80	65.4	9.1	500	3.5	8.61	0.003304	0.00010237	0.00127466	2	0.15	0.1	0.0014016	0.2	0.00160245	0.45	0.01439794	2	4.5	0.001	0.59190897	0.39	1	0.00015335	0.001	0.001	0.02115956	0.26789905	0.0490008	9.99584182	0.1	0.01	0.01	0.01	1e-05	0.01	0.00140765	0.05	0.5	1e-04	100	5e-06	0.001
0.43	0.9	0.1	0.2008545	0.4	80	65.4	9.1	500	3.5	8.61	0.003304	0.00010131	0.00125461	2	0.15	0.1	0.00140522	0.2	0.00175146	0.45	0.01449067	2	4.5	0.001	0.59996666	0.39	1	0.00015335	0.001	0.001	0.02115956	0.26789905	0.0490008	9.99584182	0.1	0.01	0.01	0.01	1e-05	0.01	0.00140765	0.05	0.5	1e-04	100	5e-06	0.001
0.43	0.9	0.1	0.2008545	0.4	80	65.4	9.1	500	3.5	8.61	0.003304	0.00010235	0.00126943	2	0.15	0.1	0.0013959	0.2	0.00149445	0.45	0.01441125	2	4.5	0.001	0.59334243	0.39	1	0.00015335	0.001	0.001	0.02115956	0.26789905	0.0490008	9.99584182	0.1	0.01	0.01	0.01	1e-05	0.01	0.00140765	0.05	0.5	1e-04	100	5e-06	0.001
0.43	0.9	0.1	0.2008545	0.4	80	65.4	9.1	500	3.5	8.61	0.003304	0.00010306	0.0012852	2	0.15	0.1	0.00140156	0.2	0.00161639	0.45	0.01437323	2	4.5	0.001	0.58677131	0.39	1	0.00015335	0.001	0.001	0.02115956	0.26789905	0.0490008	9.99584182	0.1	0.01	0.01	0.01	1e-05	0.01	0.00140765	0.05	0.5	1e-04	100	5e-06	0.001
0.43	0.9	0.1	0.2008545	0.4	80	65.4	9.1	500	3.5	8.61	0.003304	0.00010247	0.00127627	2	0.15	0.1	0.00140301	0.2	0.00161339	0.45	0.01438951	2	4.5	0.001	0.59190553	0.39	1	0.00015335	0.001	0.001	0.02115956	0.26789905	0.0490008	9.99584182	0.1	0.01	0.01	0.01	1e-05	0.01	0.00140765	0.05	0.5	1e-04	100	5e-06	0.001
0.43	0.9	0.1	0.2008545	0.4	80	65.4	9.1	500	3.5	8.61	0.003304	0.00010268	0.0012796	2	0.15	0.1	0.00140304	0.2	0.00162322	0.45	0.01438327	2	4.5	0.001	0.59071252	0.39	1	0.00015335	0.001	0.001	0.02115956	0.26789905	0.0490008	9.99584182	0.1	0.01	0.01	0.01	1e-05	0.01	0.00140765	0.05	0.5	1e-04	100	5e-06	0.001
0.43	0.9	0.1	0.2008545	0.4	80	65.4	9.1	500	3.5	8.61	0.003304	0.00010251	0.00127687	2	0.15	0.1	0.00140447	0.2	0.00163163	0.45	0.01439877	2	4.5	0.001	0.59234804	0.39	1	0.00015335	0.001	0.001	0.02115956	0.26789905	0.0490008	9.99584182	0.1	0.01	0.01	0.01	1e-05	0.01	0.00140765	0.05	0.5	1e-04	100	5e-06	0.001
0.43	0.9	0.1	0.2008545	0.4	80	65.4	9.1	500	3.5	8.61	0.003304	0.00010317	0.00128509	2	0.15	0.1	0.00140494	0.2	0.00163612	0.45	0.0143357	2	4.5	0.001	0.58902588	0.39	1	0.00015335	0.001	0.001	0.02115956	0.26789905	0.0490008	9.99584182	0.1	0.01	0.01	0.01	1e-05	0.01	0.00140765	0.05	0.5	1e-04	100	5e-06	0.001
0.43	0.9	0.1	0.2008545	0.4	80	65.4	9.1	500	3.5	8.61	0.003304	0.00010242	0.00127463	2	0.15	0.1	0.00141116	0.2	0.00176533	0.45	0.01447757	2	4.5	0.001	0.59266814	0.39	1	0.00015335	0.001	0.001	0.02115956	0.26789905	0.0490008	9.99584182	0.1	0.01	0.01	0.01	1e-05	0.01	0.00140765	0.05	0.5	1e-04	100	5e-06	0.001
0.43	0.9	0.1	0.2008545	0.4	80	65.4	9.1	500	3.5	8.61	0.003304	0.0001031	0.00129534	2	0.15	0.1	0.00140352	0.2	0.00169397	0.45	0.01436201	2	4.5	0.001	0.5885139	0.39	1	0.00015335	0.001	0.001	0.02115956	0.26789905	0.0490008	9.99584182	0.1	0.01	0.01	0.01	1e-05	0.01	0.00140765	0.05	0.5	1e-04	100	5e-06	0.001
0.43	0.9	0.1	0.2008545	0.4	80	65.4	9.1	500	3.5	8.61	0.003304	0.00010195	0.0012626	2	0.15	0.1	0.0014016	0.2	0.00159906	0.45	0.01444003	2	4.5	0.001	0.59601082	0.39	1	0.00015335	0.001	0.001	0.02115956	0.26789905	0.0490008	9.99584182	0.1	0.01	0.01	0.01	1e-05	0.01	0.00140765	0.05	0.5	1e-04	100	5e-06	0.001
0.43	0.9	0.1	0.2008545	0.4	80	65.4	9.1	500	3.5	8.61	0.003304	0.00010177	0.00126081	2	0.15	0.1	0.00140454	0.2	0.00159787	0.45	0.01443541	2	4.5	0.001	0.59615641	0.39	1	0.00015335	0.001	0.001	0.02115956	0.26789905	0.0490008	9.99584182	0.1	0.01	0.01	0.01	1e-05	0.01	0.00140765	0.05	0.5	1e-04	100	5e-06	0.001
0.43	0.9	0.1	0.2008545	0.4	80	65.4	9.1	500	3.5	8.61	0.003304	0.0001019	0.0012605	2	0.15	0.1	0.00140012	0.2	0.00154476	0.45	0.01444	2	4.5	0.001	0.59571014	0.39	1	0.00015335	0.001	0.001	0.02115956	0.26789905	0.0490008	9.99584182	0.1	0.01	0.01	0.01	1e-05	0.01	0.00140765	0.05	0.5	1e-04	100	5e-06	0.001
0.43	0.9	0.1	0.2008545	0.4	80	65.4	9.1	500	3.5	8.61	0.003304	0.00010136	0.00125054	2	0.15	0.1	0.00140046	0.2	0.00151656	0.45	0.01443751	2	4.5	0.001	0.5982488	0.39	1	0.00015335	0.001	0.001	0.02115956	0.26789905	0.0490008	9.99584182	0.1	0.01	0.01	0.01	1e-05	0.01	0.00140765	0.05	0.5	1e-04	100	5e-06	0.001
0.43	0.9	0.1	0.2008545	0.4	80	65.4	9.1	500	3.5	8.61	0.003304	0.00010198	0.00126481	2	0.15	0.1	0.00140759	0.2	0.0016798	0.45	0.01446887	2	4.5	0.001	0.5948636	0.39	1	0.00015335	0.001	0.001	0.02115956	0.26789905	0.0490008	9.99584182	0.1	0.01	0.01	0.01	1e-05	0.01	0.00140765	0.05	0.5	1e-04	100	5e-06	0.001
0.43	0.9	0.1	0.2008545	0.4	80	65.4	9.1	500	3.5	8.61	0.003304	0.00010268	0.0012796	2	0.15	0.1	0.00140304	0.2	0.00162322	0.45	0.01438327	2	4.5	0.001	0.59071252	0.39	1	0.00015335	0.001	0.001	0.02115956	0.26789905	0.0490008	9.99584182	0.1	0.01	0.01	0.01	1e-05	0.01	0.00140765	0.05	0.5	1e-04	100	5e-06	0.001
0.43	0.9	0.1	0.2008545	0.4	80	65.4	9.1	500	3.5	8.61	0.003304	0.00010491	0.00131476	2	0.15	0.1	0.001401	0.2	0.00185566	0.45	0.01519369	2	4.5	0.001	0.59210344	0.39	1	0.00015335	0.001	0.001	0.02115956	0.26789905	0.0490008	9.99584182	0.1	0.01	0.01	0.01	1e-05	0.01	0.00140765	0.05	0.5	1e-04	100	5e-06	0.001
0.43	0.9	0.1	0.2008545	0.4	80	65.4	9.1	500	3.5	8.61	0.003304	0.00010421	0.0012963	2	0.15	0.1	0.00141038	0.2	0.00172911	0.45	0.01499224	2	4.5	0.001	0.59629848	0.39	1	0.00015335	0.001	0.001	0.02115956	0.26789905	0.0490008	9.99584182	0.1	0.01	0.01	0.01	1e-05	0.01	0.00140765	0.05	0.5	1e-04	100	5e-06	0.001
0.43	0.9	0.1	0.2008545	0.4	80	65.4	9.1	500	3.5	8.61	0.003304	0.00010509	0.00131429	2	0.15	0.1	0.0014204	0.2	0.00173008	0.45	0.01536836	2	4.5	0.001	0.5968512	0.39	1	0.00015335	0.001	0.001	0.02115956	0.26789905	0.0490008	9.99584182	0.1	0.01	0.01	0.01	1e-05	0.01	0.00140765	0.05	0.5	1e-04	100	5e-06	0.001
0.43	0.9	0.1	0.2008545	0.4	80	65.4	9.1	500	3.5	8.61	0.003304	0.00010491	0.00131476	2	0.15	0.1	0.001401	0.2	0.00185566	0.45	0.01519369	2	4.5	0.001	0.59210344	0.39	1	0.00015335	0.001	0.001	0.02115956	0.26789905	0.0490008	9.99584182	0.1	0.01	0.01	0.01	1e-05	0.01	0.00140765	0.05	0.5	1e-04	100	5e-06	0.001
0.43	0.9	0.1	0.2008545	0.4	80	65.4	9.1	500	3.5	8.61	0.003304	0.00010624	0.00132546	2	0.15	0.1	0.00143109	0.2	0.00196669	0.45	0.01554311	2	4.5	0.001	0.59518651	0.39	1	0.00015335	0.001	0.001	0.02115956	0.26789905	0.0490008	9.99584182	0.1	0.01	0.01	0.01	1e-05	0.01	0.00140765	0.05	0.5	1e-04	100	5e-06	0.001
0.43	0.9	0.1	0.2008545	0.4	80	65.4	9.1	500	3.5	8.61	0.003304	0.00010421	0.0012963	2	0.15	0.1	0.00141038	0.2	0.00172911	0.45	0.01499224	2	4.5	0.001	0.59629848	0.39	1	0.00015335	0.001	0.001	0.02115956	0.26789905	0.0490008	9.99584182	0.1	0.01	0.01	0.01	1e-05	0.01	0.00140765	0.05	0.5	1e-04	100	5e-06	0.001
0.43	0.9	0.1	0.2008545	0.4	80	65.4	9.1	500	3.5	8.61	0.003304	0.00010508	0.00130531	2	0.15	0.1	0.00141709	0.2	0.00194115	0.45	0.01532594	2	4.5	0.001	0.5926403	0.39	1	0.00015335	0.001	0.001	0.02115956	0.26789905	0.0490008	9.99584182	0.1	0.01	0.01	0.01	1e-05	0.01	0.00140765	0.05	0.5	1e-04	100	5e-06	0.001
0.43	0.9	0.1	0.2008545	0.4	80	65.4	9.1	500	3.5	8.61	0.003304	0.000105	0.00130996	2	0.15	0.1	0.00140597	0.2	0.00184193	0.45	0.0152419	2	4.5	0.001	0.5936391	0.39	1	0.00015335	0.001	0.001	0.02115956	0.26789905	0.0490008	9.99584182	0.1	0.01	0.01	0.01	1e-05	0.01	0.00140765	0.05	0.5	1e-04	100	5e-06	0.001
0.43	0.9	0.1	0.2008545	0.4	80	65.4	9.1	500	3.5	8.61	0.003304	0.00010509	0.00131429	2	0.15	0.1	0.0014204	0.2	0.00173008	0.45	0.01536836	2	4.5	0.001	0.5968512	0.39	1	0.00015335	0.001	0.001	0.02115956	0.26789905	0.0490008	9.99584182	0.1	0.01	0.01	0.01	1e-05	0.01	0.00140765	0.05	0.5	1e-04	100	5e-06	0.001
0.43	0.9	0.1	0.2008545	0.4	80	65.4	9.1	500	3.5	8.61	0.003304	0.00010555	0.00131482	2	0.15	0.1	0.0014182	0.2	0.00202052	0.45	0.01532821	2	4.5	0.001	0.59089108	0.39	1	0.00015335	0.001	0.001	0.02115956	0.26789905	0.0490008	9.99584182	0.1	0.01	0.01	0.01	1e-05	0.01	0.00140765	0.05	0.5	1e-04	100	5e-06	0.001
0.43	0.9	0.1	0.2008545	0.4	80	65.4	9.1	500	3.5	8.61	0.003304	0.00010447	0.00130559	2	0.15	0.1	0.0014196	0.2	0.0018302	0.45	0.01520589	2	4.5	0.001	0.5933826	0.39	1	0.00015335	0.001	0.001	0.02115956	0.26789905	0.0490008	9.99584182	0.1	0.01	0.01	0.01	1e-05	0.01	0.00140765	0.05	0.5	1e-04	100	5e-06	0.001
0.43	0.9	0.1	0.2008545	0.4	80	65.4	9.1	500	3.5	8.61	0.003304	0.00010491	0.00131476	2	0.15	0.1	0.001401	0.2	0.00185566	0.45	0.01519369	2	4.5	0.001	0.59210344	0.39	1	0.00015335	0.001	0.001	0.02115956	0.26789905	0.0490008	9.99584182	0.1	0.01	0.01	0.01	1e-05	0.01	0.00140765	0.05	0.5	1e-04	100	5e-06	0.001
0.43	0.9	0.1	0.2008545	0.4	80	65.4	9.1	500	3.5	8.61	0.003304	0.00010488	0.00131421	2	0.15	0.1	0.001421	0.2	0.00168647	0.45	0.01512471	2	4.5	0.001	0.59461965	0.39	1	0.00015335	0.001	0.001	0.02115956	0.26789905	0.0490008	9.99584182	0.1	0.01	0.01	0.01	1e-05	0.01	0.00140765	0.05	0.5	1e-04	100	5e-06	0.001
0.43	0.9	0.1	0.2008545	0.4	80	65.4	9.1	500	3.5	8.61	0.003304	0.00010624	0.00132546	2	0.15	0.1	0.00143109	0.2	0.00196669	0.45	0.01554311	2	4.5	0.001	0.59518651	0.39	1	0.00015335	0.001	0.001	0.02115956	0.26789905	0.0490008	9.99584182	0.1	0.01	0.01	0.01	1e-05	0.01	0.00140765	0.05	0.5	1e-04	100	5e-06	0.001
0.43	0.9	0.1	0.2008545	0.4	80	65.4	9.1	500	3.5	8.61	0.003304	0.00010542	0.00132242	2	0.15	0.1	0.00140533	0.2	0.00192461	0.45	0.0152409	2	4.5	0.001	0.59269846	0.39	1	0.00015335	0.001	0.001	0.02115956	0.26789905	0.0490008	9.99584182	0.1	0.01	0.01	0.01	1e-05	0.01	0.00140765	0.05	0.5	1e-04	100	5e-06	0.001
0.43	0.9	0.1	0.2008545	0.4	80	65.4	9.1	500	3.5	8.61	0.003304	0.00010591	0.00133126	2	0.15	0.1	0.00140724	0.2	0.00195491	0.45	0.01543014	2	4.5	0.001	0.59173483	0.39	1	0.00015335	0.001	0.001	0.02115956	0.26789905	0.0490008	9.99584182	0.1	0.01	0.01	0.01	1e-05	0.01	0.00140765	0.05	0.5	1e-04	100	5e-06	0.001
0.43	0.9	0.1	0.2008545	0.4	80	65.4	9.1	500	3.5	8.61	0.003304	0.00010421	0.0012963	2	0.15	0.1	0.00141038	0.2	0.00172911	0.45	0.01499224	2	4.5	0.001	0.59629848	0.39	1	0.00015335	0.001	0.001	0.02115956	0.26789905	0.0490008	9.99584182	0.1	0.01	0.01	0.01	1e-05	0.01	0.00140765	0.05	0.5	1e-04	100	5e-06	0.001
0.43	0.9	0.1	0.2008545	0.4	80	65.4	9.1	500	3.5	8.61	0.003304	0.00010508	0.00130531	2	0.15	0.1	0.00141709	0.2	0.00194115	0.45	0.01532594	2	4.5	0.001	0.5926403	0.39	1	0.00015335	0.001	0.001	0.02115956	0.26789905	0.0490008	9.99584182	0.1	0.01	0.01	0.01	1e-05	0.01	0.00140765	0.05	0.5	1e-04	100	5e-06	0.001
0.43	0.9	0.1	0.2008545	0.4	80	65.4	9.1	500	3.5	8.61	0.003304	0.00010303	0.00128271	2	0.15	0.1	0.00140279	0.2	0.00174091	0.45	0.01463336	2	4.5	0.001	0.59004584	0.39	1	0.00015335	0.001	0.001	0.02115956	0.26789905	0.0490008	9.99584182	0.1	0.01	0.01	0.01	1e-05	0.01	0.00140765	0.05	0.5	1e-04	100	5e-06	0.001
0.43	0.9	0.1	0.2008545	0.4	80	65.4	9.1	500	3.5	8.61	0.003304	0.000105	0.00130996	2	0.15	0.1	0.00140597	0.2	0.00184193	0.45	0.0152419	2	4.5	0.001	0.5936391	0.39	1	0.00015335	0.001	0.001	0.02115956	0.26789905	0.0490008	9.99584182	0.1	0.01	0.01	0.01	1e-05	0.01	0.00140765	0.05	0.5	1e-04	100	5e-06	0.001
0.43	0.9	0.1	0.2008545	0.4	80	65.4	9.1	500	3.5	8.61	0.003304	0.00010451	0.0012963	2	0.15	0.1	0.00141571	0.2	0.00172911	0.45	0.01469366	2	4.5	0.001	0.59629848	0.39	1	0.00015335	0.001	0.001	0.02115956	0.26789905	0.0490008	9.99584182	0.1	0.01	0.01	0.01	1e-05	0.01	0.00140765	0.05	0.5	1e-04	100	5e-06	0.001
0.43	0.9	0.1	0.2008545	0.4	80	65.4	9.1	500	3.5	8.61	0.003304	0.00010509	0.00131429	2	0.15	0.1	0.0014204	0.2	0.00173008	0.45	0.01536836	2	4.5	0.001	0.5968512	0.39	1	0.00015335	0.001	0.001	0.02115956	0.26789905	0.0490008	9.99584182	0.1	0.01	0.01	0.01	1e-05	0.01	0.00140765	0.05	0.5	1e-04	100	5e-06	0.001
0.43	0.9	0.1	0.2008545	0.4	80	65.4	9.1	500	3.5	8.61	0.003304	0.00010555	0.00131482	2	0.15	0.1	0.0014182	0.2	0.00202052	0.45	0.01532821	2	4.5	0.001	0.59089108	0.39	1	0.00015335	0.001	0.001	0.02115956	0.26789905	0.0490008	9.99584182	0.1	0.01	0.01	0.01	1e-05	0.01	0.00140765	0.05	0.5	1e-04	100	5e-06	0.001
0.43	0.9	0.1	0.2008545	0.4	80	65.4	9.1	500	3.5	8.61	0.003304	0.00010447	0.00130559	2	0.15	0.1	0.0014196	0.2	0.0018302	0.45	0.01520589	2	4.5	0.001	0.5933826	0.39	1	0.00015335	0.001	0.001	0.02115956	0.26789905	0.0490008	9.99584182	0.1	0.01	0.01	0.01	1e-05	0.01	0.00140765	0.05	0.5	1e-04	100	5e-06	0.001
0.43	0.9	0.1	0.2008545	0.4	80	65.4	9.1	500	3.5	8.61	0.003304	0.00010511	0.0013142	2	0.15	0.1	0.00141073	0.2	0.00185964	0.45	0.01518656	2	4.5	0.001	0.59348649	0.39	1	0.00015335	0.001	0.001	0.02115956	0.26789905	0.0490008	9.99584182	0.1	0.01	0.01	0.01	1e-05	0.01	0.00140765	0.05	0.5	1e-04	100	5e-06	0.001
0.43	0.9	0.1	0.2008545	0.4	80	65.4	9.1	500	3.5	8.61	0.003304	0.00010491	0.00131476	2	0.15	0.1	0.001401	0.2	0.00185566	0.45	0.01519369	2	4.5	0.001	0.59210344	0.39	1	0.00015335	0.001	0.001	0.02115956	0.26789905	0.0490008	9.99584182	0.1	0.01	0.01	0.01	1e-05	0.01	0.00140765	0.05	0.5	1e-04	100	5e-06	0.001
0.43	0.9	0.1	0.2008545	0.4	80	65.4	9.1	500	3.5	8.61	0.003304	0.00010488	0.00131421	2	0.15	0.1	0.001421	0.2	0.00168647	0.45	0.01512471	2	4.5	0.001	0.59461965	0.39	1	0.00015335	0.001	0.001	0.02115956	0.26789905	0.0490008	9.99584182	0.1	0.01	0.01	0.01	1e-05	0.01	0.00140765	0.05	0.5	1e-04	100	5e-06	0.001
0.43	0.9	0.1	0.2008545	0.4	80	65.4	9.1	500	3.5	8.61	0.003304	0.00010492	0.00131328	2	0.15	0.1	0.0014096	0.2	0.00183829	0.45	0.0151597	2	4.5	0.001	0.59318883	0.39	1	0.00015335	0.001	0.001	0.02115956	0.26789905	0.0490008	9.99584182	0.1	0.01	0.01	0.01	1e-05	0.01	0.00140765	0.05	0.5	1e-04	100	5e-06	0.001
0.43	0.9	0.1	0.2008545	0.4	80	65.4	9.1	500	3.5	8.61	0.003304	0.00010471	0.00131142	2	0.15	0.1	0.00141085	0.2	0.00183409	0.45	0.01509825	2	4.5	0.001	0.59306096	0.39	1	0.00015335	0.001	0.001	0.02115956	0.26789905	0.0490008	9.99584182	0.1	0.01	0.01	0.01	1e-05	0.01	0.00140765	0.05	0.5	1e-04	100	5e-06	0.001
0.43	0.9	0.1	0.2008545	0.4	80	65.4	9.1	500	3.5	8.61	0.003304	0.00010495	0.00131536	2	0.15	0.1	0.0014133	0.2	0.00180295	0.45	0.01519053	2	4.5	0.001	0.59381858	0.39	1	0.00015335	0.001	0.001	0.02115956	0.26789905	0.0490008	9.99584182	0.1	0.01	0.01	0.01	1e-05	0.01	0.00140765	0.05	0.5	1e-04	100	5e-06	0.001
0.43	0.9	0.1	0.2008545	0.4	80	65.4	9.1	500	3.5	8.61	0.003304	0.0001056	0.00132246	2	0.15	0.1	0.00141115	0.2	0.00192485	0.45	0.01535232	2	4.5	0.001	0.5925106	0.39	1	0.00015335	0.001	0.001	0.02115956	0.26789905	0.0490008	9.99584182	0.1	0.01	0.01	0.01	1e-05	0.01	0.00140765	0.05	0.5	1e-04	100	5e-06	0.001
0.43	0.9	0.1	0.2008545	0.4	80	65.4	9.1	500	3.5	8.61	0.003304	0.00010465	0.00131459	2	0.15	0.1	0.00141096	0.2	0.00171918	0.45	0.01510575	2	4.5	0.001	0.59443331	0.39	1	0.00015335	0.001	0.001	0.02115956	0.26789905	0.0490008	9.99584182	0.1	0.01	0.01	0.01	1e-05	0.01	0.00140765	0.05	0.5	1e-04	100	5e-06	0.001
0.43	0.9	0.1	0.2008545	0.4	80	65.4	9.1	500	3.5	8.61	0.003304	0.00010624	0.00132546	2	0.15	0.1	0.00143109	0.2	0.00196669	0.45	0.01554311	2	4.5	0.001	0.59518651	0.39	1	0.00015335	0.001	0.001	0.02115956	0.26789905	0.0490008	9.99584182	0.1	0.01	0.01	0.01	1e-05	0.01	0.00140765	0.05	0.5	1e-04	100	5e-06	0.001
0.43	0.9	0.1	0.2008545	0.4	80	65.4	9.1	500	3.5	8.61	0.003304	0.00010517	0.0013172	2	0.15	0.1	0.00141673	0.2	0.00188854	0.45	0.01528359	2	4.5	0.001	0.59394705	0.39	1	0.00015335	0.001	0.001	0.02115956	0.26789905	0.0490008	9.99584182	0.1	0.01	0.01	0.01	1e-05	0.01	0.00140765	0.05	0.5	1e-04	100	5e-06	0.001
0.43	0.9	0.1	0.2008545	0.4	80	65.4	9.1	500	3.5	8.61	0.003304	0.00010549	0.00132314	2	0.15	0.1	0.00141783	0.2	0.00192842	0.45	0.0153581	2	4.5	0.001	0.59294872	0.39	1	0.00015335	0.001	0.001	0.02115956	0.26789905	0.0490008	9.99584182	0.1	0.01	0.01	0.01	1e-05	0.01	0.00140765	0.05	0.5	1e-04	100	5e-06	0.001
0.43	0.9	0.1	0.2008545	0.4	80	65.4	9.1	500	3.5	8.61	0.003304	0.00010528	0.00132263	2	0.15	0.1	0.00141476	0.2	0.00186291	0.45	0.01527221	2	4.5	0.001	0.59364289	0.39	1	0.00015335	0.001	0.001	0.02115956	0.26789905	0.0490008	9.99584182	0.1	0.01	0.01	0.01	1e-05	0.01	0.00140765	0.05	0.5	1e-04	100	5e-06	0.001
0.43	0.9	0.1	0.2008545	0.4	80	65.4	9.1	500	3.5	8.61	0.003304	0.0001026	0.00127381	2	0.15	0.1	0.00139444	0.2	0.00160366	0.45	0.01439192	2	4.5	0.001	0.59177884	0.39	1	0.00015335	0.001	0.001	0.02115956	0.26789905	0.0490008	9.99584182	0.1	0.01	0.01	0.01	1e-05	0.01	0.00140765	0.05	0.5	1e-04	100	5e-06	0.001
0.43	0.9	0.1	0.2008545	0.4	80	65.4	9.1	500	3.5	8.61	0.003304	0.00010419	0.00129565	2	0.15	0.1	0.00141052	0.2	0.00177211	0.45	0.014963	2	4.5	0.001	0.59321134	0.39	1	0.00015335	0.001	0.001	0.02115956	0.26789905	0.0490008	9.99584182	0.1	0.01	0.01	0.01	1e-05	0.01	0.00140765	0.05	0.5	1e-04	100	5e-06	0.001
0.43	0.9	0.1	0.2008545	0.4	80	65.4	9.1	500	3.5	8.61	0.003304	0.00010423	0.00129624	2	0.15	0.1	0.00140876	0.2	0.0017728	0.45	0.01494515	2	4.5	0.001	0.59321668	0.39	1	0.00015335	0.001	0.001	0.02115956	0.26789905	0.0490008	9.99584182	0.1	0.01	0.01	0.01	1e-05	0.01	0.00140765	0.05	0.5	1e-04	100	5e-06	0.001
0.43	0.9	0.1	0.2008545	0.4	80	65.4	9.1	500	3.5	8.61	0.003304	0.00010484	0.00130414	2	0.15	0.1	0.0014133	0.2	0.00187605	0.45	0.01525853	2	4.5	0.001	0.59287456	0.39	1	0.00015335	0.001	0.001	0.02115956	0.26789905	0.0490008	9.99584182	0.1	0.01	0.01	0.01	1e-05	0.01	0.00140765	0.05	0.5	1e-04	100	5e-06	0.001
0.43	0.9	0.1	0.2008545	0.4	80	65.4	9.1	500	3.5	8.61	0.003304	0.00010421	0.0012963	2	0.15	0.1	0.00141038	0.2	0.00172911	0.45	0.01499224	2	4.5	0.001	0.59629848	0.39	1	0.00015335	0.001	0.001	0.02115956	0.26789905	0.0490008	9.99584182	0.1	0.01	0.01	0.01	1e-05	0.01	0.00140765	0.05	0.5	1e-04	100	5e-06	0.001
0.43	0.9	0.1	0.2008545	0.4	80	65.4	9.1	500	3.5	8.61	0.003304	0.00010508	0.00130531	2	0.15	0.1	0.00141709	0.2	0.00194115	0.45	0.01532594	2	4.5	0.001	0.5926403	0.39	1	0.00015335	0.001	0.001	0.02115956	0.26789905	0.0490008	9.99584182	0.1	0.01	0.01	0.01	1e-05	0.01	0.00140765	0.05	0.5	1e-04	100	5e-06	0.001
0.43	0.9	0.1	0.2008545	0.4	80	65.4	9.1	500	3.5	8.61	0.003304	0.00010442	0.00129972	2	0.15	0.1	0.00141304	0.2	0.00174339	0.45	0.01495042	2	4.5	0.001	0.59419645	0.39	1	0.00015335	0.001	0.001	0.02115956	0.26789905	0.0490008	9.99584182	0.1	0.01	0.01	0.01	1e-05	0.01	0.00140765	0.05	0.5	1e-04	100	5e-06	0.001
0.43	0.9	0.1	0.2008545	0.4	80	65.4	9.1	500	3.5	8.61	0.003304	0.00010303	0.00128271	2	0.15	0.1	0.00140279	0.2	0.00174091	0.45	0.01463336	2	4.5	0.001	0.59004584	0.39	1	0.00015335	0.001	0.001	0.02115956	0.26789905	0.0490008	9.99584182	0.1	0.01	0.01	0.01	1e-05	0.01	0.00140765	0.05	0.5	1e-04	100	5e-06	0.001
0.43	0.9	0.1	0.2008545	0.4	80	65.4	9.1	500	3.5	8.61	0.003304	0.00010502	0.00131011	2	0.15	0.1	0.00141612	0.2	0.0017868	0.45	0.01531263	2	4.5	0.001	0.59510884	0.39	1	0.00015335	0.001	0.001	0.02115956	0.26789905	0.0490008	9.99584182	0.1	0.01	0.01	0.01	1e-05	0.01	0.00140765	0.05	0.5	1e-04	100	5e-06	0.001
0.43	0.9	0.1	0.2008545	0.4	80	65.4	9.1	500	3.5	8.61	0.003304	0.000105	0.00130996	2	0.15	0.1	0.00140597	0.2	0.00184193	0.45	0.0152419	2	4.5	0.001	0.5936391	0.39	1	0.00015335	0.001	0.001	0.02115956	0.26789905	0.0490008	9.99584182	0.1	0.01	0.01	0.01	1e-05	0.01	0.00140765	0.05	0.5	1e-04	100	5e-06	0.001
0.43	0.9	0.1	0.2008545	0.4	80	65.4	9.1	500	3.5	8.61	0.003304	0.00010494	0.0013103	2	0.15	0.1	0.00141203	0.2	0.00180573	0.45	0.01522852	2	4.5	0.001	0.59389479	0.39	1	0.00015335	0.001	0.001	0.02115956	0.26789905	0.0490008	9.99584182	0.1	0.01	0.01	0.01	1e-05	0.01	0.00140765	0.05	0.5	1e-04	100	5e-06	0.001
0.43	0.9	0.1	0.2008545	0.4	80	65.4	9.1	500	3.5	8.61	0.003304	0.00010492	0.00131034	2	0.15	0.1	0.00140642	0.2	0.00184959	0.45	0.01522529	2	4.5	0.001	0.59273496	0.39	1	0.00015335	0.001	0.001	0.02115956	0.26789905	0.0490008	9.99584182	0.1	0.01	0.01	0.01	1e-05	0.01	0.00140765	0.05	0.5	1e-04	100	5e-06	0.001
0.43	0.9	0.1	0.2008545	0.4	80	65.4	9.1	500	3.5	8.61	0.003304	0.00010489	0.00130996	2	0.15	0.1	0.00141163	0.2	0.00182535	0.45	0.01520995	2	4.5	0.001	0.59358588	0.39	1	0.00015335	0.001	0.001	0.02115956	0.26789905	0.0490008	9.99584182	0.1	0.01	0.01	0.01	1e-05	0.01	0.00140765	0.05	0.5	1e-04	100	5e-06	0.001
0.43	0.9	0.1	0.2008545	0.4	80	65.4	9.1	500	3.5	8.61	0.003304	0.00010479	0.00130807	2	0.15	0.1	0.00141362	0.2	0.00184862	0.45	0.01515864	2	4.5	0.001	0.59292292	0.39	1	0.00015335	0.001	0.001	0.02115956	0.26789905	0.0490008	9.99584182	0.1	0.01	0.01	0.01	1e-05	0.01	0.00140765	0.05	0.5	1e-04	100	5e-06	0.001
0.43	0.9	0.1	0.2008545	0.4	80	65.4	9.1	500	3.5	8.61	0.003304	0.000105	0.00131199	2	0.15	0.1	0.00141305	0.2	0.00184949	0.45	0.01524552	2	4.5	0.001	0.59315697	0.39	1	0.00015335	0.001	0.001	0.02115956	0.26789905	0.0490008	9.99584182	0.1	0.01	0.01	0.01	1e-05	0.01	0.00140765	0.05	0.5	1e-04	100	5e-06	0.001
0.43	0.9	0.1	0.2008545	0.4	80	65.4	9.1	500	3.5	8.61	0.003304	0.00010555	0.00131482	2	0.15	0.1	0.0014182	0.2	0.00202052	0.45	0.01532821	2	4.5	0.001	0.59089108	0.39	1	0.00015335	0.001	0.001	0.02115956	0.26789905	0.0490008	9.99584182	0.1	0.01	0.01	0.01	1e-05	0.01	0.00140765	0.05	0.5	1e-04	100	5e-06	0.001
0.43	0.9	0.1	0.2008545	0.4	80	65.4	9.1	500	3.5	8.61	0.003304	0.00010447	0.00130559	2	0.15	0.1	0.0014196	0.2	0.0018302	0.45	0.01520589	2	4.5	0.001	0.5933826	0.39	1	0.00015335	0.001	0.001	0.02115956	0.26789905	0.0490008	9.99584182	0.1	0.01	0.01	0.01	1e-05	0.01	0.00140765	0.05	0.5	1e-04	100	5e-06	0.001
0.43	0.9	0.1	0.2008545	0.4	80	65.4	9.1	500	3.5	8.61	0.003304	0.00010393	0.0012907	2	0.15	0.1	0.00140859	0.2	0.00172322	0.45	0.0148867	2	4.5	0.001	0.59464218	0.39	1	0.00015335	0.001	0.001	0.02115956	0.26789905	0.0490008	9.99584182	0.1	0.01	0.01	0.01	1e-05	0.01	0.00140765	0.05	0.5	1e-04	100	5e-06	0.001
0.43	0.9	0.1	0.2008545	0.4	80	65.4	9.1	500	3.5	8.61	0.003304	0.00010438	0.00129771	2	0.15	0.1	0.00141192	0.2	0.00175106	0.45	0.01505619	2	4.5	0.001	0.59425917	0.39	1	0.00015335	0.001	0.001	0.02115956	0.26789905	0.0490008	9.99584182	0.1	0.01	0.01	0.01	1e-05	0.01	0.00140765	0.05	0.5	1e-04	100	5e-06	0.001
0.43	0.9	0.1	0.2008545	0.4	80	65.4	9.1	500	3.5	8.61	0.003304	0.00010411	0.00129401	2	0.15	0.1	0.00140838	0.2	0.00174888	0.45	0.01494266	2	4.5	0.001	0.59338289	0.39	1	0.00015335	0.001	0.001	0.02115956	0.26789905	0.0490008	9.99584182	0.1	0.01	0.01	0.01	1e-05	0.01	0.00140765	0.05	0.5	1e-04	100	5e-06	0.001
0.43	0.9	0.1	0.2008545	0.4	80	65.4	9.1	500	3.5	8.61	0.003304	0.0001026	0.00127381	2	0.15	0.1	0.00139444	0.2	0.00160366	0.45	0.01439192	2	4.5	0.001	0.59177884	0.39	1	0.00015335	0.001	0.001	0.02115956	0.26789905	0.0490008	9.99584182	0.1	0.01	0.01	0.01	1e-05	0.01	0.00140765	0.05	0.5	1e-04	100	5e-06	0.001
0.43	0.9	0.1	0.2008545	0.4	80	65.4	9.1	500	3.5	8.61	0.003304	0.00010508	0.00130531	2	0.15	0.1	0.00141709	0.2	0.00194115	0.45	0.01532594	2	4.5	0.001	0.5926403	0.39	1	0.00015335	0.001	0.001	0.02115956	0.26789905	0.0490008	9.99584182	0.1	0.01	0.01	0.01	1e-05	0.01	0.00140765	0.05	0.5	1e-04	100	5e-06	0.001
0.43	0.9	0.1	0.2008545	0.4	80	65.4	9.1	500	3.5	8.61	0.003304	0.00010443	0.00130131	2	0.15	0.1	0.0014094	0.2	0.00180234	0.45	0.01509561	2	4.5	0.001	0.59268705	0.39	1	0.00015335	0.001	0.001	0.02115956	0.26789905	0.0490008	9.99584182	0.1	0.01	0.01	0.01	1e-05	0.01	0.00140765	0.05	0.5	1e-04	100	5e-06	0.001
0.43	0.9	0.1	0.2008545	0.4	80	65.4	9.1	500	3.5	8.61	0.003304	0.00010442	0.00129972	2	0.15	0.1	0.00141304	0.2	0.00174339	0.45	0.01495042	2	4.5	0.001	0.59419645	0.39	1	0.00015335	0.001	0.001	0.02115956	0.26789905	0.0490008	9.99584182	0.1	0.01	0.01	0.01	1e-05	0.01	0.00140765	0.05	0.5	1e-04	100	5e-06	0.001
0.43	0.9	0.1	0.2008545	0.4	80	65.4	9.1	500	3.5	8.61	0.003304	0.00010452	0.00130568	2	0.15	0.1	0.00141349	0.2	0.0017918	0.45	0.01505948	2	4.5	0.001	0.59368592	0.39	1	0.00015335	0.001	0.001	0.02115956	0.26789905	0.0490008	9.99584182	0.1	0.01	0.01	0.01	1e-05	0.01	0.00140765	0.05	0.5	1e-04	100	5e-06	0.001
0.43	0.9	0.1	0.2008545	0.4	80	65.4	9.1	500	3.5	8.61	0.003304	0.00010494	0.00131683	2	0.15	0.1	0.00141904	0.2	0.00188303	0.45	0.01523085	2	4.5	0.001	0.59268313	0.39	1	0.00015335	0.001	0.001	0.02115956	0.26789905	0.0490008	9.99584182	0.1	0.01	0.01	0.01	1e-05	0.01	0.00140765	0.05	0.5	1e-04	100	5e-06	0.001
0.43	0.9	0.1	0.2008545	0.4	80	65.4	9.1	500	3.5	8.61	0.003304	0.00010392	0.00129433	2	0.15	0.1	0.00140735	0.2	0.00172636	0.45	0.01497236	2	4.5	0.001	0.59320771	0.39	1	0.00015335	0.001	0.001	0.02115956	0.26789905	0.0490008	9.99584182	0.1	0.01	0.01	0.01	1e-05	0.01	0.00140765	0.05	0.5	1e-04	100	5e-06	0.001
0.43	0.9	0.1	0.2008545	0.4	80	65.4	9.1	500	3.5	8.61	0.003304	0.00010287	0.00130029	2	0.15	0.1	0.00139277	0.2	0.00171746	0.45	0.01597273	2	4.5	0.001	0.58936642	0.39	1	0.00015335	0.001	0.001	0.02115956	0.26789905	0.0490008	9.99584182	0.1	0.01	0.01	0.01	1e-05	0.01	0.00140765	0.05	0.5	1e-04	100	5e-06	0.001
0.43	0.9	0.1	0.2008545	0.4	80	65.4	9.1	500	3.5	8.61	0.003304	0.00010287	0.00130029	2	0.15	0.1	0.00139277	0.2	0.00171746	0.45	0.01597273	2	4.5	0.001	0.58936642	0.39	1	0.00015335	0.001	0.001	0.02115956	0.26789905	0.0490008	9.99584182	0.1	0.01	0.01	0.01	1e-05	0.01	0.00140765	0.05	0.5	1e-04	100	5e-06	0.001
0.43	0.9	0.1	0.2008545	0.4	80	65.4	9.1	500	3.5	8.61	0.003304	0.00010273	0.00130541	2	0.15	0.1	0.00139659	0.2	0.00165066	0.45	0.01593598	2	4.5	0.001	0.58914097	0.39	1	0.00015335	0.001	0.001	0.02115956	0.26789905	0.0490008	9.99584182	0.1	0.01	0.01	0.01	1e-05	0.01	0.00140765	0.05	0.5	1e-04	100	5e-06	0.001
0.43	0.9	0.1	0.2008545	0.4	80	65.4	9.1	500	3.5	8.61	0.003304	0.00010287	0.00130029	2	0.15	0.1	0.00139277	0.2	0.00171746	0.45	0.01597273	2	4.5	0.001	0.58936642	0.39	1	0.00015335	0.001	0.001	0.02115956	0.26789905	0.0490008	9.99584182	0.1	0.01	0.01	0.01	1e-05	0.01	0.00140765	0.05	0.5	1e-04	100	5e-06	0.001
0.43	0.9	0.1	0.2008545	0.4	80	65.4	9.1	500	3.5	8.61	0.003304	0.00010272	0.00129834	2	0.15	0.1	0.00139753	0.2	0.00169838	0.45	0.01589911	2	4.5	0.001	0.58928764	0.39	1	0.00015335	0.001	0.001	0.02115956	0.26789905	0.0490008	9.99584182	0.1	0.01	0.01	0.01	1e-05	0.01	0.00140765	0.05	0.5	1e-04	100	5e-06	0.001
0.43	0.9	0.1	0.2008545	0.4	80	65.4	9.1	500	3.5	8.61	0.003304	0.00010286	0.00129898	2	0.15	0.1	0.00140359	0.2	0.00175213	0.45	0.01579708	2	4.5	0.001	0.58860482	0.39	1	0.00015335	0.001	0.001	0.02115956	0.26789905	0.0490008	9.99584182	0.1	0.01	0.01	0.01	1e-05	0.01	0.00140765	0.05	0.5	1e-04	100	5e-06	0.001
0.43	0.9	0.1	0.2008545	0.4	80	65.4	9.1	500	3.5	8.61	0.003304	0.00010237	0.00130319	2	0.15	0.1	0.001393	0.2	0.00176731	0.45	0.01593378	2	4.5	0.001	0.58868678	0.39	1	0.00015335	0.001	0.001	0.02115956	0.26789905	0.0490008	9.99584182	0.1	0.01	0.01	0.01	1e-05	0.01	0.00140765	0.05	0.5	1e-04	100	5e-06	0.001
0.43	0.9	0.1	0.2008545	0.4	80	65.4	9.1	500	3.5	8.61	0.003304	0.00010332	0.00132239	2	0.15	0.1	0.00137519	0.2	0.00160785	0.45	0.01570862	2	4.5	0.001	0.58824659	0.39	1	0.00015335	0.001	0.001	0.02115956	0.26789905	0.0490008	9.99584182	0.1	0.01	0.01	0.01	1e-05	0.01	0.00140765	0.05	0.5	1e-04	100	5e-06	0.001
0.43	0.9	0.1	0.2008545	0.4	80	65.4	9.1	500	3.5	8.61	0.003304	0.00010302	0.0013009	2	0.15	0.1	0.00139266	0.2	0.00167637	0.45	0.01576939	2	4.5	0.001	0.58902213	0.39	1	0.00015335	0.001	0.001	0.02115956	0.26789905	0.0490008	9.99584182	0.1	0.01	0.01	0.01	1e-05	0.01	0.00140765	0.05	0.5	1e-04	100	5e-06	0.001
0.43	0.9	0.1	0.2008545	0.4	80	65.4	9.1	500	3.5	8.61	0.003304	0.00010287	0.00130029	2	0.15	0.1	0.00139277	0.2	0.00171746	0.45	0.01597273	2	4.5	0.001	0.58936642	0.39	1	0.00015335	0.001	0.001	0.02115956	0.26789905	0.0490008	9.99584182	0.1	0.01	0.01	0.01	1e-05	0.01	0.00140765	0.05	0.5	1e-04	100	5e-06	0.001
0.43	0.9	0.1	0.2008545	0.4	80	65.4	9.1	500	3.5	8.61	0.003304	0.00010272	0.00129834	2	0.15	0.1	0.00139753	0.2	0.00169838	0.45	0.01589911	2	4.5	0.001	0.58928764	0.39	1	0.00015335	0.001	0.001	0.02115956	0.26789905	0.0490008	9.99584182	0.1	0.01	0.01	0.01	1e-05	0.01	0.00140765	0.05	0.5	1e-04	100	5e-06	0.001
0.43	0.9	0.1	0.2008545	0.4	80	65.4	9.1	500	3.5	8.61	0.003304	0.00010273	0.0012985	2	0.15	0.1	0.00139194	0.2	0.00171669	0.45	0.01588226	2	4.5	0.001	0.58950633	0.39	1	0.00015335	0.001	0.001	0.02115956	0.26789905	0.0490008	9.99584182	0.1	0.01	0.01	0.01	1e-05	0.01	0.00140765	0.05	0.5	1e-04	100	5e-06	0.001
0.43	0.9	0.1	0.2008545	0.4	80	65.4	9.1	500	3.5	8.61	0.003304	0.00010271	0.00129849	2	0.15	0.1	0.00139167	0.2	0.00170817	0.45	0.01586166	2	4.5	0.001	0.58949725	0.39	1	0.00015335	0.001	0.001	0.02115956	0.26789905	0.0490008	9.99584182	0.1	0.01	0.01	0.01	1e-05	0.01	0.00140765	0.05	0.5	1e-04	100	5e-06	0.001
0.43	0.9	0.1	0.2008545	0.4	80	65.4	9.1	500	3.5	8.61	0.003304	0.00010315	0.00130664	2	0.15	0.1	0.00138502	0.2	0.00163818	0.45	0.01576081	2	4.5	0.001	0.58877047	0.39	1	0.00015335	0.001	0.001	0.02115956	0.26789905	0.0490008	9.99584182	0.1	0.01	0.01	0.01	1e-05	0.01	0.00140765	0.05	0.5	1e-04	100	5e-06	0.001
0.43	0.9	0.1	0.2008545	0.4	80	65.4	9.1	500	3.5	8.61	0.003304	0.00010286	0.00129898	2	0.15	0.1	0.00140359	0.2	0.00175213	0.45	0.01579708	2	4.5	0.001	0.58860482	0.39	1	0.00015335	0.001	0.001	0.02115956	0.26789905	0.0490008	9.99584182	0.1	0.01	0.01	0.01	1e-05	0.01	0.00140765	0.05	0.5	1e-04	100	5e-06	0.001
0.43	0.9	0.1	0.2008545	0.4	80	65.4	9.1	500	3.5	8.61	0.003304	0.00010291	0.00130342	2	0.15	0.1	0.00139302	0.2	0.00171664	0.45	0.015855	2	4.5	0.001	0.58949124	0.39	1	0.00015335	0.001	0.001	0.02115956	0.26789905	0.0490008	9.99584182	0.1	0.01	0.01	0.01	1e-05	0.01	0.00140765	0.05	0.5	1e-04	100	5e-06	0.001
0.43	0.9	0.1	0.2008545	0.4	80	65.4	9.1	500	3.5	8.61	0.003304	0.00010326	0.00130998	2	0.15	0.1	0.00138675	0.2	0.00166663	0.45	0.01576607	2	4.5	0.001	0.58917201	0.39	1	0.00015335	0.001	0.001	0.02115956	0.26789905	0.0490008	9.99584182	0.1	0.01	0.01	0.01	1e-05	0.01	0.00140765	0.05	0.5	1e-04	100	5e-06	0.001
0.43	0.9	0.1	0.2008545	0.4	80	65.4	9.1	500	3.5	8.61	0.003304	0.00010267	0.00130292	2	0.15	0.1	0.00139409	0.2	0.00172244	0.45	0.01588992	2	4.5	0.001	0.589257	0.39	1	0.00015335	0.001	0.001	0.02115956	0.26789905	0.0490008	9.99584182	0.1	0.01	0.01	0.01	1e-05	0.01	0.00140765	0.05	0.5	1e-04	100	5e-06	0.001
0.43	0.9	0.1	0.2008545	0.4	80	65.4	9.1	500	3.5	8.61	0.003304	0.00010326	0.00131343	2	0.15	0.1	0.00138407	0.2	0.00164814	0.45	0.01576235	2	4.5	0.001	0.58879044	0.39	1	0.00015335	0.001	0.001	0.02115956	0.26789905	0.0490008	9.99584182	0.1	0.01	0.01	0.01	1e-05	0.01	0.00140765	0.05	0.5	1e-04	100	5e-06	0.001
0.43	0.9	0.1	0.2008545	0.4	80	65.4	9.1	500	3.5	8.61	0.003304	0.000103	0.00131044	2	0.15	0.1	0.00138651	0.2	0.00163664	0.45	0.01577116	2	4.5	0.001	0.59003735	0.39	1	0.00015335	0.001	0.001	0.02115956	0.26789905	0.0490008	9.99584182	0.1	0.01	0.01	0.01	1e-05	0.01	0.00140765	0.05	0.5	1e-04	100	5e-06	0.001
0.43	0.9	0.1	0.2008545	0.4	80	65.4	9.1	500	3.5	8.61	0.003304	0.00010286	0.00129687	2	0.15	0.1	0.00139682	0.2	0.0017196	0.45	0.01584405	2	4.5	0.001	0.58957249	0.39	1	0.00015335	0.001	0.001	0.02115956	0.26789905	0.0490008	9.99584182	0.1	0.01	0.01	0.01	1e-05	0.01	0.00140765	0.05	0.5	1e-04	100	5e-06	0.001
0.43	0.9	0.1	0.2008545	0.4	80	65.4	9.1	500	3.5	8.61	0.003304	0.00010314	0.00130344	2	0.15	0.1	0.00139054	0.2	0.00168564	0.45	0.01580107	2	4.5	0.001	0.58913086	0.39	1	0.00015335	0.001	0.001	0.02115956	0.26789905	0.0490008	9.99584182	0.1	0.01	0.01	0.01	1e-05	0.01	0.00140765	0.05	0.5	1e-04	100	5e-06	0.001
0.43	0.9	0.1	0.2008545	0.4	80	65.4	9.1	500	3.5	8.61	0.003304	0.00010322	0.00131603	2	0.15	0.1	0.00138043	0.2	0.0016293	0.45	0.0157855	2	4.5	0.001	0.58881168	0.39	1	0.00015335	0.001	0.001	0.02115956	0.26789905	0.0490008	9.99584182	0.1	0.01	0.01	0.01	1e-05	0.01	0.00140765	0.05	0.5	1e-04	100	5e-06	0.001
0.43	0.9	0.1	0.2008545	0.4	80	65.4	9.1	500	3.5	8.61	0.003304	0.00010322	0.00131603	2	0.15	0.1	0.00138043	0.2	0.0016293	0.45	0.0157855	2	4.5	0.001	0.58881168	0.39	1	0.00015335	0.001	0.001	0.02115956	0.26789905	0.0490008	9.99584182	0.1	0.01	0.01	0.01	1e-05	0.01	0.00140765	0.05	0.5	1e-04	100	5e-06	0.001
0.43	0.9	0.1	0.2008545	0.4	80	65.4	9.1	500	3.5	8.61	0.003304	0.00010896	0.00139171	2	0.15	0.1	0.00138619	0.2	0.00161758	0.45	0.01588623	2	4.5	0.001	0.57193149	0.39	1	0.00015335	0.001	0.001	0.02115956	0.26789905	0.0490008	9.99584182	0.1	0.01	0.01	0.01	1e-05	0.01	0.00140765	0.05	0.5	1e-04	100	5e-06	0.001
0.43	0.9	0.1	0.2008545	0.4	80	65.4	9.1	500	3.5	8.61	0.003304	0.00010825	0.00138665	2	0.15	0.1	0.00138046	0.2	0.00169175	0.45	0.01576469	2	4.5	0.001	0.56695504	0.39	1	0.00015335	0.001	0.001	0.02115956	0.26789905	0.0490008	9.99584182	0.1	0.01	0.01	0.01	1e-05	0.01	0.00140765	0.05	0.5	1e-04	100	5e-06	0.001
0.43	0.9	0.1	0.2008545	0.4	80	65.4	9.1	500	3.5	8.61	0.003304	0.00010763	0.00136396	2	0.15	0.1	0.00139125	0.2	0.00181885	0.45	0.01511837	2	4.5	0.001	0.57225957	0.39	1	0.00015335	0.001	0.001	0.02115956	0.26789905	0.0490008	9.99584182	0.1	0.01	0.01	0.01	1e-05	0.01	0.00140765	0.05	0.5	1e-04	100	5e-06	0.001
0.43	0.9	0.1	0.2008545	0.4	80	65.4	9.1	500	3.5	8.61	0.003304	0.00010851	0.00140206	2	0.15	0.1	0.00136759	0.2	0.00161807	0.45	0.01569412	2	4.5	0.001	0.55798973	0.39	1	0.00015335	0.001	0.001	0.02115956	0.26789905	0.0490008	9.99584182	0.1	0.01	0.01	0.01	1e-05	0.01	0.00140765	0.05	0.5	1e-04	100	5e-06	0.001
0.43	0.9	0.1	0.2008545	0.4	80	65.4	9.1	500	3.5	8.61	0.003304	0.00010783	0.00138082	2	0.15	0.1	0.00138287	0.2	0.00174191	0.45	0.01542291	2	4.5	0.001	0.56480853	0.39	1	0.00015335	0.001	0.001	0.02115956	0.26789905	0.0490008	9.99584182	0.1	0.01	0.01	0.01	1e-05	0.01	0.00140765	0.05	0.5	1e-04	100	5e-06	0.001
0.43	0.9	0.1	0.2008545	0.4	80	65.4	9.1	500	3.5	8.61	0.003304	0.00010815	0.00139576	2	0.15	0.1	0.00137153	0.2	0.00164285	0.45	0.01533228	2	4.5	0.001	0.55700991	0.39	1	0.00015335	0.001	0.001	0.02115956	0.26789905	0.0490008	9.99584182	0.1	0.01	0.01	0.01	1e-05	0.01	0.00140765	0.05	0.5	1e-04	100	5e-06	0.001
0.43	0.9	0.1	0.2008545	0.4	80	65.4	9.1	500	3.5	8.61	0.003304	0.00010795	0.00137694	2	0.15	0.1	0.00138428	0.2	0.0017291	0.45	0.015038	2	4.5	0.001	0.56824344	0.39	1	0.00015335	0.001	0.001	0.02115956	0.26789905	0.0490008	9.99584182	0.1	0.01	0.01	0.01	1e-05	0.01	0.00140765	0.05	0.5	1e-04	100	5e-06	0.001
0.43	0.9	0.1	0.2008545	0.4	80	65.4	9.1	500	3.5	8.61	0.003304	0.00010832	0.00139339	2	0.15	0.1	0.0013793	0.2	0.00165105	0.45	0.01540304	2	4.5	0.001	0.56348767	0.39	1	0.00015335	0.001	0.001	0.02115956	0.26789905	0.0490008	9.99584182	0.1	0.01	0.01	0.01	1e-05	0.01	0.00140765	0.05	0.5	1e-04	100	5e-06	0.001
0.43	0.9	0.1	0.2008545	0.4	80	65.4	9.1	500	3.5	8.61	0.003304	0.00010874	0.00140469	2	0.15	0.1	0.00137219	0.2	0.00158223	0.45	0.01529652	2	4.5	0.001	0.55874439	0.39	1	0.00015335	0.001	0.001	0.02115956	0.26789905	0.0490008	9.99584182	0.1	0.01	0.01	0.01	1e-05	0.01	0.00140765	0.05	0.5	1e-04	100	5e-06	0.001
0.43	0.9	0.1	0.2008545	0.4	80	65.4	9.1	500	3.5	8.61	0.003304	0.00010768	0.00135211	2	0.15	0.1	0.00140111	0.2	0.00176149	0.45	0.01557182	2	4.5	0.001	0.58504732	0.39	1	0.00015335	0.001	0.001	0.02115956	0.26789905	0.0490008	9.99584182	0.1	0.01	0.01	0.01	1e-05	0.01	0.00140765	0.05	0.5	1e-04	100	5e-06	0.001
0.43	0.9	0.1	0.2008545	0.4	80	65.4	9.1	500	3.5	8.61	0.003304	0.00010768	0.00135389	2	0.15	0.1	0.00140111	0.2	0.00186411	0.45	0.01557182	2	4.5	0.001	0.58126033	0.39	1	0.00015335	0.001	0.001	0.02115956	0.26789905	0.0490008	9.99584182	0.1	0.01	0.01	0.01	1e-05	0.01	0.00140765	0.05	0.5	1e-04	100	5e-06	0.001
0.43	0.9	0.1	0.2008545	0.4	80	65.4	9.1	500	3.5	8.61	0.003304	0.00010848	0.00138274	2	0.15	0.1	0.00138487	0.2	0.00166964	0.45	0.01566781	2	4.5	0.001	0.57018117	0.39	1	0.00015335	0.001	0.001	0.02115956	0.26789905	0.0490008	9.99584182	0.1	0.01	0.01	0.01	1e-05	0.01	0.00140765	0.05	0.5	1e-04	100	5e-06	0.001
0.43	0.9	0.1	0.2008545	0.4	80	65.4	9.1	500	3.5	8.61	0.003304	0.00010896	0.00139171	2	0.15	0.1	0.00138619	0.2	0.00161758	0.45	0.01588623	2	4.5	0.001	0.57193149	0.39	1	0.00015335	0.001	0.001	0.02115956	0.26789905	0.0490008	9.99584182	0.1	0.01	0.01	0.01	1e-05	0.01	0.00140765	0.05	0.5	1e-04	100	5e-06	0.001
0.43	0.9	0.1	0.2008545	0.4	80	65.4	9.1	500	3.5	8.61	0.003304	0.00010845	0.00139453	2	0.15	0.1	0.00137164	0.2	0.00160404	0.45	0.01573576	2	4.5	0.001	0.56180273	0.39	1	0.00015335	0.001	0.001	0.02115956	0.26789905	0.0490008	9.99584182	0.1	0.01	0.01	0.01	1e-05	0.01	0.00140765	0.05	0.5	1e-04	100	5e-06	0.001
0.43	0.9	0.1	0.2008545	0.4	80	65.4	9.1	500	3.5	8.61	0.003304	0.00010843	0.00138643	2	0.15	0.1	0.0013818	0.2	0.00167636	0.45	0.01569231	2	4.5	0.001	0.56680445	0.39	1	0.00015335	0.001	0.001	0.02115956	0.26789905	0.0490008	9.99584182	0.1	0.01	0.01	0.01	1e-05	0.01	0.00140765	0.05	0.5	1e-04	100	5e-06	0.001
0.43	0.9	0.1	0.2008545	0.4	80	65.4	9.1	500	3.5	8.61	0.003304	0.00010834	0.00138541	2	0.15	0.1	0.00137797	0.2	0.00164465	0.45	0.01543998	2	4.5	0.001	0.566087	0.39	1	0.00015335	0.001	0.001	0.02115956	0.26789905	0.0490008	9.99584182	0.1	0.01	0.01	0.01	1e-05	0.01	0.00140765	0.05	0.5	1e-04	100	5e-06	0.001
0.43	0.9	0.1	0.2008545	0.4	80	65.4	9.1	500	3.5	8.61	0.003304	0.00010825	0.00138211	2	0.15	0.1	0.00138294	0.2	0.00171305	0.45	0.01560184	2	4.5	0.001	0.56807466	0.39	1	0.00015335	0.001	0.001	0.02115956	0.26789905	0.0490008	9.99584182	0.1	0.01	0.01	0.01	1e-05	0.01	0.00140765	0.05	0.5	1e-04	100	5e-06	0.001
0.43	0.9	0.1	0.2008545	0.4	80	65.4	9.1	500	3.5	8.61	0.003304	0.00010825	0.00138665	2	0.15	0.1	0.00138046	0.2	0.00169175	0.45	0.01576469	2	4.5	0.001	0.56695504	0.39	1	0.00015335	0.001	0.001	0.02115956	0.26789905	0.0490008	9.99584182	0.1	0.01	0.01	0.01	1e-05	0.01	0.00140765	0.05	0.5	1e-04	100	5e-06	0.001
0.43	0.9	0.1	0.2008545	0.4	80	65.4	9.1	500	3.5	8.61	0.003304	0.00010827	0.00138292	2	0.15	0.1	0.00138757	0.2	0.00170167	0.45	0.01597481	2	4.5	0.001	0.57287001	0.39	1	0.00015335	0.001	0.001	0.02115956	0.26789905	0.0490008	9.99584182	0.1	0.01	0.01	0.01	1e-05	0.01	0.00140765	0.05	0.5	1e-04	100	5e-06	0.001
0.43	0.9	0.1	0.2008545	0.4	80	65.4	9.1	500	3.5	8.61	0.003304	0.00010763	0.00136396	2	0.15	0.1	0.00139125	0.2	0.00181885	0.45	0.01511837	2	4.5	0.001	0.57225957	0.39	1	0.00015335	0.001	0.001	0.02115956	0.26789905	0.0490008	9.99584182	0.1	0.01	0.01	0.01	1e-05	0.01	0.00140765	0.05	0.5	1e-04	100	5e-06	0.001
0.43	0.9	0.1	0.2008545	0.4	80	65.4	9.1	500	3.5	8.61	0.003304	0.00010851	0.00140206	2	0.15	0.1	0.00136759	0.2	0.00161807	0.45	0.01569412	2	4.5	0.001	0.55798973	0.39	1	0.00015335	0.001	0.001	0.02115956	0.26789905	0.0490008	9.99584182	0.1	0.01	0.01	0.01	1e-05	0.01	0.00140765	0.05	0.5	1e-04	100	5e-06	0.001
0.43	0.9	0.1	0.2008545	0.4	80	65.4	9.1	500	3.5	8.61	0.003304	0.00010783	0.00138082	2	0.15	0.1	0.00138287	0.2	0.00174191	0.45	0.01542291	2	4.5	0.001	0.56480853	0.39	1	0.00015335	0.001	0.001	0.02115956	0.26789905	0.0490008	9.99584182	0.1	0.01	0.01	0.01	1e-05	0.01	0.00140765	0.05	0.5	1e-04	100	5e-06	0.001
0.43	0.9	0.1	0.2008545	0.4	80	65.4	9.1	500	3.5	8.61	0.003304	0.00010846	0.00139684	2	0.15	0.1	0.00137224	0.2	0.00158276	0.45	0.01548566	2	4.5	0.001	0.56320747	0.39	1	0.00015335	0.001	0.001	0.02115956	0.26789905	0.0490008	9.99584182	0.1	0.01	0.01	0.01	1e-05	0.01	0.00140765	0.05	0.5	1e-04	100	5e-06	0.001
0.43	0.9	0.1	0.2008545	0.4	80	65.4	9.1	500	3.5	8.61	0.003304	0.00010819	0.00138776	2	0.15	0.1	0.00137381	0.2	0.00162818	0.45	0.01507233	2	4.5	0.001	0.56314215	0.39	1	0.00015335	0.001	0.001	0.02115956	0.26789905	0.0490008	9.99584182	0.1	0.01	0.01	0.01	1e-05	0.01	0.00140765	0.05	0.5	1e-04	100	5e-06	0.001
0.43	0.9	0.1	0.2008545	0.4	80	65.4	9.1	500	3.5	8.61	0.003304	0.00010826	0.0013859	2	0.15	0.1	0.00138965	0.2	0.00174413	0.45	0.01567102	2	4.5	0.001	0.56860284	0.39	1	0.00015335	0.001	0.001	0.02115956	0.26789905	0.0490008	9.99584182	0.1	0.01	0.01	0.01	1e-05	0.01	0.00140765	0.05	0.5	1e-04	100	5e-06	0.001
0.43	0.9	0.1	0.2008545	0.4	80	65.4	9.1	500	3.5	8.61	0.003304	0.00010815	0.00139576	2	0.15	0.1	0.00137153	0.2	0.00164285	0.45	0.01533228	2	4.5	0.001	0.55700991	0.39	1	0.00015335	0.001	0.001	0.02115956	0.26789905	0.0490008	9.99584182	0.1	0.01	0.01	0.01	1e-05	0.01	0.00140765	0.05	0.5	1e-04	100	5e-06	0.001
0.43	0.9	0.1	0.2008545	0.4	80	65.4	9.1	500	3.5	8.61	0.003304	0.00010841	0.00139346	2	0.15	0.1	0.00138085	0.2	0.00168666	0.45	0.01556059	2	4.5	0.001	0.56404896	0.39	1	0.00015335	0.001	0.001	0.02115956	0.26789905	0.0490008	9.99584182	0.1	0.01	0.01	0.01	1e-05	0.01	0.00140765	0.05	0.5	1e-04	100	5e-06	0.001
0.43	0.9	0.1	0.2008545	0.4	80	65.4	9.1	500	3.5	8.61	0.003304	0.00010896	0.0014011	2	0.15	0.1	0.00138619	0.2	0.00165756	0.45	0.01588623	2	4.5	0.001	0.56725384	0.39	1	0.00015335	0.001	0.001	0.02115956	0.26789905	0.0490008	9.99584182	0.1	0.01	0.01	0.01	1e-05	0.01	0.00140765	0.05	0.5	1e-04	100	5e-06	0.001
0.43	0.9	0.1	0.2008545	0.4	80	65.4	9.1	500	3.5	8.61	0.003304	0.00010795	0.00137694	2	0.15	0.1	0.00138428	0.2	0.0017291	0.45	0.015038	2	4.5	0.001	0.56824344	0.39	1	0.00015335	0.001	0.001	0.02115956	0.26789905	0.0490008	9.99584182	0.1	0.01	0.01	0.01	1e-05	0.01	0.00140765	0.05	0.5	1e-04	100	5e-06	0.001
0.43	0.9	0.1	0.2008545	0.4	80	65.4	9.1	500	3.5	8.61	0.003304	0.00010808	0.00138789	2	0.15	0.1	0.00137639	0.2	0.00167043	0.45	0.01519107	2	4.5	0.001	0.56279762	0.39	1	0.00015335	0.001	0.001	0.02115956	0.26789905	0.0490008	9.99584182	0.1	0.01	0.01	0.01	1e-05	0.01	0.00140765	0.05	0.5	1e-04	100	5e-06	0.001
0.43	0.9	0.1	0.2008545	0.4	80	65.4	9.1	500	3.5	8.61	0.003304	0.00010821	0.00139265	2	0.15	0.1	0.00137667	0.2	0.00166714	0.45	0.01545026	2	4.5	0.001	0.5632539	0.39	1	0.00015335	0.001	0.001	0.02115956	0.26789905	0.0490008	9.99584182	0.1	0.01	0.01	0.01	1e-05	0.01	0.00140765	0.05	0.5	1e-04	100	5e-06	0.001
0.43	0.9	0.1	0.2008545	0.4	80	65.4	9.1	500	3.5	8.61	0.003304	0.00010832	0.00139339	2	0.15	0.1	0.0013793	0.2	0.00165105	0.45	0.01540304	2	4.5	0.001	0.56348767	0.39	1	0.00015335	0.001	0.001	0.02115956	0.26789905	0.0490008	9.99584182	0.1	0.01	0.01	0.01	1e-05	0.01	0.00140765	0.05	0.5	1e-04	100	5e-06	0.001
0.43	0.9	0.1	0.2008545	0.4	80	65.4	9.1	500	3.5	8.61	0.003304	0.00010796	0.00135851	2	0.15	0.1	0.00140516	0.2	0.00171999	0.45	0.01583215	2	4.5	0.001	0.5850902	0.39	1	0.00015335	0.001	0.001	0.02115956	0.26789905	0.0490008	9.99584182	0.1	0.01	0.01	0.01	1e-05	0.01	0.00140765	0.05	0.5	1e-04	100	5e-06	0.001
0.43	0.9	0.1	0.2008545	0.4	80	65.4	9.1	500	3.5	8.61	0.003304	0.00010768	0.00135211	2	0.15	0.1	0.00140111	0.2	0.00176149	0.45	0.01557182	2	4.5	0.001	0.58504732	0.39	1	0.00015335	0.001	0.001	0.02115956	0.26789905	0.0490008	9.99584182	0.1	0.01	0.01	0.01	1e-05	0.01	0.00140765	0.05	0.5	1e-04	100	5e-06	0.001
0.43	0.9	0.1	0.2008545	0.4	80	65.4	9.1	500	3.5	8.61	0.003304	0.00010806	0.00136578	2	0.15	0.1	0.00139682	0.2	0.00177427	0.45	0.0159734	2	4.5	0.001	0.5786051	0.39	1	0.00015335	0.001	0.001	0.02115956	0.26789905	0.0490008	9.99584182	0.1	0.01	0.01	0.01	1e-05	0.01	0.00140765	0.05	0.5	1e-04	100	5e-06	0.001
0.43	0.9	0.1	0.2008545	0.4	80	65.4	9.1	500	3.5	8.61	0.003304	0.00010798	0.00135548	2	0.15	0.1	0.00140793	0.2	0.00163803	0.45	0.0159202	2	4.5	0.001	0.59423689	0.39	1	0.00015335	0.001	0.001	0.02115956	0.26789905	0.0490008	9.99584182	0.1	0.01	0.01	0.01	1e-05	0.01	0.00140765	0.05	0.5	1e-04	100	5e-06	0.001
0.43	0.9	0.1	0.2008545	0.4	80	65.4	9.1	500	3.5	8.61	0.003304	0.00010768	0.00135618	2	0.15	0.1	0.00140111	0.2	0.00172965	0.45	0.01557182	2	4.5	0.001	0.58260352	0.39	1	0.00015335	0.001	0.001	0.02115956	0.26789905	0.0490008	9.99584182	0.1	0.01	0.01	0.01	1e-05	0.01	0.00140765	0.05	0.5	1e-04	100	5e-06	0.001
0.43	0.9	0.1	0.2008545	0.4	80	65.4	9.1	500	3.5	8.61	0.003304	0.00010806	0.00136972	2	0.15	0.1	0.00139296	0.2	0.00177962	0.45	0.01597621	2	4.5	0.001	0.57623124	0.39	1	0.00015335	0.001	0.001	0.02115956	0.26789905	0.0490008	9.99584182	0.1	0.01	0.01	0.01	1e-05	0.01	0.00140765	0.05	0.5	1e-04	100	5e-06	0.001
0.43	0.9	0.1	0.2008545	0.4	80	65.4	9.1	500	3.5	8.61	0.003304	0.0001081	0.00136601	2	0.15	0.1	0.00139803	0.2	0.00180603	0.45	0.01587044	2	4.5	0.001	0.57854308	0.39	1	0.00015335	0.001	0.001	0.02115956	0.26789905	0.0490008	9.99584182	0.1	0.01	0.01	0.01	1e-05	0.01	0.00140765	0.05	0.5	1e-04	100	5e-06	0.001
0.43	0.9	0.1	0.2008545	0.4	80	65.4	9.1	500	3.5	8.61	0.003304	0.00010768	0.00135389	2	0.15	0.1	0.00140111	0.2	0.00186411	0.45	0.01557182	2	4.5	0.001	0.58126033	0.39	1	0.00015335	0.001	0.001	0.02115956	0.26789905	0.0490008	9.99584182	0.1	0.01	0.01	0.01	1e-05	0.01	0.00140765	0.05	0.5	1e-04	100	5e-06	0.001
0.43	0.9	0.1	0.2008545	0.4	80	65.4	9.1	500	3.5	8.61	0.003304	0.00010821	0.0013762	2	0.15	0.1	0.00138439	0.2	0.00169112	0.45	0.0156194	2	4.5	0.001	0.57167741	0.39	1	0.00015335	0.001	0.001	0.02115956	0.26789905	0.0490008	9.99584182	0.1	0.01	0.01	0.01	1e-05	0.01	0.00140765	0.05	0.5	1e-04	100	5e-06	0.001
0.43	0.9	0.1	0.2008545	0.4	80	65.4	9.1	500	3.5	8.61	0.003304	0.00010798	0.00135383	2	0.15	0.1	0.00140793	0.2	0.00177506	0.45	0.0159202	2	4.5	0.001	0.59380896	0.39	1	0.00015335	0.001	0.001	0.02115956	0.26789905	0.0490008	9.99584182	0.1	0.01	0.01	0.01	1e-05	0.01	0.00140765	0.05	0.5	1e-04	100	5e-06	0.001
0.43	0.9	0.1	0.2008545	0.4	80	65.4	9.1	500	3.5	8.61	0.003304	0.00010817	0.00137071	2	0.15	0.1	0.00139466	0.2	0.00170999	0.45	0.0156873	2	4.5	0.001	0.57766661	0.39	1	0.00015335	0.001	0.001	0.02115956	0.26789905	0.0490008	9.99584182	0.1	0.01	0.01	0.01	1e-05	0.01	0.00140765	0.05	0.5	1e-04	100	5e-06	0.001
0.43	0.9	0.1	0.2008545	0.4	80	65.4	9.1	500	3.5	8.61	0.003304	0.00010848	0.00138274	2	0.15	0.1	0.00138487	0.2	0.00166964	0.45	0.01566781	2	4.5	0.001	0.57018117	0.39	1	0.00015335	0.001	0.001	0.02115956	0.26789905	0.0490008	9.99584182	0.1	0.01	0.01	0.01	1e-05	0.01	0.00140765	0.05	0.5	1e-04	100	5e-06	0.001
0.43	0.9	0.1	0.2008545	0.4	80	65.4	9.1	500	3.5	8.61	0.003304	0.00010794	0.001371	2	0.15	0.1	0.00138964	0.2	0.00176717	0.45	0.01571807	2	4.5	0.001	0.57423219	0.39	1	0.00015335	0.001	0.001	0.02115956	0.26789905	0.0490008	9.99584182	0.1	0.01	0.01	0.01	1e-05	0.01	0.00140765	0.05	0.5	1e-04	100	5e-06	0.001
0.43	0.9	0.1	0.2008545	0.4	80	65.4	9.1	500	3.5	8.61	0.003304	0.00010896	0.00139171	2	0.15	0.1	0.00138619	0.2	0.00161758	0.45	0.01588623	2	4.5	0.001	0.57193149	0.39	1	0.00015335	0.001	0.001	0.02115956	0.26789905	0.0490008	9.99584182	0.1	0.01	0.01	0.01	1e-05	0.01	0.00140765	0.05	0.5	1e-04	100	5e-06	0.001
0.43	0.9	0.1	0.2008545	0.4	80	65.4	9.1	500	3.5	8.61	0.003304	0.00010813	0.00137438	2	0.15	0.1	0.00139074	0.2	0.00175705	0.45	0.01573802	2	4.5	0.001	0.57348855	0.39	1	0.00015335	0.001	0.001	0.02115956	0.26789905	0.0490008	9.99584182	0.1	0.01	0.01	0.01	1e-05	0.01	0.00140765	0.05	0.5	1e-04	100	5e-06	0.001
0.43	0.9	0.1	0.2008545	0.4	80	65.4	9.1	500	3.5	8.61	0.003304	0.00010824	0.00137865	2	0.15	0.1	0.00138705	0.2	0.00172771	0.45	0.01572079	2	4.5	0.001	0.57137238	0.39	1	0.00015335	0.001	0.001	0.02115956	0.26789905	0.0490008	9.99584182	0.1	0.01	0.01	0.01	1e-05	0.01	0.00140765	0.05	0.5	1e-04	100	5e-06	0.001
0.43	0.9	0.1	0.2008545	0.4	80	65.4	9.1	500	3.5	8.61	0.003304	0.00010843	0.00138643	2	0.15	0.1	0.0013818	0.2	0.00167636	0.45	0.01569231	2	4.5	0.001	0.56680445	0.39	1	0.00015335	0.001	0.001	0.02115956	0.26789905	0.0490008	9.99584182	0.1	0.01	0.01	0.01	1e-05	0.01	0.00140765	0.05	0.5	1e-04	100	5e-06	0.001
0.43	0.9	0.1	0.2008545	0.4	80	65.4	9.1	500	3.5	8.61	0.003304	0.00010823	0.00137834	2	0.15	0.1	0.00138939	0.2	0.00172684	0.45	0.01584947	2	4.5	0.001	0.573594	0.39	1	0.00015335	0.001	0.001	0.02115956	0.26789905	0.0490008	9.99584182	0.1	0.01	0.01	0.01	1e-05	0.01	0.00140765	0.05	0.5	1e-04	100	5e-06	0.001
0.43	0.9	0.1	0.2008545	0.4	80	65.4	9.1	500	3.5	8.61	0.003304	0.00010851	0.00140206	2	0.15	0.1	0.00136759	0.2	0.00161807	0.45	0.01569412	2	4.5	0.001	0.55798973	0.39	1	0.00015335	0.001	0.001	0.02115956	0.26789905	0.0490008	9.99584182	0.1	0.01	0.01	0.01	1e-05	0.01	0.00140765	0.05	0.5	1e-04	100	5e-06	0.001
0.43	0.9	0.1	0.2008545	0.4	80	65.4	9.1	500	3.5	8.61	0.003304	0.00010825	0.00138722	2	0.15	0.1	0.00138049	0.2	0.00168529	0.45	0.01556541	2	4.5	0.001	0.5666272	0.39	1	0.00015335	0.001	0.001	0.02115956	0.26789905	0.0490008	9.99584182	0.1	0.01	0.01	0.01	1e-05	0.01	0.00140765	0.05	0.5	1e-04	100	5e-06	0.001
0.43	0.9	0.1	0.2008545	0.4	80	65.4	9.1	500	3.5	8.61	0.003304	0.0001081	0.00138598	2	0.15	0.1	0.00137841	0.2	0.00168263	0.45	0.01534902	2	4.5	0.001	0.56415022	0.39	1	0.00015335	0.001	0.001	0.02115956	0.26789905	0.0490008	9.99584182	0.1	0.01	0.01	0.01	1e-05	0.01	0.00140765	0.05	0.5	1e-04	100	5e-06	0.001
0.43	0.9	0.1	0.2008545	0.4	80	65.4	9.1	500	3.5	8.61	0.003304	0.00010814	0.00138536	2	0.15	0.1	0.00138338	0.2	0.00173551	0.45	0.01556744	2	4.5	0.001	0.56682082	0.39	1	0.00015335	0.001	0.001	0.02115956	0.26789905	0.0490008	9.99584182	0.1	0.01	0.01	0.01	1e-05	0.01	0.00140765	0.05	0.5	1e-04	100	5e-06	0.001
0.43	0.9	0.1	0.2008545	0.4	80	65.4	9.1	500	3.5	8.61	0.003304	0.00010795	0.00135688	2	0.15	0.1	0.00140162	0.2	0.00174258	0.45	0.01585143	2	4.5	0.001	0.58396718	0.39	1	0.00015335	0.001	0.001	0.02115956	0.26789905	0.0490008	9.99584182	0.1	0.01	0.01	0.01	1e-05	0.01	0.00140765	0.05	0.5	1e-04	100	5e-06	0.001
0.43	0.9	0.1	0.2008545	0.4	80	65.4	9.1	500	3.5	8.61	0.003304	0.00010783	0.00135168	2	0.15	0.1	0.00140347	0.2	0.00175216	0.45	0.01572274	2	4.5	0.001	0.58740923	0.39	1	0.00015335	0.001	0.001	0.02115956	0.26789905	0.0490008	9.99584182	0.1	0.01	0.01	0.01	1e-05	0.01	0.00140765	0.05	0.5	1e-04	100	5e-06	0.001
0.43	0.9	0.1	0.2008545	0.4	80	65.4	9.1	500	3.5	8.61	0.003304	0.00010798	0.00135531	2	0.15	0.1	0.00140793	0.2	0.00172894	0.45	0.0159202	2	4.5	0.001	0.58747959	0.39	1	0.00015335	0.001	0.001	0.02115956	0.26789905	0.0490008	9.99584182	0.1	0.01	0.01	0.01	1e-05	0.01	0.00140765	0.05	0.5	1e-04	100	5e-06	0.001
0.43	0.9	0.1	0.2008545	0.4	80	65.4	9.1	500	3.5	8.61	0.003304	0.00010799	0.00135281	2	0.15	0.1	0.00140618	0.2	0.00174256	0.45	0.01588603	2	4.5	0.001	0.5903748	0.39	1	0.00015335	0.001	0.001	0.02115956	0.26789905	0.0490008	9.99584182	0.1	0.01	0.01	0.01	1e-05	0.01	0.00140765	0.05	0.5	1e-04	100	5e-06	0.001
0.43	0.9	0.1	0.2008545	0.4	80	65.4	9.1	500	3.5	8.61	0.003304	0.00010772	0.00135129	2	0.15	0.1	0.0014044	0.2	0.00173294	0.45	0.0156631	2	4.5	0.001	0.58630216	0.39	1	0.00015335	0.001	0.001	0.02115956	0.26789905	0.0490008	9.99584182	0.1	0.01	0.01	0.01	1e-05	0.01	0.00140765	0.05	0.5	1e-04	100	5e-06	0.001
0.43	0.9	0.1	0.2008545	0.4	80	65.4	9.1	500	3.5	8.61	0.003304	0.00010796	0.00135365	2	0.15	0.1	0.00140669	0.2	0.00168895	0.45	0.01587808	2	4.5	0.001	0.59140804	0.39	1	0.00015335	0.001	0.001	0.02115956	0.26789905	0.0490008	9.99584182	0.1	0.01	0.01	0.01	1e-05	0.01	0.00140765	0.05	0.5	1e-04	100	5e-06	0.001
0.43	0.9	0.1	0.2008545	0.4	80	65.4	9.1	500	3.5	8.61	0.003304	0.00010798	0.00136085	2	0.15	0.1	0.0013961	0.2	0.0017034	0.45	0.01565229	2	4.5	0.001	0.58105908	0.39	1	0.00015335	0.001	0.001	0.02115956	0.26789905	0.0490008	9.99584182	0.1	0.01	0.01	0.01	1e-05	0.01	0.00140765	0.05	0.5	1e-04	100	5e-06	0.001
0.43	0.9	0.1	0.2008545	0.4	80	65.4	9.1	500	3.5	8.61	0.003304	0.0001076	0.00134671	2	0.15	0.1	0.00140581	0.2	0.00177361	0.45	0.01562203	2	4.5	0.001	0.58894811	0.39	1	0.00015335	0.001	0.001	0.02115956	0.26789905	0.0490008	9.99584182	0.1	0.01	0.01	0.01	1e-05	0.01	0.00140765	0.05	0.5	1e-04	100	5e-06	0.001
0.43	0.9	0.1	0.2008545	0.4	80	65.4	9.1	500	3.5	8.61	0.003304	0.00010806	0.00135914	2	0.15	0.1	0.00140214	0.2	0.00171522	0.45	0.01588627	2	4.5	0.001	0.58641255	0.39	1	0.00015335	0.001	0.001	0.02115956	0.26789905	0.0490008	9.99584182	0.1	0.01	0.01	0.01	1e-05	0.01	0.00140765	0.05	0.5	1e-04	100	5e-06	0.001
0.43	0.9	0.1	0.2008545	0.4	80	65.4	9.1	500	3.5	8.61	0.003304	0.00010783	0.00135369	2	0.15	0.1	0.00140248	0.2	0.00179409	0.45	0.01569707	2	4.5	0.001	0.58499935	0.39	1	0.00015335	0.001	0.001	0.02115956	0.26789905	0.0490008	9.99584182	0.1	0.01	0.01	0.01	1e-05	0.01	0.00140765	0.05	0.5	1e-04	100	5e-06	0.001
0.43	0.9	0.1	0.2008545	0.4	80	65.4	9.1	500	3.5	8.61	0.003304	0.00010798	0.00135377	2	0.15	0.1	0.00140793	0.2	0.0015994	0.45	0.0159202	2	4.5	0.001	0.59397274	0.39	1	0.00015335	0.001	0.001	0.02115956	0.26789905	0.0490008	9.99584182	0.1	0.01	0.01	0.01	1e-05	0.01	0.00140765	0.05	0.5	1e-04	100	5e-06	0.001
0.43	0.9	0.1	0.2008545	0.4	80	65.4	9.1	500	3.5	8.61	0.003304	0.00010806	0.00136972	2	0.15	0.1	0.00139296	0.2	0.00177962	0.45	0.01597621	2	4.5	0.001	0.57623124	0.39	1	0.00015335	0.001	0.001	0.02115956	0.26789905	0.0490008	9.99584182	0.1	0.01	0.01	0.01	1e-05	0.01	0.00140765	0.05	0.5	1e-04	100	5e-06	0.001
0.43	0.9	0.1	0.2008545	0.4	80	65.4	9.1	500	3.5	8.61	0.003304	0.00010822	0.00138118	2	0.15	0.1	0.00138283	0.2	0.0016815	0.45	0.01570252	2	4.5	0.001	0.56965875	0.39	1	0.00015335	0.001	0.001	0.02115956	0.26789905	0.0490008	9.99584182	0.1	0.01	0.01	0.01	1e-05	0.01	0.00140765	0.05	0.5	1e-04	100	5e-06	0.001
0.43	0.9	0.1	0.2008545	0.4	80	65.4	9.1	500	3.5	8.61	0.003304	0.00010896	0.00139171	2	0.15	0.1	0.00138619	0.2	0.00161758	0.45	0.01588623	2	4.5	0.001	0.57193149	0.39	1	0.00015335	0.001	0.001	0.02115956	0.26789905	0.0490008	9.99584182	0.1	0.01	0.01	0.01	1e-05	0.01	0.00140765	0.05	0.5	1e-04	100	5e-06	0.001
0.43	0.9	0.1	0.2008545	0.4	80	65.4	9.1	500	3.5	8.61	0.003304	0.0001081	0.00138598	2	0.15	0.1	0.00137841	0.2	0.00168263	0.45	0.01534902	2	4.5	0.001	0.56415022	0.39	1	0.00015335	0.001	0.001	0.02115956	0.26789905	0.0490008	9.99584182	0.1	0.01	0.01	0.01	1e-05	0.01	0.00140765	0.05	0.5	1e-04	100	5e-06	0.001
0.43	0.9	0.1	0.2008545	0.4	80	65.4	9.1	500	3.5	8.61	0.003304	0.00010842	0.00136628	2	0.15	0.1	0.00139893	0.2	0.00164795	0.45	0.01584941	2	4.5	0.001	0.58371724	0.39	1	0.00015335	0.001	0.001	0.02115956	0.26789905	0.0490008	9.99584182	0.1	0.01	0.01	0.01	1e-05	0.01	0.00140765	0.05	0.5	1e-04	100	5e-06	0.001
0.43	0.9	0.1	0.2008545	0.4	80	65.4	9.1	500	3.5	8.61	0.003304	0.00010822	0.00138118	2	0.15	0.1	0.00138283	0.2	0.0016815	0.45	0.01570252	2	4.5	0.001	0.56965875	0.39	1	0.00015335	0.001	0.001	0.02115956	0.26789905	0.0490008	9.99584182	0.1	0.01	0.01	0.01	1e-05	0.01	0.00140765	0.05	0.5	1e-04	100	5e-06	0.001
0.43	0.9	0.1	0.2008545	0.4	80	65.4	9.1	500	3.5	8.61	0.003304	0.00010842	0.00136628	2	0.15	0.1	0.00139893	0.2	0.00164795	0.45	0.01584941	2	4.5	0.001	0.58371724	0.39	1	0.00015335	0.001	0.001	0.02115956	0.26789905	0.0490008	9.99584182	0.1	0.01	0.01	0.01	1e-05	0.01	0.00140765	0.05	0.5	1e-04	100	5e-06	0.001
0.431	0.9	0.1	0.2008545	0.4	80	65.4	9.1	500	3.5	8.61	0.003304	0.00010301	0.00130373	2	0.15	0.1	0.00139232	0.2	0.00168769	0.45	0.01429592	2	4.5	0.001	0.59135779	0.39	1	0.00015335	0.001	0.001	0.02115956	0.26789905	0.0490008	9.99584182	0.1	0.01	0.01	0.01	1e-05	0.01	0.00140765	0.05	0.5	1e-04	100	5e-06	0.001
0.431	0.9	0.1	0.2008545	0.4	80	65.4	9.1	500	3.5	8.61	0.003304	0.00010301	0.00130373	2	0.15	0.1	0.00139232	0.2	0.00168769	0.45	0.01429592	2	4.5	0.001	0.59135779	0.39	1	0.00015335	0.001	0.001	0.02115956	0.26789905	0.0490008	9.99584182	0.1	0.01	0.01	0.01	1e-05	0.01	0.00140765	0.05	0.5	1e-04	100	5e-06	0.001
0.431	0.9	0.1	0.2008545	0.4	80	65.4	9.1	500	3.5	8.61	0.003304	0.00010328	0.0013004	2	0.15	0.1	0.00139068	0.2	0.00167111	0.45	0.01432644	2	4.5	0.001	0.59027245	0.39	1	0.00015335	0.001	0.001	0.02115956	0.26789905	0.0490008	9.99584182	0.1	0.01	0.01	0.01	1e-05	0.01	0.00140765	0.05	0.5	1e-04	100	5e-06	0.001
0.431	0.9	0.1	0.2008545	0.4	80	65.4	9.1	500	3.5	8.61	0.003304	0.0001036	0.00130142	2	0.15	0.1	0.00142211	0.2	0.00174761	0.45	0.01433137	2	4.5	0.001	0.58606909	0.39	1	0.00015335	0.001	0.001	0.02115956	0.26789905	0.0490008	9.99584182	0.1	0.01	0.01	0.01	1e-05	0.01	0.00140765	0.05	0.5	1e-04	100	5e-06	0.001
0.431	0.9	0.1	0.2008545	0.4	80	65.4	9.1	500	3.5	8.61	0.003304	0.00010326	0.00130729	2	0.15	0.1	0.00139598	0.2	0.00165935	0.45	0.01431469	2	4.5	0.001	0.58711105	0.39	1	0.00015335	0.001	0.001	0.02115956	0.26789905	0.0490008	9.99584182	0.1	0.01	0.01	0.01	1e-05	0.01	0.00140765	0.05	0.5	1e-04	100	5e-06	0.001
0.431	0.9	0.1	0.2008545	0.4	80	65.4	9.1	500	3.5	8.61	0.003304	0.00010301	0.00130373	2	0.15	0.1	0.00139232	0.2	0.00168769	0.45	0.01429592	2	4.5	0.001	0.59135779	0.39	1	0.00015335	0.001	0.001	0.02115956	0.26789905	0.0490008	9.99584182	0.1	0.01	0.01	0.01	1e-05	0.01	0.00140765	0.05	0.5	1e-04	100	5e-06	0.001
0.431	0.9	0.1	0.2008545	0.4	80	65.4	9.1	500	3.5	8.61	0.003304	0.00010351	0.00131384	2	0.15	0.1	0.00141205	0.2	0.00181987	0.45	0.01439563	2	4.5	0.001	0.58569373	0.39	1	0.00015335	0.001	0.001	0.02115956	0.26789905	0.0490008	9.99584182	0.1	0.01	0.01	0.01	1e-05	0.01	0.00140765	0.05	0.5	1e-04	100	5e-06	0.001
0.431	0.9	0.1	0.2008545	0.4	80	65.4	9.1	500	3.5	8.61	0.003304	0.00010328	0.0013004	2	0.15	0.1	0.00139068	0.2	0.00167111	0.45	0.01432644	2	4.5	0.001	0.59027245	0.39	1	0.00015335	0.001	0.001	0.02115956	0.26789905	0.0490008	9.99584182	0.1	0.01	0.01	0.01	1e-05	0.01	0.00140765	0.05	0.5	1e-04	100	5e-06	0.001
0.431	0.9	0.1	0.2008545	0.4	80	65.4	9.1	500	3.5	8.61	0.003304	0.0001036	0.00130142	2	0.15	0.1	0.00142211	0.2	0.00174761	0.45	0.01433137	2	4.5	0.001	0.58606909	0.39	1	0.00015335	0.001	0.001	0.02115956	0.26789905	0.0490008	9.99584182	0.1	0.01	0.01	0.01	1e-05	0.01	0.00140765	0.05	0.5	1e-04	100	5e-06	0.001
0.431	0.9	0.1	0.2008545	0.4	80	65.4	9.1	500	3.5	8.61	0.003304	0.00010365	0.00131013	2	0.15	0.1	0.00140352	0.2	0.00167604	0.45	0.01429219	2	4.5	0.001	0.58593365	0.39	1	0.00015335	0.001	0.001	0.02115956	0.26789905	0.0490008	9.99584182	0.1	0.01	0.01	0.01	1e-05	0.01	0.00140765	0.05	0.5	1e-04	100	5e-06	0.001
0.431	0.9	0.1	0.2008545	0.4	80	65.4	9.1	500	3.5	8.61	0.003304	0.00010326	0.00130729	2	0.15	0.1	0.00139598	0.2	0.00165935	0.45	0.01431469	2	4.5	0.001	0.58711105	0.39	1	0.00015335	0.001	0.001	0.02115956	0.26789905	0.0490008	9.99584182	0.1	0.01	0.01	0.01	1e-05	0.01	0.00140765	0.05	0.5	1e-04	100	5e-06	0.001
0.431	0.9	0.1	0.2008545	0.4	80	65.4	9.1	500	3.5	8.61	0.003304	0.00010301	0.00130373	2	0.15	0.1	0.00139232	0.2	0.00168769	0.45	0.01429592	2	4.5	0.001	0.59135779	0.39	1	0.00015335	0.001	0.001	0.02115956	0.26789905	0.0490008	9.99584182	0.1	0.01	0.01	0.01	1e-05	0.01	0.00140765	0.05	0.5	1e-04	100	5e-06	0.001
0.431	0.9	0.1	0.2008545	0.4	80	65.4	9.1	500	3.5	8.61	0.003304	0.00010343	0.00131199	2	0.15	0.1	0.00139413	0.2	0.0016656	0.45	0.0142643	2	4.5	0.001	0.58659347	0.39	1	0.00015335	0.001	0.001	0.02115956	0.26789905	0.0490008	9.99584182	0.1	0.01	0.01	0.01	1e-05	0.01	0.00140765	0.05	0.5	1e-04	100	5e-06	0.001
0.431	0.9	0.1	0.2008545	0.4	80	65.4	9.1	500	3.5	8.61	0.003304	0.00010347	0.00130654	2	0.15	0.1	0.0014199	0.2	0.00181556	0.45	0.01432638	2	4.5	0.001	0.58848449	0.39	1	0.00015335	0.001	0.001	0.02115956	0.26789905	0.0490008	9.99584182	0.1	0.01	0.01	0.01	1e-05	0.01	0.00140765	0.05	0.5	1e-04	100	5e-06	0.001
0.431	0.9	0.1	0.2008545	0.4	80	65.4	9.1	500	3.5	8.61	0.003304	0.00010321	0.00131068	2	0.15	0.1	0.00139374	0.2	0.00173405	0.45	0.01437188	2	4.5	0.001	0.58901361	0.39	1	0.00015335	0.001	0.001	0.02115956	0.26789905	0.0490008	9.99584182	0.1	0.01	0.01	0.01	1e-05	0.01	0.00140765	0.05	0.5	1e-04	100	5e-06	0.001
0.431	0.9	0.1	0.2008545	0.4	80	65.4	9.1	500	3.5	8.61	0.003304	0.00010351	0.00131384	2	0.15	0.1	0.00141205	0.2	0.00181987	0.45	0.01439563	2	4.5	0.001	0.58569373	0.39	1	0.00015335	0.001	0.001	0.02115956	0.26789905	0.0490008	9.99584182	0.1	0.01	0.01	0.01	1e-05	0.01	0.00140765	0.05	0.5	1e-04	100	5e-06	0.001
0.431	0.9	0.1	0.2008545	0.4	80	65.4	9.1	500	3.5	8.61	0.003304	0.00010362	0.00131913	2	0.15	0.1	0.00139535	0.2	0.00171169	0.45	0.01428091	2	4.5	0.001	0.5861214	0.39	1	0.00015335	0.001	0.001	0.02115956	0.26789905	0.0490008	9.99584182	0.1	0.01	0.01	0.01	1e-05	0.01	0.00140765	0.05	0.5	1e-04	100	5e-06	0.001
0.431	0.9	0.1	0.2008545	0.4	80	65.4	9.1	500	3.5	8.61	0.003304	0.00010328	0.0013004	2	0.15	0.1	0.00139068	0.2	0.00167111	0.45	0.01432644	2	4.5	0.001	0.59027245	0.39	1	0.00015335	0.001	0.001	0.02115956	0.26789905	0.0490008	9.99584182	0.1	0.01	0.01	0.01	1e-05	0.01	0.00140765	0.05	0.5	1e-04	100	5e-06	0.001
0.431	0.9	0.1	0.2008545	0.4	80	65.4	9.1	500	3.5	8.61	0.003304	0.00010341	0.00130198	2	0.15	0.1	0.00140653	0.2	0.00173317	0.45	0.01435822	2	4.5	0.001	0.58646038	0.39	1	0.00015335	0.001	0.001	0.02115956	0.26789905	0.0490008	9.99584182	0.1	0.01	0.01	0.01	1e-05	0.01	0.00140765	0.05	0.5	1e-04	100	5e-06	0.001
0.431	0.9	0.1	0.2008545	0.4	80	65.4	9.1	500	3.5	8.61	0.003304	0.0001036	0.00130142	2	0.15	0.1	0.00142211	0.2	0.00174761	0.45	0.01433137	2	4.5	0.001	0.58606909	0.39	1	0.00015335	0.001	0.001	0.02115956	0.26789905	0.0490008	9.99584182	0.1	0.01	0.01	0.01	1e-05	0.01	0.00140765	0.05	0.5	1e-04	100	5e-06	0.001
0.431	0.9	0.1	0.2008545	0.4	80	65.4	9.1	500	3.5	8.61	0.003304	0.00010298	0.00129767	2	0.15	0.1	0.00139965	0.2	0.00166403	0.45	0.01433548	2	4.5	0.001	0.58991545	0.39	1	0.00015335	0.001	0.001	0.02115956	0.26789905	0.0490008	9.99584182	0.1	0.01	0.01	0.01	1e-05	0.01	0.00140765	0.05	0.5	1e-04	100	5e-06	0.001
0.431	0.9	0.1	0.2008545	0.4	80	65.4	9.1	500	3.5	8.61	0.003304	0.00010299	0.00130134	2	0.15	0.1	0.00139171	0.2	0.00164258	0.45	0.01434877	2	4.5	0.001	0.58949	0.39	1	0.00015335	0.001	0.001	0.02115956	0.26789905	0.0490008	9.99584182	0.1	0.01	0.01	0.01	1e-05	0.01	0.00140765	0.05	0.5	1e-04	100	5e-06	0.001
0.431	0.9	0.1	0.2008545	0.4	80	65.4	9.1	500	3.5	8.61	0.003304	0.00010332	0.00130358	2	0.15	0.1	0.0014052	0.2	0.00174153	0.45	0.01436325	2	4.5	0.001	0.58718258	0.39	1	0.00015335	0.001	0.001	0.02115956	0.26789905	0.0490008	9.99584182	0.1	0.01	0.01	0.01	1e-05	0.01	0.00140765	0.05	0.5	1e-04	100	5e-06	0.001
0.431	0.9	0.1	0.2008545	0.4	80	65.4	9.1	500	3.5	8.61	0.003304	0.00010342	0.00130661	2	0.15	0.1	0.00140042	0.2	0.00168492	0.45	0.01430322	2	4.5	0.001	0.58648347	0.39	1	0.00015335	0.001	0.001	0.02115956	0.26789905	0.0490008	9.99584182	0.1	0.01	0.01	0.01	1e-05	0.01	0.00140765	0.05	0.5	1e-04	100	5e-06	0.001
0.431	0.9	0.1	0.2008545	0.4	80	65.4	9.1	500	3.5	8.61	0.003304	0.00010328	0.00130463	2	0.15	0.1	0.0014046	0.2	0.00174218	0.45	0.01437836	2	4.5	0.001	0.58755085	0.39	1	0.00015335	0.001	0.001	0.02115956	0.26789905	0.0490008	9.99584182	0.1	0.01	0.01	0.01	1e-05	0.01	0.00140765	0.05	0.5	1e-04	100	5e-06	0.001
0.431	0.9	0.1	0.2008545	0.4	80	65.4	9.1	500	3.5	8.61	0.003304	0.00010326	0.00130729	2	0.15	0.1	0.00139598	0.2	0.00165935	0.45	0.01431469	2	4.5	0.001	0.58711105	0.39	1	0.00015335	0.001	0.001	0.02115956	0.26789905	0.0490008	9.99584182	0.1	0.01	0.01	0.01	1e-05	0.01	0.00140765	0.05	0.5	1e-04	100	5e-06	0.001
0.431	0.9	0.1	0.2008545	0.4	80	65.4	9.1	500	3.5	8.61	0.003304	0.00010349	0.00130866	2	0.15	0.1	0.00140262	0.2	0.00172563	0.45	0.01432779	2	4.5	0.001	0.58641302	0.39	1	0.00015335	0.001	0.001	0.02115956	0.26789905	0.0490008	9.99584182	0.1	0.01	0.01	0.01	1e-05	0.01	0.00140765	0.05	0.5	1e-04	100	5e-06	0.001
0.431	0.9	0.1	0.2008545	0.4	80	65.4	9.1	500	3.5	8.61	0.003304	0.00010294	0.00130104	2	0.15	0.1	0.00140045	0.2	0.0016969	0.45	0.01436113	2	4.5	0.001	0.59108811	0.39	1	0.00015335	0.001	0.001	0.02115956	0.26789905	0.0490008	9.99584182	0.1	0.01	0.01	0.01	1e-05	0.01	0.00140765	0.05	0.5	1e-04	100	5e-06	0.001
0.431	0.9	0.1	0.2008545	0.4	80	65.4	9.1	500	3.5	8.61	0.003304	0.00010351	0.00130922	2	0.15	0.1	0.00140323	0.2	0.00174625	0.45	0.01435115	2	4.5	0.001	0.58637721	0.39	1	0.00015335	0.001	0.001	0.02115956	0.26789905	0.0490008	9.99584182	0.1	0.01	0.01	0.01	1e-05	0.01	0.00140765	0.05	0.5	1e-04	100	5e-06	0.001
0.431	0.9	0.1	0.2008545	0.4	80	65.4	9.1	500	3.5	8.61	0.003304	0.00010301	0.00130373	2	0.15	0.1	0.00139232	0.2	0.00168769	0.45	0.01429592	2	4.5	0.001	0.59135779	0.39	1	0.00015335	0.001	0.001	0.02115956	0.26789905	0.0490008	9.99584182	0.1	0.01	0.01	0.01	1e-05	0.01	0.00140765	0.05	0.5	1e-04	100	5e-06	0.001
0.431	0.9	0.1	0.2008545	0.4	80	65.4	9.1	500	3.5	8.61	0.003304	0.00010321	0.00131068	2	0.15	0.1	0.00139374	0.2	0.00173405	0.45	0.01437188	2	4.5	0.001	0.58901361	0.39	1	0.00015335	0.001	0.001	0.02115956	0.26789905	0.0490008	9.99584182	0.1	0.01	0.01	0.01	1e-05	0.01	0.00140765	0.05	0.5	1e-04	100	5e-06	0.001
0.431	0.9	0.1	0.2008545	0.4	80	65.4	9.1	500	3.5	8.61	0.003304	0.000103	0.00131206	2	0.15	0.1	0.00138359	0.2	0.0016339	0.45	0.01433044	2	4.5	0.001	0.59019879	0.39	1	0.00015335	0.001	0.001	0.02115956	0.26789905	0.0490008	9.99584182	0.1	0.01	0.01	0.01	1e-05	0.01	0.00140765	0.05	0.5	1e-04	100	5e-06	0.001
0.431	0.9	0.1	0.2008545	0.4	80	65.4	9.1	500	3.5	8.61	0.003304	0.0001036	0.00130142	2	0.15	0.1	0.00142211	0.2	0.00174761	0.45	0.01433137	2	4.5	0.001	0.58606909	0.39	1	0.00015335	0.001	0.001	0.02115956	0.26789905	0.0490008	9.99584182	0.1	0.01	0.01	0.01	1e-05	0.01	0.00140765	0.05	0.5	1e-04	100	5e-06	0.001
0.431	0.9	0.1	0.2008545	0.4	80	65.4	9.1	500	3.5	8.61	0.003304	0.00010326	0.00130729	2	0.15	0.1	0.00139598	0.2	0.00165935	0.45	0.01431469	2	4.5	0.001	0.58711105	0.39	1	0.00015335	0.001	0.001	0.02115956	0.26789905	0.0490008	9.99584182	0.1	0.01	0.01	0.01	1e-05	0.01	0.00140765	0.05	0.5	1e-04	100	5e-06	0.001
0.431	0.9	0.1	0.2008545	0.4	80	65.4	9.1	500	3.5	8.61	0.003304	0.00010514	0.00133113	2	0.15	0.1	0.00142434	0.2	0.00196381	0.45	0.01553916	2	4.5	0.001	0.59316295	0.39	1	0.00015335	0.001	0.001	0.02115956	0.26789905	0.0490008	9.99584182	0.1	0.01	0.01	0.01	1e-05	0.01	0.00140765	0.05	0.5	1e-04	100	5e-06	0.001
0.431	0.9	0.1	0.2008545	0.4	80	65.4	9.1	500	3.5	8.61	0.003304	0.00010543	0.00133113	2	0.15	0.1	0.00140307	0.2	0.00196381	0.45	0.01513647	2	4.5	0.001	0.59316295	0.39	1	0.00015335	0.001	0.001	0.02115956	0.26789905	0.0490008	9.99584182	0.1	0.01	0.01	0.01	1e-05	0.01	0.00140765	0.05	0.5	1e-04	100	5e-06	0.001
0.431	0.9	0.1	0.2008545	0.4	80	65.4	9.1	500	3.5	8.61	0.003304	0.00010556	0.00133627	2	0.15	0.1	0.00140493	0.2	0.00223836	0.45	0.01550336	2	4.5	0.001	0.58584733	0.39	1	0.00015335	0.001	0.001	0.02115956	0.26789905	0.0490008	9.99584182	0.1	0.01	0.01	0.01	1e-05	0.01	0.00140765	0.05	0.5	1e-04	100	5e-06	0.001
0.431	0.9	0.1	0.2008545	0.4	80	65.4	9.1	500	3.5	8.61	0.003304	0.00010514	0.00133113	2	0.15	0.1	0.00142434	0.2	0.00196381	0.45	0.01553916	2	4.5	0.001	0.59316295	0.39	1	0.00015335	0.001	0.001	0.02115956	0.26789905	0.0490008	9.99584182	0.1	0.01	0.01	0.01	1e-05	0.01	0.00140765	0.05	0.5	1e-04	100	5e-06	0.001
0.431	0.9	0.1	0.2008545	0.4	80	65.4	9.1	500	3.5	8.61	0.003304	0.00010543	0.00133113	2	0.15	0.1	0.00140307	0.2	0.00196381	0.45	0.01513647	2	4.5	0.001	0.59316295	0.39	1	0.00015335	0.001	0.001	0.02115956	0.26789905	0.0490008	9.99584182	0.1	0.01	0.01	0.01	1e-05	0.01	0.00140765	0.05	0.5	1e-04	100	5e-06	0.001
0.431	0.9	0.1	0.2008545	0.4	80	65.4	9.1	500	3.5	8.61	0.003304	0.00010556	0.00133627	2	0.15	0.1	0.00140493	0.2	0.00223836	0.45	0.01550336	2	4.5	0.001	0.58584733	0.39	1	0.00015335	0.001	0.001	0.02115956	0.26789905	0.0490008	9.99584182	0.1	0.01	0.01	0.01	1e-05	0.01	0.00140765	0.05	0.5	1e-04	100	5e-06	0.001
0.431	0.9	0.1	0.2008545	0.4	80	65.4	9.1	500	3.5	8.61	0.003304	0.00010581	0.00133763	2	0.15	0.1	0.00142613	0.2	0.00190619	0.45	0.01547837	2	4.5	0.001	0.59421839	0.39	1	0.00015335	0.001	0.001	0.02115956	0.26789905	0.0490008	9.99584182	0.1	0.01	0.01	0.01	1e-05	0.01	0.00140765	0.05	0.5	1e-04	100	5e-06	0.001
0.431	0.9	0.1	0.2008545	0.4	80	65.4	9.1	500	3.5	8.61	0.003304	0.00010549	0.00133588	2	0.15	0.1	0.00141456	0.2	0.00193465	0.45	0.01533731	2	4.5	0.001	0.59308798	0.39	1	0.00015335	0.001	0.001	0.02115956	0.26789905	0.0490008	9.99584182	0.1	0.01	0.01	0.01	1e-05	0.01	0.00140765	0.05	0.5	1e-04	100	5e-06	0.001
0.431	0.9	0.1	0.2008545	0.4	80	65.4	9.1	500	3.5	8.61	0.003304	0.00010551	0.0013378	2	0.15	0.1	0.00141727	0.2	0.00187794	0.45	0.01535325	2	4.5	0.001	0.5930699	0.39	1	0.00015335	0.001	0.001	0.02115956	0.26789905	0.0490008	9.99584182	0.1	0.01	0.01	0.01	1e-05	0.01	0.00140765	0.05	0.5	1e-04	100	5e-06	0.001
0.431	0.9	0.1	0.2008545	0.4	80	65.4	9.1	500	3.5	8.61	0.003304	0.00010514	0.00133113	2	0.15	0.1	0.00142434	0.2	0.00196381	0.45	0.01553916	2	4.5	0.001	0.59316295	0.39	1	0.00015335	0.001	0.001	0.02115956	0.26789905	0.0490008	9.99584182	0.1	0.01	0.01	0.01	1e-05	0.01	0.00140765	0.05	0.5	1e-04	100	5e-06	0.001
0.431	0.9	0.1	0.2008545	0.4	80	65.4	9.1	500	3.5	8.61	0.003304	0.00010527	0.00133945	2	0.15	0.1	0.00140301	0.2	0.00181847	0.45	0.01510445	2	4.5	0.001	0.59241329	0.39	1	0.00015335	0.001	0.001	0.02115956	0.26789905	0.0490008	9.99584182	0.1	0.01	0.01	0.01	1e-05	0.01	0.00140765	0.05	0.5	1e-04	100	5e-06	0.001
0.431	0.9	0.1	0.2008545	0.4	80	65.4	9.1	500	3.5	8.61	0.003304	0.00010607	0.00134273	2	0.15	0.1	0.00143089	0.2	0.00196401	0.45	0.01549798	2	4.5	0.001	0.59267284	0.39	1	0.00015335	0.001	0.001	0.02115956	0.26789905	0.0490008	9.99584182	0.1	0.01	0.01	0.01	1e-05	0.01	0.00140765	0.05	0.5	1e-04	100	5e-06	0.001
0.431	0.9	0.1	0.2008545	0.4	80	65.4	9.1	500	3.5	8.61	0.003304	0.00010581	0.00133763	2	0.15	0.1	0.00142613	0.2	0.00190619	0.45	0.01547837	2	4.5	0.001	0.59421839	0.39	1	0.00015335	0.001	0.001	0.02115956	0.26789905	0.0490008	9.99584182	0.1	0.01	0.01	0.01	1e-05	0.01	0.00140765	0.05	0.5	1e-04	100	5e-06	0.001
0.431	0.9	0.1	0.2008545	0.4	80	65.4	9.1	500	3.5	8.61	0.003304	0.00010551	0.0013378	2	0.15	0.1	0.00141727	0.2	0.00187794	0.45	0.01535325	2	4.5	0.001	0.5930699	0.39	1	0.00015335	0.001	0.001	0.02115956	0.26789905	0.0490008	9.99584182	0.1	0.01	0.01	0.01	1e-05	0.01	0.00140765	0.05	0.5	1e-04	100	5e-06	0.001
0.431	0.9	0.1	0.2008545	0.4	80	65.4	9.1	500	3.5	8.61	0.003304	0.00010261	0.001315	2	0.15	0.1	0.00139048	0.2	0.00173193	0.45	0.01591244	2	4.5	0.001	0.58895802	0.39	1	0.00015335	0.001	0.001	0.02115956	0.26789905	0.0490008	9.99584182	0.1	0.01	0.01	0.01	1e-05	0.01	0.00140765	0.05	0.5	1e-04	100	5e-06	0.001
0.431	0.9	0.1	0.2008545	0.4	80	65.4	9.1	500	3.5	8.61	0.003304	0.00010261	0.00131655	2	0.15	0.1	0.00139048	0.2	0.00173944	0.45	0.01591244	2	4.5	0.001	0.58935202	0.39	1	0.00015335	0.001	0.001	0.02115956	0.26789905	0.0490008	9.99584182	0.1	0.01	0.01	0.01	1e-05	0.01	0.00140765	0.05	0.5	1e-04	100	5e-06	0.001
0.431	0.9	0.1	0.2008545	0.4	80	65.4	9.1	500	3.5	8.61	0.003304	0.00010261	0.001315	2	0.15	0.1	0.00139048	0.2	0.00173193	0.45	0.01591244	2	4.5	0.001	0.58895802	0.39	1	0.00015335	0.001	0.001	0.02115956	0.26789905	0.0490008	9.99584182	0.1	0.01	0.01	0.01	1e-05	0.01	0.00140765	0.05	0.5	1e-04	100	5e-06	0.001
0.431	0.9	0.1	0.2008545	0.4	80	65.4	9.1	500	3.5	8.61	0.003304	0.00010292	0.00132455	2	0.15	0.1	0.00137671	0.2	0.00157482	0.45	0.01576453	2	4.5	0.001	0.59117692	0.39	1	0.00015335	0.001	0.001	0.02115956	0.26789905	0.0490008	9.99584182	0.1	0.01	0.01	0.01	1e-05	0.01	0.00140765	0.05	0.5	1e-04	100	5e-06	0.001
0.431	0.9	0.1	0.2008545	0.4	80	65.4	9.1	500	3.5	8.61	0.003304	0.00010329	0.00133496	2	0.15	0.1	0.0013675	0.2	0.00159163	0.45	0.01580405	2	4.5	0.001	0.58884168	0.39	1	0.00015335	0.001	0.001	0.02115956	0.26789905	0.0490008	9.99584182	0.1	0.01	0.01	0.01	1e-05	0.01	0.00140765	0.05	0.5	1e-04	100	5e-06	0.001
0.431	0.9	0.1	0.2008545	0.4	80	65.4	9.1	500	3.5	8.61	0.003304	0.00010746	0.00137719	2	0.15	0.1	0.00136882	0.2	0.00167332	0.45	0.01431647	2	4.5	0.001	0.56113948	0.39	1	0.00015335	0.001	0.001	0.02115956	0.26789905	0.0490008	9.99584182	0.1	0.01	0.01	0.01	1e-05	0.01	0.00140765	0.05	0.5	1e-04	100	5e-06	0.001
0.431	0.9	0.1	0.2008545	0.4	80	65.4	9.1	500	3.5	8.61	0.003304	0.00010746	0.00137719	2	0.15	0.1	0.00136882	0.2	0.00167332	0.45	0.01431647	2	4.5	0.001	0.56113948	0.39	1	0.00015335	0.001	0.001	0.02115956	0.26789905	0.0490008	9.99584182	0.1	0.01	0.01	0.01	1e-05	0.01	0.00140765	0.05	0.5	1e-04	100	5e-06	0.001
0.431	0.9	0.1	0.2008545	0.4	80	65.4	9.1	500	3.5	8.61	0.003304	0.00010746	0.00137719	2	0.15	0.1	0.00136882	0.2	0.00167332	0.45	0.01431647	2	4.5	0.001	0.56113948	0.39	1	0.00015335	0.001	0.001	0.02115956	0.26789905	0.0490008	9.99584182	0.1	0.01	0.01	0.01	1e-05	0.01	0.00140765	0.05	0.5	1e-04	100	5e-06	0.001
0.431	0.9	0.1	0.2008545	0.4	80	65.4	9.1	500	3.5	8.61	0.003304	0.00010759	0.00138209	2	0.15	0.1	0.00137646	0.2	0.00173954	0.45	0.01473735	2	4.5	0.001	0.55983299	0.39	1	0.00015335	0.001	0.001	0.02115956	0.26789905	0.0490008	9.99584182	0.1	0.01	0.01	0.01	1e-05	0.01	0.00140765	0.05	0.5	1e-04	100	5e-06	0.001
0.431	0.9	0.1	0.2008545	0.4	80	65.4	9.1	500	3.5	8.61	0.003304	0.00010746	0.00137719	2	0.15	0.1	0.00136882	0.2	0.00167332	0.45	0.01431647	2	4.5	0.001	0.56113948	0.39	1	0.00015335	0.001	0.001	0.02115956	0.26789905	0.0490008	9.99584182	0.1	0.01	0.01	0.01	1e-05	0.01	0.00140765	0.05	0.5	1e-04	100	5e-06	0.001
0.431	0.9	0.1	0.2008545	0.4	80	65.4	9.1	500	3.5	8.61	0.003304	0.0001075	0.00136263	2	0.15	0.1	0.00138443	0.2	0.001772	0.45	0.01405437	2	4.5	0.001	0.57003149	0.39	1	0.00015335	0.001	0.001	0.02115956	0.26789905	0.0490008	9.99584182	0.1	0.01	0.01	0.01	1e-05	0.01	0.00140765	0.05	0.5	1e-04	100	5e-06	0.001
0.431	0.9	0.1	0.2008545	0.4	80	65.4	9.1	500	3.5	8.61	0.003304	0.00010822	0.00139392	2	0.15	0.1	0.00138806	0.2	0.00163519	0.45	0.01470027	2	4.5	0.001	0.56277577	0.39	1	0.00015335	0.001	0.001	0.02115956	0.26789905	0.0490008	9.99584182	0.1	0.01	0.01	0.01	1e-05	0.01	0.00140765	0.05	0.5	1e-04	100	5e-06	0.001
0.431	0.9	0.1	0.2008545	0.4	80	65.4	9.1	500	3.5	8.61	0.003304	0.00010761	0.00138955	2	0.15	0.1	0.001364	0.2	0.00165732	0.45	0.01447963	2	4.5	0.001	0.56118562	0.39	1	0.00015335	0.001	0.001	0.02115956	0.26789905	0.0490008	9.99584182	0.1	0.01	0.01	0.01	1e-05	0.01	0.00140765	0.05	0.5	1e-04	100	5e-06	0.001
0.431	0.9	0.1	0.2008545	0.4	80	65.4	9.1	500	3.5	8.61	0.003304	0.00010861	0.00139388	2	0.15	0.1	0.00137977	0.2	0.00165087	0.45	0.01450406	2	4.5	0.001	0.57049306	0.39	1	0.00015335	0.001	0.001	0.02115956	0.26789905	0.0490008	9.99584182	0.1	0.01	0.01	0.01	1e-05	0.01	0.00140765	0.05	0.5	1e-04	100	5e-06	0.001
0.431	0.9	0.1	0.2008545	0.4	80	65.4	9.1	500	3.5	8.61	0.003304	0.00010838	0.0014013	2	0.15	0.1	0.00136971	0.2	0.00165885	0.45	0.01513209	2	4.5	0.001	0.55451992	0.39	1	0.00015335	0.001	0.001	0.02115956	0.26789905	0.0490008	9.99584182	0.1	0.01	0.01	0.01	1e-05	0.01	0.00140765	0.05	0.5	1e-04	100	5e-06	0.001
0.431	0.9	0.1	0.2008545	0.4	80	65.4	9.1	500	3.5	8.61	0.003304	0.0001078	0.00136259	2	0.15	0.1	0.00140635	0.2	0.00189288	0.45	0.01510683	2	4.5	0.001	0.57954714	0.39	1	0.00015335	0.001	0.001	0.02115956	0.26789905	0.0490008	9.99584182	0.1	0.01	0.01	0.01	1e-05	0.01	0.00140765	0.05	0.5	1e-04	100	5e-06	0.001
0.431	0.9	0.1	0.2008545	0.4	80	65.4	9.1	500	3.5	8.61	0.003304	0.00010861	0.00140214	2	0.15	0.1	0.00136647	0.2	0.00149416	0.45	0.0153942	2	4.5	0.001	0.56296603	0.39	1	0.00015335	0.001	0.001	0.02115956	0.26789905	0.0490008	9.99584182	0.1	0.01	0.01	0.01	1e-05	0.01	0.00140765	0.05	0.5	1e-04	100	5e-06	0.001
0.431	0.9	0.1	0.2008545	0.4	80	65.4	9.1	500	3.5	8.61	0.003304	0.00010849	0.00140477	2	0.15	0.1	0.001374	0.2	0.0015898	0.45	0.0153794	2	4.5	0.001	0.5590302	0.39	1	0.00015335	0.001	0.001	0.02115956	0.26789905	0.0490008	9.99584182	0.1	0.01	0.01	0.01	1e-05	0.01	0.00140765	0.05	0.5	1e-04	100	5e-06	0.001
0.431	0.9	0.1	0.2008545	0.4	80	65.4	9.1	500	3.5	8.61	0.003304	0.00010759	0.00138209	2	0.15	0.1	0.00137646	0.2	0.00173954	0.45	0.01473735	2	4.5	0.001	0.55983299	0.39	1	0.00015335	0.001	0.001	0.02115956	0.26789905	0.0490008	9.99584182	0.1	0.01	0.01	0.01	1e-05	0.01	0.00140765	0.05	0.5	1e-04	100	5e-06	0.001
0.431	0.9	0.1	0.2008545	0.4	80	65.4	9.1	500	3.5	8.61	0.003304	0.0001071	0.00136831	2	0.15	0.1	0.00139239	0.2	0.0019008	0.45	0.01494272	2	4.5	0.001	0.56627031	0.39	1	0.00015335	0.001	0.001	0.02115956	0.26789905	0.0490008	9.99584182	0.1	0.01	0.01	0.01	1e-05	0.01	0.00140765	0.05	0.5	1e-04	100	5e-06	0.001
0.431	0.9	0.1	0.2008545	0.4	80	65.4	9.1	500	3.5	8.61	0.003304	0.00010823	0.00139273	2	0.15	0.1	0.00138363	0.2	0.00165556	0.45	0.01491662	2	4.5	0.001	0.56317297	0.39	1	0.00015335	0.001	0.001	0.02115956	0.26789905	0.0490008	9.99584182	0.1	0.01	0.01	0.01	1e-05	0.01	0.00140765	0.05	0.5	1e-04	100	5e-06	0.001
0.431	0.9	0.1	0.2008545	0.4	80	65.4	9.1	500	3.5	8.61	0.003304	0.00010784	0.00140067	2	0.15	0.1	0.00136052	0.2	0.0015938	0.45	0.01489845	2	4.5	0.001	0.55299316	0.39	1	0.00015335	0.001	0.001	0.02115956	0.26789905	0.0490008	9.99584182	0.1	0.01	0.01	0.01	1e-05	0.01	0.00140765	0.05	0.5	1e-04	100	5e-06	0.001
0.431	0.9	0.1	0.2008545	0.4	80	65.4	9.1	500	3.5	8.61	0.003304	0.00010876	0.00140128	2	0.15	0.1	0.00138985	0.2	0.00174654	0.45	0.01546885	2	4.5	0.001	0.56421825	0.39	1	0.00015335	0.001	0.001	0.02115956	0.26789905	0.0490008	9.99584182	0.1	0.01	0.01	0.01	1e-05	0.01	0.00140765	0.05	0.5	1e-04	100	5e-06	0.001
0.431	0.9	0.1	0.2008545	0.4	80	65.4	9.1	500	3.5	8.61	0.003304	0.00010746	0.00137719	2	0.15	0.1	0.00136882	0.2	0.00167332	0.45	0.01431647	2	4.5	0.001	0.56113948	0.39	1	0.00015335	0.001	0.001	0.02115956	0.26789905	0.0490008	9.99584182	0.1	0.01	0.01	0.01	1e-05	0.01	0.00140765	0.05	0.5	1e-04	100	5e-06	0.001
0.431	0.9	0.1	0.2008545	0.4	80	65.4	9.1	500	3.5	8.61	0.003304	0.00010716	0.00137508	2	0.15	0.1	0.00139326	0.2	0.0020447	0.45	0.01574776	2	4.5	0.001	0.56696018	0.39	1	0.00015335	0.001	0.001	0.02115956	0.26789905	0.0490008	9.99584182	0.1	0.01	0.01	0.01	1e-05	0.01	0.00140765	0.05	0.5	1e-04	100	5e-06	0.001
0.431	0.9	0.1	0.2008545	0.4	80	65.4	9.1	500	3.5	8.61	0.003304	0.0001075	0.00136263	2	0.15	0.1	0.00138443	0.2	0.001772	0.45	0.01405437	2	4.5	0.001	0.57003149	0.39	1	0.00015335	0.001	0.001	0.02115956	0.26789905	0.0490008	9.99584182	0.1	0.01	0.01	0.01	1e-05	0.01	0.00140765	0.05	0.5	1e-04	100	5e-06	0.001
0.431	0.9	0.1	0.2008545	0.4	80	65.4	9.1	500	3.5	8.61	0.003304	0.00010733	0.00137851	2	0.15	0.1	0.00139078	0.2	0.00190952	0.45	0.01514067	2	4.5	0.001	0.56701402	0.39	1	0.00015335	0.001	0.001	0.02115956	0.26789905	0.0490008	9.99584182	0.1	0.01	0.01	0.01	1e-05	0.01	0.00140765	0.05	0.5	1e-04	100	5e-06	0.001
0.431	0.9	0.1	0.2008545	0.4	80	65.4	9.1	500	3.5	8.61	0.003304	0.0001081	0.00139871	2	0.15	0.1	0.00137443	0.2	0.00164424	0.45	0.01470257	2	4.5	0.001	0.55890291	0.39	1	0.00015335	0.001	0.001	0.02115956	0.26789905	0.0490008	9.99584182	0.1	0.01	0.01	0.01	1e-05	0.01	0.00140765	0.05	0.5	1e-04	100	5e-06	0.001
0.431	0.9	0.1	0.2008545	0.4	80	65.4	9.1	500	3.5	8.61	0.003304	0.00010731	0.00138027	2	0.15	0.1	0.00138863	0.2	0.00189206	0.45	0.01510386	2	4.5	0.001	0.56525378	0.39	1	0.00015335	0.001	0.001	0.02115956	0.26789905	0.0490008	9.99584182	0.1	0.01	0.01	0.01	1e-05	0.01	0.00140765	0.05	0.5	1e-04	100	5e-06	0.001
0.431	0.9	0.1	0.2008545	0.4	80	65.4	9.1	500	3.5	8.61	0.003304	0.00010751	0.00138307	2	0.15	0.1	0.00138551	0.2	0.00180759	0.45	0.01475806	2	4.5	0.001	0.56307786	0.39	1	0.00015335	0.001	0.001	0.02115956	0.26789905	0.0490008	9.99584182	0.1	0.01	0.01	0.01	1e-05	0.01	0.00140765	0.05	0.5	1e-04	100	5e-06	0.001
0.431	0.9	0.1	0.2008545	0.4	80	65.4	9.1	500	3.5	8.61	0.003304	0.00010761	0.00138955	2	0.15	0.1	0.001364	0.2	0.00165732	0.45	0.01447963	2	4.5	0.001	0.56118562	0.39	1	0.00015335	0.001	0.001	0.02115956	0.26789905	0.0490008	9.99584182	0.1	0.01	0.01	0.01	1e-05	0.01	0.00140765	0.05	0.5	1e-04	100	5e-06	0.001
0.431	0.9	0.1	0.2008545	0.4	80	65.4	9.1	500	3.5	8.61	0.003304	0.00010752	0.00137821	2	0.15	0.1	0.00139559	0.2	0.00182808	0.45	0.01457581	2	4.5	0.001	0.56541971	0.39	1	0.00015335	0.001	0.001	0.02115956	0.26789905	0.0490008	9.99584182	0.1	0.01	0.01	0.01	1e-05	0.01	0.00140765	0.05	0.5	1e-04	100	5e-06	0.001
0.431	0.9	0.1	0.2008545	0.4	80	65.4	9.1	500	3.5	8.61	0.003304	0.00010861	0.00139388	2	0.15	0.1	0.00137977	0.2	0.00165087	0.45	0.01450406	2	4.5	0.001	0.57049306	0.39	1	0.00015335	0.001	0.001	0.02115956	0.26789905	0.0490008	9.99584182	0.1	0.01	0.01	0.01	1e-05	0.01	0.00140765	0.05	0.5	1e-04	100	5e-06	0.001
0.431	0.9	0.1	0.2008545	0.4	80	65.4	9.1	500	3.5	8.61	0.003304	0.00010802	0.00139761	2	0.15	0.1	0.00137463	0.2	0.00164231	0.45	0.01450134	2	4.5	0.001	0.55890489	0.39	1	0.00015335	0.001	0.001	0.02115956	0.26789905	0.0490008	9.99584182	0.1	0.01	0.01	0.01	1e-05	0.01	0.00140765	0.05	0.5	1e-04	100	5e-06	0.001
0.431	0.9	0.1	0.2008545	0.4	80	65.4	9.1	500	3.5	8.61	0.003304	0.00010762	0.00138183	2	0.15	0.1	0.00139159	0.2	0.00183401	0.45	0.01465305	2	4.5	0.001	0.56606048	0.39	1	0.00015335	0.001	0.001	0.02115956	0.26789905	0.0490008	9.99584182	0.1	0.01	0.01	0.01	1e-05	0.01	0.00140765	0.05	0.5	1e-04	100	5e-06	0.001
0.431	0.9	0.1	0.2008545	0.4	80	65.4	9.1	500	3.5	8.61	0.003304	0.00010819	0.00138127	2	0.15	0.1	0.00140078	0.2	0.00181994	0.45	0.01569463	2	4.5	0.001	0.57200491	0.39	1	0.00015335	0.001	0.001	0.02115956	0.26789905	0.0490008	9.99584182	0.1	0.01	0.01	0.01	1e-05	0.01	0.00140765	0.05	0.5	1e-04	100	5e-06	0.001
0.431	0.9	0.1	0.2008545	0.4	80	65.4	9.1	500	3.5	8.61	0.003304	0.00010799	0.0013877	2	0.15	0.1	0.00136602	0.2	0.00158374	0.45	0.01467326	2	4.5	0.001	0.55971132	0.39	1	0.00015335	0.001	0.001	0.02115956	0.26789905	0.0490008	9.99584182	0.1	0.01	0.01	0.01	1e-05	0.01	0.00140765	0.05	0.5	1e-04	100	5e-06	0.001
0.431	0.9	0.1	0.2008545	0.4	80	65.4	9.1	500	3.5	8.61	0.003304	0.00010838	0.0014013	2	0.15	0.1	0.00136971	0.2	0.00165885	0.45	0.01513209	2	4.5	0.001	0.55451992	0.39	1	0.00015335	0.001	0.001	0.02115956	0.26789905	0.0490008	9.99584182	0.1	0.01	0.01	0.01	1e-05	0.01	0.00140765	0.05	0.5	1e-04	100	5e-06	0.001
0.431	0.9	0.1	0.2008545	0.4	80	65.4	9.1	500	3.5	8.61	0.003304	0.0001078	0.00136259	2	0.15	0.1	0.00140635	0.2	0.00189288	0.45	0.01510683	2	4.5	0.001	0.57954714	0.39	1	0.00015335	0.001	0.001	0.02115956	0.26789905	0.0490008	9.99584182	0.1	0.01	0.01	0.01	1e-05	0.01	0.00140765	0.05	0.5	1e-04	100	5e-06	0.001
0.431	0.9	0.1	0.2008545	0.4	80	65.4	9.1	500	3.5	8.61	0.003304	0.00010861	0.00140214	2	0.15	0.1	0.00136647	0.2	0.00149416	0.45	0.0153942	2	4.5	0.001	0.56296603	0.39	1	0.00015335	0.001	0.001	0.02115956	0.26789905	0.0490008	9.99584182	0.1	0.01	0.01	0.01	1e-05	0.01	0.00140765	0.05	0.5	1e-04	100	5e-06	0.001
0.431	0.9	0.1	0.2008545	0.4	80	65.4	9.1	500	3.5	8.61	0.003304	0.00010826	0.00139456	2	0.15	0.1	0.00137793	0.2	0.00164352	0.45	0.0150569	2	4.5	0.001	0.56193366	0.39	1	0.00015335	0.001	0.001	0.02115956	0.26789905	0.0490008	9.99584182	0.1	0.01	0.01	0.01	1e-05	0.01	0.00140765	0.05	0.5	1e-04	100	5e-06	0.001
0.431	0.9	0.1	0.2008545	0.4	80	65.4	9.1	500	3.5	8.61	0.003304	0.00010806	0.00139327	2	0.15	0.1	0.00137266	0.2	0.00166682	0.45	0.01503186	2	4.5	0.001	0.56105792	0.39	1	0.00015335	0.001	0.001	0.02115956	0.26789905	0.0490008	9.99584182	0.1	0.01	0.01	0.01	1e-05	0.01	0.00140765	0.05	0.5	1e-04	100	5e-06	0.001
0.431	0.9	0.1	0.2008545	0.4	80	65.4	9.1	500	3.5	8.61	0.003304	0.00010759	0.00138209	2	0.15	0.1	0.00137646	0.2	0.00173954	0.45	0.01473735	2	4.5	0.001	0.55983299	0.39	1	0.00015335	0.001	0.001	0.02115956	0.26789905	0.0490008	9.99584182	0.1	0.01	0.01	0.01	1e-05	0.01	0.00140765	0.05	0.5	1e-04	100	5e-06	0.001
0.431	0.9	0.1	0.2008545	0.4	80	65.4	9.1	500	3.5	8.61	0.003304	0.00010768	0.00138469	2	0.15	0.1	0.00138592	0.2	0.00187453	0.45	0.01546699	2	4.5	0.001	0.56375786	0.39	1	0.00015335	0.001	0.001	0.02115956	0.26789905	0.0490008	9.99584182	0.1	0.01	0.01	0.01	1e-05	0.01	0.00140765	0.05	0.5	1e-04	100	5e-06	0.001
0.431	0.9	0.1	0.2008545	0.4	80	65.4	9.1	500	3.5	8.61	0.003304	0.00010784	0.00140067	2	0.15	0.1	0.00136052	0.2	0.0015938	0.45	0.01489845	2	4.5	0.001	0.55299316	0.39	1	0.00015335	0.001	0.001	0.02115956	0.26789905	0.0490008	9.99584182	0.1	0.01	0.01	0.01	1e-05	0.01	0.00140765	0.05	0.5	1e-04	100	5e-06	0.001
0.431	0.9	0.1	0.2008545	0.4	80	65.4	9.1	500	3.5	8.61	0.003304	0.00010876	0.00140128	2	0.15	0.1	0.00138985	0.2	0.00174654	0.45	0.01546885	2	4.5	0.001	0.56421825	0.39	1	0.00015335	0.001	0.001	0.02115956	0.26789905	0.0490008	9.99584182	0.1	0.01	0.01	0.01	1e-05	0.01	0.00140765	0.05	0.5	1e-04	100	5e-06	0.001
0.431	0.9	0.1	0.2008545	0.4	80	65.4	9.1	500	3.5	8.61	0.003304	0.00010771	0.00138636	2	0.15	0.1	0.00138426	0.2	0.00180764	0.45	0.01516834	2	4.5	0.001	0.56359942	0.39	1	0.00015335	0.001	0.001	0.02115956	0.26789905	0.0490008	9.99584182	0.1	0.01	0.01	0.01	1e-05	0.01	0.00140765	0.05	0.5	1e-04	100	5e-06	0.001
0.431	0.9	0.1	0.2008545	0.4	80	65.4	9.1	500	3.5	8.61	0.003304	0.00010794	0.00139651	2	0.15	0.1	0.0013758	0.2	0.00169721	0.45	0.01505691	2	4.5	0.001	0.56053776	0.39	1	0.00015335	0.001	0.001	0.02115956	0.26789905	0.0490008	9.99584182	0.1	0.01	0.01	0.01	1e-05	0.01	0.00140765	0.05	0.5	1e-04	100	5e-06	0.001
0.431	0.9	0.1	0.2008545	0.4	80	65.4	9.1	500	3.5	8.61	0.003304	0.00010784	0.00138542	2	0.15	0.1	0.0013825	0.2	0.00172879	0.45	0.01465955	2	4.5	0.001	0.56408946	0.39	1	0.00015335	0.001	0.001	0.02115956	0.26789905	0.0490008	9.99584182	0.1	0.01	0.01	0.01	1e-05	0.01	0.00140765	0.05	0.5	1e-04	100	5e-06	0.001
0.431	0.9	0.1	0.2008545	0.4	80	65.4	9.1	500	3.5	8.61	0.003304	0.00010765	0.00138678	2	0.15	0.1	0.00138976	0.2	0.00174302	0.45	0.01448528	2	4.5	0.001	0.56175302	0.39	1	0.00015335	0.001	0.001	0.02115956	0.26789905	0.0490008	9.99584182	0.1	0.01	0.01	0.01	1e-05	0.01	0.00140765	0.05	0.5	1e-04	100	5e-06	0.001
0.431	0.9	0.1	0.2008545	0.4	80	65.4	9.1	500	3.5	8.61	0.003304	0.00010801	0.00138912	2	0.15	0.1	0.00138181	0.2	0.00176375	0.45	0.01550708	2	4.5	0.001	0.56358004	0.39	1	0.00015335	0.001	0.001	0.02115956	0.26789905	0.0490008	9.99584182	0.1	0.01	0.01	0.01	1e-05	0.01	0.00140765	0.05	0.5	1e-04	100	5e-06	0.001
0.431	0.9	0.1	0.2008545	0.4	80	65.4	9.1	500	3.5	8.61	0.003304	0.00010765	0.00138678	2	0.15	0.1	0.00138976	0.2	0.00174302	0.45	0.01448528	2	4.5	0.001	0.56175302	0.39	1	0.00015335	0.001	0.001	0.02115956	0.26789905	0.0490008	9.99584182	0.1	0.01	0.01	0.01	1e-05	0.01	0.00140765	0.05	0.5	1e-04	100	5e-06	0.001
0.431	0.9	0.1	0.2008545	0.4	80	65.4	9.1	500	3.5	8.61	0.003304	0.00010811	0.00138955	2	0.15	0.1	0.0013817	0.2	0.0017069	0.45	0.01497141	2	4.5	0.001	0.56725706	0.39	1	0.00015335	0.001	0.001	0.02115956	0.26789905	0.0490008	9.99584182	0.1	0.01	0.01	0.01	1e-05	0.01	0.00140765	0.05	0.5	1e-04	100	5e-06	0.001
0.432	0.9	0.1	0.2008545	0.4	80	65.4	9.1	500	3.5	8.61	0.003304	0.00010329	0.00133453	2	0.15	0.1	0.00136778	0.2	0.00159525	0.45	0.01411969	2	4.5	0.001	0.58645507	0.39	1	0.00015335	0.001	0.001	0.02115956	0.26789905	0.0490008	9.99584182	0.1	0.01	0.01	0.01	1e-05	0.01	0.00140765	0.05	0.5	1e-04	100	5e-06	0.001
0.432	0.9	0.1	0.2008545	0.4	80	65.4	9.1	500	3.5	8.61	0.003304	0.00010329	0.00133453	2	0.15	0.1	0.00136778	0.2	0.00159525	0.45	0.01411969	2	4.5	0.001	0.58645507	0.39	1	0.00015335	0.001	0.001	0.02115956	0.26789905	0.0490008	9.99584182	0.1	0.01	0.01	0.01	1e-05	0.01	0.00140765	0.05	0.5	1e-04	100	5e-06	0.001
0.432	0.9	0.1	0.2008545	0.4	80	65.4	9.1	500	3.5	8.61	0.003304	0.00010286	0.0013091	2	0.15	0.1	0.00140132	0.2	0.00176036	0.45	0.01438697	2	4.5	0.001	0.59208217	0.39	1	0.00015335	0.001	0.001	0.02115956	0.26789905	0.0490008	9.99584182	0.1	0.01	0.01	0.01	1e-05	0.01	0.00140765	0.05	0.5	1e-04	100	5e-06	0.001
0.432	0.9	0.1	0.2008545	0.4	80	65.4	9.1	500	3.5	8.61	0.003304	0.00010378	0.00133137	2	0.15	0.1	0.00137997	0.2	0.00167973	0.45	0.01426716	2	4.5	0.001	0.5845787	0.39	1	0.00015335	0.001	0.001	0.02115956	0.26789905	0.0490008	9.99584182	0.1	0.01	0.01	0.01	1e-05	0.01	0.00140765	0.05	0.5	1e-04	100	5e-06	0.001
0.432	0.9	0.1	0.2008545	0.4	80	65.4	9.1	500	3.5	8.61	0.003304	0.00010314	0.00133044	2	0.15	0.1	0.00136685	0.2	0.00159437	0.45	0.01432261	2	4.5	0.001	0.58788626	0.39	1	0.00015335	0.001	0.001	0.02115956	0.26789905	0.0490008	9.99584182	0.1	0.01	0.01	0.01	1e-05	0.01	0.00140765	0.05	0.5	1e-04	100	5e-06	0.001
0.432	0.9	0.1	0.2008545	0.4	80	65.4	9.1	500	3.5	8.61	0.003304	0.00010309	0.00132503	2	0.15	0.1	0.00138982	0.2	0.00179013	0.45	0.01436432	2	4.5	0.001	0.58935722	0.39	1	0.00015335	0.001	0.001	0.02115956	0.26789905	0.0490008	9.99584182	0.1	0.01	0.01	0.01	1e-05	0.01	0.00140765	0.05	0.5	1e-04	100	5e-06	0.001
0.432	0.9	0.1	0.2008545	0.4	80	65.4	9.1	500	3.5	8.61	0.003304	0.00010423	0.00133238	2	0.15	0.1	0.0013906	0.2	0.00183822	0.45	0.01441463	2	4.5	0.001	0.58365613	0.39	1	0.00015335	0.001	0.001	0.02115956	0.26789905	0.0490008	9.99584182	0.1	0.01	0.01	0.01	1e-05	0.01	0.00140765	0.05	0.5	1e-04	100	5e-06	0.001
0.432	0.9	0.1	0.2008545	0.4	80	65.4	9.1	500	3.5	8.61	0.003304	0.00010525	0.00135154	2	0.15	0.1	0.00139458	0.2	0.00179152	0.45	0.01490933	2	4.5	0.001	0.59113116	0.39	1	0.00015335	0.001	0.001	0.02115956	0.26789905	0.0490008	9.99584182	0.1	0.01	0.01	0.01	1e-05	0.01	0.00140765	0.05	0.5	1e-04	100	5e-06	0.001
0.432	0.9	0.1	0.2008545	0.4	80	65.4	9.1	500	3.5	8.61	0.003304	0.0001065	0.00135359	2	0.15	0.1	0.00145026	0.2	0.00200203	0.45	0.015593	2	4.5	0.001	0.59129142	0.39	1	0.00015335	0.001	0.001	0.02115956	0.26789905	0.0490008	9.99584182	0.1	0.01	0.01	0.01	1e-05	0.01	0.00140765	0.05	0.5	1e-04	100	5e-06	0.001
0.432	0.9	0.1	0.2008545	0.4	80	65.4	9.1	500	3.5	8.61	0.003304	0.00010722	0.00135576	2	0.15	0.1	0.00143018	0.2	0.00197476	0.45	0.01585538	2	4.5	0.001	0.59714807	0.39	1	0.00015335	0.001	0.001	0.02115956	0.26789905	0.0490008	9.99584182	0.1	0.01	0.01	0.01	1e-05	0.01	0.00140765	0.05	0.5	1e-04	100	5e-06	0.001
0.432	0.9	0.1	0.2008545	0.4	80	65.4	9.1	500	3.5	8.61	0.003304	0.00010687	0.00136696	2	0.15	0.1	0.00139515	0.2	0.00208255	0.45	0.01565261	2	4.5	0.001	0.59091397	0.39	1	0.00015335	0.001	0.001	0.02115956	0.26789905	0.0490008	9.99584182	0.1	0.01	0.01	0.01	1e-05	0.01	0.00140765	0.05	0.5	1e-04	100	5e-06	0.001
0.432	0.9	0.1	0.2008545	0.4	80	65.4	9.1	500	3.5	8.61	0.003304	0.00010525	0.00135154	2	0.15	0.1	0.00139458	0.2	0.00179152	0.45	0.01490933	2	4.5	0.001	0.59113116	0.39	1	0.00015335	0.001	0.001	0.02115956	0.26789905	0.0490008	9.99584182	0.1	0.01	0.01	0.01	1e-05	0.01	0.00140765	0.05	0.5	1e-04	100	5e-06	0.001
0.432	0.9	0.1	0.2008545	0.4	80	65.4	9.1	500	3.5	8.61	0.003304	0.0001065	0.00135359	2	0.15	0.1	0.00145026	0.2	0.00200203	0.45	0.015593	2	4.5	0.001	0.59129142	0.39	1	0.00015335	0.001	0.001	0.02115956	0.26789905	0.0490008	9.99584182	0.1	0.01	0.01	0.01	1e-05	0.01	0.00140765	0.05	0.5	1e-04	100	5e-06	0.001
0.432	0.9	0.1	0.2008545	0.4	80	65.4	9.1	500	3.5	8.61	0.003304	0.00010375	0.00131828	2	0.15	0.1	0.00139903	0.2	0.00137527	0.45	0.01476532	2	4.5	0.001	0.59682057	0.39	1	0.00015335	0.001	0.001	0.02115956	0.26789905	0.0490008	9.99584182	0.1	0.01	0.01	0.01	1e-05	0.01	0.00140765	0.05	0.5	1e-04	100	5e-06	0.001
0.432	0.9	0.1	0.2008545	0.4	80	65.4	9.1	500	3.5	8.61	0.003304	0.00010722	0.00135576	2	0.15	0.1	0.00143018	0.2	0.00197476	0.45	0.01585538	2	4.5	0.001	0.59714807	0.39	1	0.00015335	0.001	0.001	0.02115956	0.26789905	0.0490008	9.99584182	0.1	0.01	0.01	0.01	1e-05	0.01	0.00140765	0.05	0.5	1e-04	100	5e-06	0.001
0.432	0.9	0.1	0.2008545	0.4	80	65.4	9.1	500	3.5	8.61	0.003304	0.00010563	0.00134749	2	0.15	0.1	0.00140789	0.2	0.0018375	0.45	0.01537636	2	4.5	0.001	0.59476849	0.39	1	0.00015335	0.001	0.001	0.02115956	0.26789905	0.0490008	9.99584182	0.1	0.01	0.01	0.01	1e-05	0.01	0.00140765	0.05	0.5	1e-04	100	5e-06	0.001
0.432	0.9	0.1	0.2008545	0.4	80	65.4	9.1	500	3.5	8.61	0.003304	0.00010687	0.00136696	2	0.15	0.1	0.00139515	0.2	0.00208255	0.45	0.01565261	2	4.5	0.001	0.59091397	0.39	1	0.00015335	0.001	0.001	0.02115956	0.26789905	0.0490008	9.99584182	0.1	0.01	0.01	0.01	1e-05	0.01	0.00140765	0.05	0.5	1e-04	100	5e-06	0.001
0.432	0.9	0.1	0.2008545	0.4	80	65.4	9.1	500	3.5	8.61	0.003304	0.00010525	0.00135154	2	0.15	0.1	0.00139458	0.2	0.00179152	0.45	0.01490933	2	4.5	0.001	0.59113116	0.39	1	0.00015335	0.001	0.001	0.02115956	0.26789905	0.0490008	9.99584182	0.1	0.01	0.01	0.01	1e-05	0.01	0.00140765	0.05	0.5	1e-04	100	5e-06	0.001
0.432	0.9	0.1	0.2008545	0.4	80	65.4	9.1	500	3.5	8.61	0.003304	0.0001065	0.00135359	2	0.15	0.1	0.00145026	0.2	0.00200203	0.45	0.015593	2	4.5	0.001	0.59129142	0.39	1	0.00015335	0.001	0.001	0.02115956	0.26789905	0.0490008	9.99584182	0.1	0.01	0.01	0.01	1e-05	0.01	0.00140765	0.05	0.5	1e-04	100	5e-06	0.001
0.432	0.9	0.1	0.2008545	0.4	80	65.4	9.1	500	3.5	8.61	0.003304	0.00010544	0.00135506	2	0.15	0.1	0.0014027	0.2	0.00180745	0.45	0.01525272	2	4.5	0.001	0.59362946	0.39	1	0.00015335	0.001	0.001	0.02115956	0.26789905	0.0490008	9.99584182	0.1	0.01	0.01	0.01	1e-05	0.01	0.00140765	0.05	0.5	1e-04	100	5e-06	0.001
0.432	0.9	0.1	0.2008545	0.4	80	65.4	9.1	500	3.5	8.61	0.003304	0.00010375	0.00131828	2	0.15	0.1	0.00139903	0.2	0.00137527	0.45	0.01476532	2	4.5	0.001	0.59682057	0.39	1	0.00015335	0.001	0.001	0.02115956	0.26789905	0.0490008	9.99584182	0.1	0.01	0.01	0.01	1e-05	0.01	0.00140765	0.05	0.5	1e-04	100	5e-06	0.001
0.432	0.9	0.1	0.2008545	0.4	80	65.4	9.1	500	3.5	8.61	0.003304	0.00010577	0.0013439	2	0.15	0.1	0.0014238	0.2	0.00186442	0.45	0.01542692	2	4.5	0.001	0.59317222	0.39	1	0.00015335	0.001	0.001	0.02115956	0.26789905	0.0490008	9.99584182	0.1	0.01	0.01	0.01	1e-05	0.01	0.00140765	0.05	0.5	1e-04	100	5e-06	0.001
0.432	0.9	0.1	0.2008545	0.4	80	65.4	9.1	500	3.5	8.61	0.003304	0.00010722	0.00135576	2	0.15	0.1	0.00143018	0.2	0.00197476	0.45	0.01585538	2	4.5	0.001	0.59714807	0.39	1	0.00015335	0.001	0.001	0.02115956	0.26789905	0.0490008	9.99584182	0.1	0.01	0.01	0.01	1e-05	0.01	0.00140765	0.05	0.5	1e-04	100	5e-06	0.001
0.432	0.9	0.1	0.2008545	0.4	80	65.4	9.1	500	3.5	8.61	0.003304	0.00010575	0.00134961	2	0.15	0.1	0.0014122	0.2	0.00197405	0.45	0.01556913	2	4.5	0.001	0.59477007	0.39	1	0.00015335	0.001	0.001	0.02115956	0.26789905	0.0490008	9.99584182	0.1	0.01	0.01	0.01	1e-05	0.01	0.00140765	0.05	0.5	1e-04	100	5e-06	0.001
0.432	0.9	0.1	0.2008545	0.4	80	65.4	9.1	500	3.5	8.61	0.003304	0.00010518	0.00134382	2	0.15	0.1	0.00143549	0.2	0.00180644	0.45	0.01545406	2	4.5	0.001	0.59497881	0.39	1	0.00015335	0.001	0.001	0.02115956	0.26789905	0.0490008	9.99584182	0.1	0.01	0.01	0.01	1e-05	0.01	0.00140765	0.05	0.5	1e-04	100	5e-06	0.001
0.432	0.9	0.1	0.2008545	0.4	80	65.4	9.1	500	3.5	8.61	0.003304	0.00010544	0.00134342	2	0.15	0.1	0.00142601	0.2	0.00191325	0.45	0.01539786	2	4.5	0.001	0.59326862	0.39	1	0.00015335	0.001	0.001	0.02115956	0.26789905	0.0490008	9.99584182	0.1	0.01	0.01	0.01	1e-05	0.01	0.00140765	0.05	0.5	1e-04	100	5e-06	0.001
0.432	0.9	0.1	0.2008545	0.4	80	65.4	9.1	500	3.5	8.61	0.003304	0.00010573	0.00133918	2	0.15	0.1	0.00143152	0.2	0.00199888	0.45	0.01541566	2	4.5	0.001	0.59301572	0.39	1	0.00015335	0.001	0.001	0.02115956	0.26789905	0.0490008	9.99584182	0.1	0.01	0.01	0.01	1e-05	0.01	0.00140765	0.05	0.5	1e-04	100	5e-06	0.001
0.432	0.9	0.1	0.2008545	0.4	80	65.4	9.1	500	3.5	8.61	0.003304	0.00010544	0.00134342	2	0.15	0.1	0.00142601	0.2	0.00191325	0.45	0.01539786	2	4.5	0.001	0.59326862	0.39	1	0.00015335	0.001	0.001	0.02115956	0.26789905	0.0490008	9.99584182	0.1	0.01	0.01	0.01	1e-05	0.01	0.00140765	0.05	0.5	1e-04	100	5e-06	0.001
0.432	0.9	0.1	0.2008545	0.4	80	65.4	9.1	500	3.5	8.61	0.003304	0.00010318	0.00147544	2	0.15	0.1	0.0012507	0.2	0.00146712	0.45	0.01549144	2	4.5	0.001	0.47078591	0.39	1	0.00015335	0.001	0.001	0.02115956	0.26789905	0.0490008	9.99584182	0.1	0.01	0.01	0.01	1e-05	0.01	0.00140765	0.05	0.5	1e-04	100	5e-06	0.001
0.432	0.9	0.1	0.2008545	0.4	80	65.4	9.1	500	3.5	8.61	0.003304	0.00010326	0.00145449	2	0.15	0.1	0.00126689	0.2	0.00149033	0.45	0.01578033	2	4.5	0.001	0.48408038	0.39	1	0.00015335	0.001	0.001	0.02115956	0.26789905	0.0490008	9.99584182	0.1	0.01	0.01	0.01	1e-05	0.01	0.00140765	0.05	0.5	1e-04	100	5e-06	0.001
0.432	0.9	0.1	0.2008545	0.4	80	65.4	9.1	500	3.5	8.61	0.003304	0.00010324	0.0014584	2	0.15	0.1	0.0012611	0.2	0.00145004	0.45	0.01568562	2	4.5	0.001	0.48054241	0.39	1	0.00015335	0.001	0.001	0.02115956	0.26789905	0.0490008	9.99584182	0.1	0.01	0.01	0.01	1e-05	0.01	0.00140765	0.05	0.5	1e-04	100	5e-06	0.001
0.432	0.9	0.1	0.2008545	0.4	80	65.4	9.1	500	3.5	8.61	0.003304	0.00010321	0.00147168	2	0.15	0.1	0.00125205	0.2	0.00142599	0.45	0.01557993	2	4.5	0.001	0.47304227	0.39	1	0.00015335	0.001	0.001	0.02115956	0.26789905	0.0490008	9.99584182	0.1	0.01	0.01	0.01	1e-05	0.01	0.00140765	0.05	0.5	1e-04	100	5e-06	0.001
0.432	0.9	0.1	0.2008545	0.4	80	65.4	9.1	500	3.5	8.61	0.003304	0.00010321	0.00147836	2	0.15	0.1	0.00124904	0.2	0.00148617	0.45	0.01562679	2	4.5	0.001	0.47004493	0.39	1	0.00015335	0.001	0.001	0.02115956	0.26789905	0.0490008	9.99584182	0.1	0.01	0.01	0.01	1e-05	0.01	0.00140765	0.05	0.5	1e-04	100	5e-06	0.001
0.432	0.9	0.1	0.2008545	0.4	80	65.4	9.1	500	3.5	8.61	0.003304	0.00010316	0.00147294	2	0.15	0.1	0.00124828	0.2	0.00142728	0.45	0.0153075	2	4.5	0.001	0.4702941	0.39	1	0.00015335	0.001	0.001	0.02115956	0.26789905	0.0490008	9.99584182	0.1	0.01	0.01	0.01	1e-05	0.01	0.00140765	0.05	0.5	1e-04	100	5e-06	0.001
0.432	0.9	0.1	0.2008545	0.4	80	65.4	9.1	500	3.5	8.61	0.003304	0.00010315	0.0014738	2	0.15	0.1	0.0012473	0.2	0.00141999	0.45	0.01528178	2	4.5	0.001	0.46937725	0.39	1	0.00015335	0.001	0.001	0.02115956	0.26789905	0.0490008	9.99584182	0.1	0.01	0.01	0.01	1e-05	0.01	0.00140765	0.05	0.5	1e-04	100	5e-06	0.001
0.432	0.9	0.1	0.2008545	0.4	80	65.4	9.1	500	3.5	8.61	0.003304	0.00010316	0.00147232	2	0.15	0.1	0.00124813	0.2	0.00141421	0.45	0.01527824	2	4.5	0.001	0.47082801	0.39	1	0.00015335	0.001	0.001	0.02115956	0.26789905	0.0490008	9.99584182	0.1	0.01	0.01	0.01	1e-05	0.01	0.00140765	0.05	0.5	1e-04	100	5e-06	0.001
0.432	0.9	0.1	0.2008545	0.4	80	65.4	9.1	500	3.5	8.61	0.003304	0.00010318	0.00147544	2	0.15	0.1	0.0012507	0.2	0.00146712	0.45	0.01549144	2	4.5	0.001	0.47078591	0.39	1	0.00015335	0.001	0.001	0.02115956	0.26789905	0.0490008	9.99584182	0.1	0.01	0.01	0.01	1e-05	0.01	0.00140765	0.05	0.5	1e-04	100	5e-06	0.001
0.432	0.9	0.1	0.2008545	0.4	80	65.4	9.1	500	3.5	8.61	0.003304	0.00010314	0.00146965	2	0.15	0.1	0.00125001	0.2	0.00141361	0.45	0.01519953	2	4.5	0.001	0.47199714	0.39	1	0.00015335	0.001	0.001	0.02115956	0.26789905	0.0490008	9.99584182	0.1	0.01	0.01	0.01	1e-05	0.01	0.00140765	0.05	0.5	1e-04	100	5e-06	0.001
0.432	0.9	0.1	0.2008545	0.4	80	65.4	9.1	500	3.5	8.61	0.003304	0.00010327	0.00145226	2	0.15	0.1	0.00126756	0.2	0.00147456	0.45	0.01584067	2	4.5	0.001	0.4850954	0.39	1	0.00015335	0.001	0.001	0.02115956	0.26789905	0.0490008	9.99584182	0.1	0.01	0.01	0.01	1e-05	0.01	0.00140765	0.05	0.5	1e-04	100	5e-06	0.001
0.432	0.9	0.1	0.2008545	0.4	80	65.4	9.1	500	3.5	8.61	0.003304	0.00010324	0.00145435	2	0.15	0.1	0.00126312	0.2	0.00143677	0.45	0.01564892	2	4.5	0.001	0.48269764	0.39	1	0.00015335	0.001	0.001	0.02115956	0.26789905	0.0490008	9.99584182	0.1	0.01	0.01	0.01	1e-05	0.01	0.00140765	0.05	0.5	1e-04	100	5e-06	0.001
0.432	0.9	0.1	0.2008545	0.4	80	65.4	9.1	500	3.5	8.61	0.003304	0.00010326	0.00145449	2	0.15	0.1	0.00126689	0.2	0.00149033	0.45	0.01578033	2	4.5	0.001	0.48408038	0.39	1	0.00015335	0.001	0.001	0.02115956	0.26789905	0.0490008	9.99584182	0.1	0.01	0.01	0.01	1e-05	0.01	0.00140765	0.05	0.5	1e-04	100	5e-06	0.001
0.432	0.9	0.1	0.2008545	0.4	80	65.4	9.1	500	3.5	8.61	0.003304	0.00010325	0.00145928	2	0.15	0.1	0.0012613	0.2	0.00145992	0.45	0.0157591	2	4.5	0.001	0.48065171	0.39	1	0.00015335	0.001	0.001	0.02115956	0.26789905	0.0490008	9.99584182	0.1	0.01	0.01	0.01	1e-05	0.01	0.00140765	0.05	0.5	1e-04	100	5e-06	0.001
0.432	0.9	0.1	0.2008545	0.4	80	65.4	9.1	500	3.5	8.61	0.003304	0.00010324	0.0014584	2	0.15	0.1	0.0012611	0.2	0.00145004	0.45	0.01568562	2	4.5	0.001	0.48054241	0.39	1	0.00015335	0.001	0.001	0.02115956	0.26789905	0.0490008	9.99584182	0.1	0.01	0.01	0.01	1e-05	0.01	0.00140765	0.05	0.5	1e-04	100	5e-06	0.001
0.432	0.9	0.1	0.2008545	0.4	80	65.4	9.1	500	3.5	8.61	0.003304	0.00010324	0.00145826	2	0.15	0.1	0.00126219	0.2	0.00145648	0.45	0.01569384	2	4.5	0.001	0.48074919	0.39	1	0.00015335	0.001	0.001	0.02115956	0.26789905	0.0490008	9.99584182	0.1	0.01	0.01	0.01	1e-05	0.01	0.00140765	0.05	0.5	1e-04	100	5e-06	0.001
0.432	0.9	0.1	0.2008545	0.4	80	65.4	9.1	500	3.5	8.61	0.003304	0.00010322	0.00145676	2	0.15	0.1	0.00126258	0.2	0.00146521	0.45	0.01559426	2	4.5	0.001	0.4812352	0.39	1	0.00015335	0.001	0.001	0.02115956	0.26789905	0.0490008	9.99584182	0.1	0.01	0.01	0.01	1e-05	0.01	0.00140765	0.05	0.5	1e-04	100	5e-06	0.001
0.432	0.9	0.1	0.2008545	0.4	80	65.4	9.1	500	3.5	8.61	0.003304	0.0001032	0.00145985	2	0.15	0.1	0.00125795	0.2	0.00142495	0.45	0.01546049	2	4.5	0.001	0.47852484	0.39	1	0.00015335	0.001	0.001	0.02115956	0.26789905	0.0490008	9.99584182	0.1	0.01	0.01	0.01	1e-05	0.01	0.00140765	0.05	0.5	1e-04	100	5e-06	0.001
0.432	0.9	0.1	0.2008545	0.4	80	65.4	9.1	500	3.5	8.61	0.003304	0.00010321	0.00147168	2	0.15	0.1	0.00125205	0.2	0.00142599	0.45	0.01557993	2	4.5	0.001	0.47304227	0.39	1	0.00015335	0.001	0.001	0.02115956	0.26789905	0.0490008	9.99584182	0.1	0.01	0.01	0.01	1e-05	0.01	0.00140765	0.05	0.5	1e-04	100	5e-06	0.001
0.432	0.9	0.1	0.2008545	0.4	80	65.4	9.1	500	3.5	8.61	0.003304	0.00010317	0.00147284	2	0.15	0.1	0.00124954	0.2	0.00142706	0.45	0.0154004	2	4.5	0.001	0.47152157	0.39	1	0.00015335	0.001	0.001	0.02115956	0.26789905	0.0490008	9.99584182	0.1	0.01	0.01	0.01	1e-05	0.01	0.00140765	0.05	0.5	1e-04	100	5e-06	0.001
0.432	0.9	0.1	0.2008545	0.4	80	65.4	9.1	500	3.5	8.61	0.003304	0.00010321	0.00147836	2	0.15	0.1	0.00124904	0.2	0.00148617	0.45	0.01562679	2	4.5	0.001	0.47004493	0.39	1	0.00015335	0.001	0.001	0.02115956	0.26789905	0.0490008	9.99584182	0.1	0.01	0.01	0.01	1e-05	0.01	0.00140765	0.05	0.5	1e-04	100	5e-06	0.001
0.432	0.9	0.1	0.2008545	0.4	80	65.4	9.1	500	3.5	8.61	0.003304	0.00010316	0.00147294	2	0.15	0.1	0.00124828	0.2	0.00142728	0.45	0.0153075	2	4.5	0.001	0.4702941	0.39	1	0.00015335	0.001	0.001	0.02115956	0.26789905	0.0490008	9.99584182	0.1	0.01	0.01	0.01	1e-05	0.01	0.00140765	0.05	0.5	1e-04	100	5e-06	0.001
0.432	0.9	0.1	0.2008545	0.4	80	65.4	9.1	500	3.5	8.61	0.003304	0.00010319	0.00147484	2	0.15	0.1	0.00125003	0.2	0.00145465	0.45	0.0154769	2	4.5	0.001	0.4709998	0.39	1	0.00015335	0.001	0.001	0.02115956	0.26789905	0.0490008	9.99584182	0.1	0.01	0.01	0.01	1e-05	0.01	0.00140765	0.05	0.5	1e-04	100	5e-06	0.001
0.432	0.9	0.1	0.2008545	0.4	80	65.4	9.1	500	3.5	8.61	0.003304	0.00010315	0.0014738	2	0.15	0.1	0.0012473	0.2	0.00141999	0.45	0.01528178	2	4.5	0.001	0.46937725	0.39	1	0.00015335	0.001	0.001	0.02115956	0.26789905	0.0490008	9.99584182	0.1	0.01	0.01	0.01	1e-05	0.01	0.00140765	0.05	0.5	1e-04	100	5e-06	0.001
0.432	0.9	0.1	0.2008545	0.4	80	65.4	9.1	500	3.5	8.61	0.003304	0.00010318	0.00147312	2	0.15	0.1	0.00125091	0.2	0.00144091	0.45	0.01546128	2	4.5	0.001	0.47221989	0.39	1	0.00015335	0.001	0.001	0.02115956	0.26789905	0.0490008	9.99584182	0.1	0.01	0.01	0.01	1e-05	0.01	0.00140765	0.05	0.5	1e-04	100	5e-06	0.001
0.432	0.9	0.1	0.2008545	0.4	80	65.4	9.1	500	3.5	8.61	0.003304	0.00010318	0.00147741	2	0.15	0.1	0.00124787	0.2	0.00143429	0.45	0.01547501	2	4.5	0.001	0.46934324	0.39	1	0.00015335	0.001	0.001	0.02115956	0.26789905	0.0490008	9.99584182	0.1	0.01	0.01	0.01	1e-05	0.01	0.00140765	0.05	0.5	1e-04	100	5e-06	0.001
0.432	0.9	0.1	0.2008545	0.4	80	65.4	9.1	500	3.5	8.61	0.003304	0.00010318	0.00147544	2	0.15	0.1	0.0012507	0.2	0.00146712	0.45	0.01549144	2	4.5	0.001	0.47078591	0.39	1	0.00015335	0.001	0.001	0.02115956	0.26789905	0.0490008	9.99584182	0.1	0.01	0.01	0.01	1e-05	0.01	0.00140765	0.05	0.5	1e-04	100	5e-06	0.001
0.432	0.9	0.1	0.2008545	0.4	80	65.4	9.1	500	3.5	8.61	0.003304	0.0001033	0.001443	2	0.15	0.1	0.00127481	0.2	0.0014913	0.45	0.0159717	2	4.5	0.001	0.4911999	0.39	1	0.00015335	0.001	0.001	0.02115956	0.26789905	0.0490008	9.99584182	0.1	0.01	0.01	0.01	1e-05	0.01	0.00140765	0.05	0.5	1e-04	100	5e-06	0.001
0.432	0.9	0.1	0.2008545	0.4	80	65.4	9.1	500	3.5	8.61	0.003304	0.0001033	0.00144469	2	0.15	0.1	0.00127313	0.2	0.00147358	0.45	0.01598543	2	4.5	0.001	0.49028027	0.39	1	0.00015335	0.001	0.001	0.02115956	0.26789905	0.0490008	9.99584182	0.1	0.01	0.01	0.01	1e-05	0.01	0.00140765	0.05	0.5	1e-04	100	5e-06	0.001
0.432	0.9	0.1	0.2008545	0.4	80	65.4	9.1	500	3.5	8.61	0.003304	0.00010329	0.00144655	2	0.15	0.1	0.00127118	0.2	0.0014659	0.45	0.01591654	2	4.5	0.001	0.48886845	0.39	1	0.00015335	0.001	0.001	0.02115956	0.26789905	0.0490008	9.99584182	0.1	0.01	0.01	0.01	1e-05	0.01	0.00140765	0.05	0.5	1e-04	100	5e-06	0.001
0.432	0.9	0.1	0.2008545	0.4	80	65.4	9.1	500	3.5	8.61	0.003304	0.00010329	0.0014477	2	0.15	0.1	0.00127091	0.2	0.00147491	0.45	0.01590632	2	4.5	0.001	0.48811585	0.39	1	0.00015335	0.001	0.001	0.02115956	0.26789905	0.0490008	9.99584182	0.1	0.01	0.01	0.01	1e-05	0.01	0.00140765	0.05	0.5	1e-04	100	5e-06	0.001
0.432	0.9	0.1	0.2008545	0.4	80	65.4	9.1	500	3.5	8.61	0.003304	0.00010328	0.00144816	2	0.15	0.1	0.00127035	0.2	0.00146651	0.45	0.01589065	2	4.5	0.001	0.48773486	0.39	1	0.00015335	0.001	0.001	0.02115956	0.26789905	0.0490008	9.99584182	0.1	0.01	0.01	0.01	1e-05	0.01	0.00140765	0.05	0.5	1e-04	100	5e-06	0.001
0.432	0.9	0.1	0.2008545	0.4	80	65.4	9.1	500	3.5	8.61	0.003304	0.00010329	0.00145059	2	0.15	0.1	0.00126824	0.2	0.00146104	0.45	0.01590178	2	4.5	0.001	0.48662	0.39	1	0.00015335	0.001	0.001	0.02115956	0.26789905	0.0490008	9.99584182	0.1	0.01	0.01	0.01	1e-05	0.01	0.00140765	0.05	0.5	1e-04	100	5e-06	0.001
0.432	0.9	0.1	0.2008545	0.4	80	65.4	9.1	500	3.5	8.61	0.003304	0.00010326	0.00144926	2	0.15	0.1	0.00126899	0.2	0.0014637	0.45	0.01576851	2	4.5	0.001	0.48635712	0.39	1	0.00015335	0.001	0.001	0.02115956	0.26789905	0.0490008	9.99584182	0.1	0.01	0.01	0.01	1e-05	0.01	0.00140765	0.05	0.5	1e-04	100	5e-06	0.001
0.432	0.9	0.1	0.2008545	0.4	80	65.4	9.1	500	3.5	8.61	0.003304	0.00010327	0.00145226	2	0.15	0.1	0.00126756	0.2	0.00147456	0.45	0.01584067	2	4.5	0.001	0.4850954	0.39	1	0.00015335	0.001	0.001	0.02115956	0.26789905	0.0490008	9.99584182	0.1	0.01	0.01	0.01	1e-05	0.01	0.00140765	0.05	0.5	1e-04	100	5e-06	0.001
0.432	0.9	0.1	0.2008545	0.4	80	65.4	9.1	500	3.5	8.61	0.003304	0.00010328	0.0014529	2	0.15	0.1	0.00126691	0.2	0.00146126	0.45	0.01586955	2	4.5	0.001	0.48511232	0.39	1	0.00015335	0.001	0.001	0.02115956	0.26789905	0.0490008	9.99584182	0.1	0.01	0.01	0.01	1e-05	0.01	0.00140765	0.05	0.5	1e-04	100	5e-06	0.001
0.432	0.9	0.1	0.2008545	0.4	80	65.4	9.1	500	3.5	8.61	0.003304	0.00010324	0.00145435	2	0.15	0.1	0.00126312	0.2	0.00143677	0.45	0.01564892	2	4.5	0.001	0.48269764	0.39	1	0.00015335	0.001	0.001	0.02115956	0.26789905	0.0490008	9.99584182	0.1	0.01	0.01	0.01	1e-05	0.01	0.00140765	0.05	0.5	1e-04	100	5e-06	0.001
0.432	0.9	0.1	0.2008545	0.4	80	65.4	9.1	500	3.5	8.61	0.003304	0.00010326	0.00145449	2	0.15	0.1	0.00126689	0.2	0.00149033	0.45	0.01578033	2	4.5	0.001	0.48408038	0.39	1	0.00015335	0.001	0.001	0.02115956	0.26789905	0.0490008	9.99584182	0.1	0.01	0.01	0.01	1e-05	0.01	0.00140765	0.05	0.5	1e-04	100	5e-06	0.001
0.432	0.9	0.1	0.2008545	0.4	80	65.4	9.1	500	3.5	8.61	0.003304	0.00010326	0.00145667	2	0.15	0.1	0.00126509	0.2	0.00147289	0.45	0.0158515	2	4.5	0.001	0.48344524	0.39	1	0.00015335	0.001	0.001	0.02115956	0.26789905	0.0490008	9.99584182	0.1	0.01	0.01	0.01	1e-05	0.01	0.00140765	0.05	0.5	1e-04	100	5e-06	0.001
0.432	0.9	0.1	0.2008545	0.4	80	65.4	9.1	500	3.5	8.61	0.003304	0.00010325	0.00145928	2	0.15	0.1	0.0012613	0.2	0.00145992	0.45	0.0157591	2	4.5	0.001	0.48065171	0.39	1	0.00015335	0.001	0.001	0.02115956	0.26789905	0.0490008	9.99584182	0.1	0.01	0.01	0.01	1e-05	0.01	0.00140765	0.05	0.5	1e-04	100	5e-06	0.001
0.432	0.9	0.1	0.2008545	0.4	80	65.4	9.1	500	3.5	8.61	0.003304	0.00010324	0.0014584	2	0.15	0.1	0.0012611	0.2	0.00145004	0.45	0.01568562	2	4.5	0.001	0.48054241	0.39	1	0.00015335	0.001	0.001	0.02115956	0.26789905	0.0490008	9.99584182	0.1	0.01	0.01	0.01	1e-05	0.01	0.00140765	0.05	0.5	1e-04	100	5e-06	0.001
0.432	0.9	0.1	0.2008545	0.4	80	65.4	9.1	500	3.5	8.61	0.003304	0.00010324	0.00145826	2	0.15	0.1	0.00126219	0.2	0.00145648	0.45	0.01569384	2	4.5	0.001	0.48074919	0.39	1	0.00015335	0.001	0.001	0.02115956	0.26789905	0.0490008	9.99584182	0.1	0.01	0.01	0.01	1e-05	0.01	0.00140765	0.05	0.5	1e-04	100	5e-06	0.001
0.432	0.9	0.1	0.2008545	0.4	80	65.4	9.1	500	3.5	8.61	0.003304	0.00010326	0.00145816	2	0.15	0.1	0.00126332	0.2	0.00145423	0.45	0.01584068	2	4.5	0.001	0.48276794	0.39	1	0.00015335	0.001	0.001	0.02115956	0.26789905	0.0490008	9.99584182	0.1	0.01	0.01	0.01	1e-05	0.01	0.00140765	0.05	0.5	1e-04	100	5e-06	0.001
0.432	0.9	0.1	0.2008545	0.4	80	65.4	9.1	500	3.5	8.61	0.003304	0.00010322	0.00145676	2	0.15	0.1	0.00126258	0.2	0.00146521	0.45	0.01559426	2	4.5	0.001	0.4812352	0.39	1	0.00015335	0.001	0.001	0.02115956	0.26789905	0.0490008	9.99584182	0.1	0.01	0.01	0.01	1e-05	0.01	0.00140765	0.05	0.5	1e-04	100	5e-06	0.001
0.432	0.9	0.1	0.2008545	0.4	80	65.4	9.1	500	3.5	8.61	0.003304	0.00010324	0.0014622	2	0.15	0.1	0.00125978	0.2	0.00145172	0.45	0.01572565	2	4.5	0.001	0.47986619	0.39	1	0.00015335	0.001	0.001	0.02115956	0.26789905	0.0490008	9.99584182	0.1	0.01	0.01	0.01	1e-05	0.01	0.00140765	0.05	0.5	1e-04	100	5e-06	0.001
0.432	0.9	0.1	0.2008545	0.4	80	65.4	9.1	500	3.5	8.61	0.003304	0.0001032	0.00145985	2	0.15	0.1	0.00125795	0.2	0.00142495	0.45	0.01546049	2	4.5	0.001	0.47852484	0.39	1	0.00015335	0.001	0.001	0.02115956	0.26789905	0.0490008	9.99584182	0.1	0.01	0.01	0.01	1e-05	0.01	0.00140765	0.05	0.5	1e-04	100	5e-06	0.001
0.432	0.9	0.1	0.2008545	0.4	80	65.4	9.1	500	3.5	8.61	0.003304	0.00010323	0.00146686	2	0.15	0.1	0.00125655	0.2	0.0014719	0.45	0.01567446	2	4.5	0.001	0.47637563	0.39	1	0.00015335	0.001	0.001	0.02115956	0.26789905	0.0490008	9.99584182	0.1	0.01	0.01	0.01	1e-05	0.01	0.00140765	0.05	0.5	1e-04	100	5e-06	0.001
0.432	0.9	0.1	0.2008545	0.4	80	65.4	9.1	500	3.5	8.61	0.003304	0.00010319	0.00146896	2	0.15	0.1	0.00125312	0.2	0.00143924	0.45	0.01549194	2	4.5	0.001	0.47374838	0.39	1	0.00015335	0.001	0.001	0.02115956	0.26789905	0.0490008	9.99584182	0.1	0.01	0.01	0.01	1e-05	0.01	0.00140765	0.05	0.5	1e-04	100	5e-06	0.001
0.432	0.9	0.1	0.2008545	0.4	80	65.4	9.1	500	3.5	8.61	0.003304	0.00010319	0.00146956	2	0.15	0.1	0.00125259	0.2	0.00143526	0.45	0.01549483	2	4.5	0.001	0.4737055	0.39	1	0.00015335	0.001	0.001	0.02115956	0.26789905	0.0490008	9.99584182	0.1	0.01	0.01	0.01	1e-05	0.01	0.00140765	0.05	0.5	1e-04	100	5e-06	0.001
0.432	0.9	0.1	0.2008545	0.4	80	65.4	9.1	500	3.5	8.61	0.003304	0.00010317	0.00147284	2	0.15	0.1	0.00124954	0.2	0.00142706	0.45	0.0154004	2	4.5	0.001	0.47152157	0.39	1	0.00015335	0.001	0.001	0.02115956	0.26789905	0.0490008	9.99584182	0.1	0.01	0.01	0.01	1e-05	0.01	0.00140765	0.05	0.5	1e-04	100	5e-06	0.001
0.432	0.9	0.1	0.2008545	0.4	80	65.4	9.1	500	3.5	8.61	0.003304	0.00010318	0.001474	2	0.15	0.1	0.00124975	0.2	0.00143969	0.45	0.01544766	2	4.5	0.001	0.47123906	0.39	1	0.00015335	0.001	0.001	0.02115956	0.26789905	0.0490008	9.99584182	0.1	0.01	0.01	0.01	1e-05	0.01	0.00140765	0.05	0.5	1e-04	100	5e-06	0.001
0.432	0.9	0.1	0.2008545	0.4	80	65.4	9.1	500	3.5	8.61	0.003304	0.00010331	0.00143619	2	0.15	0.1	0.00127998	0.2	0.00149576	0.45	0.01599963	2	4.5	0.001	0.49525345	0.39	1	0.00015335	0.001	0.001	0.02115956	0.26789905	0.0490008	9.99584182	0.1	0.01	0.01	0.01	1e-05	0.01	0.00140765	0.05	0.5	1e-04	100	5e-06	0.001
0.432	0.9	0.1	0.2008545	0.4	80	65.4	9.1	500	3.5	8.61	0.003304	0.00010331	0.00143988	2	0.15	0.1	0.00127679	0.2	0.0014811	0.45	0.01598236	2	4.5	0.001	0.49294364	0.39	1	0.00015335	0.001	0.001	0.02115956	0.26789905	0.0490008	9.99584182	0.1	0.01	0.01	0.01	1e-05	0.01	0.00140765	0.05	0.5	1e-04	100	5e-06	0.001
0.432	0.9	0.1	0.2008545	0.4	80	65.4	9.1	500	3.5	8.61	0.003304	0.0001033	0.00143885	2	0.15	0.1	0.00127841	0.2	0.00148641	0.45	0.01597333	2	4.5	0.001	0.4937993	0.39	1	0.00015335	0.001	0.001	0.02115956	0.26789905	0.0490008	9.99584182	0.1	0.01	0.01	0.01	1e-05	0.01	0.00140765	0.05	0.5	1e-04	100	5e-06	0.001
0.432	0.9	0.1	0.2008545	0.4	80	65.4	9.1	500	3.5	8.61	0.003304	0.0001033	0.001443	2	0.15	0.1	0.00127481	0.2	0.0014913	0.45	0.0159717	2	4.5	0.001	0.4911999	0.39	1	0.00015335	0.001	0.001	0.02115956	0.26789905	0.0490008	9.99584182	0.1	0.01	0.01	0.01	1e-05	0.01	0.00140765	0.05	0.5	1e-04	100	5e-06	0.001
0.432	0.9	0.1	0.2008545	0.4	80	65.4	9.1	500	3.5	8.61	0.003304	0.0001033	0.00144469	2	0.15	0.1	0.00127313	0.2	0.00147358	0.45	0.01598543	2	4.5	0.001	0.49028027	0.39	1	0.00015335	0.001	0.001	0.02115956	0.26789905	0.0490008	9.99584182	0.1	0.01	0.01	0.01	1e-05	0.01	0.00140765	0.05	0.5	1e-04	100	5e-06	0.001
0.432	0.9	0.1	0.2008545	0.4	80	65.4	9.1	500	3.5	8.61	0.003304	0.0001033	0.00144384	2	0.15	0.1	0.0012741	0.2	0.00148052	0.45	0.01596717	2	4.5	0.001	0.4908384	0.39	1	0.00015335	0.001	0.001	0.02115956	0.26789905	0.0490008	9.99584182	0.1	0.01	0.01	0.01	1e-05	0.01	0.00140765	0.05	0.5	1e-04	100	5e-06	0.001
0.432	0.9	0.1	0.2008545	0.4	80	65.4	9.1	500	3.5	8.61	0.003304	0.0001033	0.00144416	2	0.15	0.1	0.00127435	0.2	0.00147975	0.45	0.01599303	2	4.5	0.001	0.49103772	0.39	1	0.00015335	0.001	0.001	0.02115956	0.26789905	0.0490008	9.99584182	0.1	0.01	0.01	0.01	1e-05	0.01	0.00140765	0.05	0.5	1e-04	100	5e-06	0.001
0.432	0.9	0.1	0.2008545	0.4	80	65.4	9.1	500	3.5	8.61	0.003304	0.00010329	0.00144655	2	0.15	0.1	0.00127118	0.2	0.0014659	0.45	0.01591654	2	4.5	0.001	0.48886845	0.39	1	0.00015335	0.001	0.001	0.02115956	0.26789905	0.0490008	9.99584182	0.1	0.01	0.01	0.01	1e-05	0.01	0.00140765	0.05	0.5	1e-04	100	5e-06	0.001
0.432	0.9	0.1	0.2008545	0.4	80	65.4	9.1	500	3.5	8.61	0.003304	0.00010329	0.0014477	2	0.15	0.1	0.00127091	0.2	0.00147491	0.45	0.01590632	2	4.5	0.001	0.48811585	0.39	1	0.00015335	0.001	0.001	0.02115956	0.26789905	0.0490008	9.99584182	0.1	0.01	0.01	0.01	1e-05	0.01	0.00140765	0.05	0.5	1e-04	100	5e-06	0.001
0.432	0.9	0.1	0.2008545	0.4	80	65.4	9.1	500	3.5	8.61	0.003304	0.00010327	0.00144688	2	0.15	0.1	0.0012711	0.2	0.00146884	0.45	0.01584423	2	4.5	0.001	0.48822327	0.39	1	0.00015335	0.001	0.001	0.02115956	0.26789905	0.0490008	9.99584182	0.1	0.01	0.01	0.01	1e-05	0.01	0.00140765	0.05	0.5	1e-04	100	5e-06	0.001
0.432	0.9	0.1	0.2008545	0.4	80	65.4	9.1	500	3.5	8.61	0.003304	0.00010328	0.00144816	2	0.15	0.1	0.00127035	0.2	0.00146651	0.45	0.01589065	2	4.5	0.001	0.48773486	0.39	1	0.00015335	0.001	0.001	0.02115956	0.26789905	0.0490008	9.99584182	0.1	0.01	0.01	0.01	1e-05	0.01	0.00140765	0.05	0.5	1e-04	100	5e-06	0.001
0.432	0.9	0.1	0.2008545	0.4	80	65.4	9.1	500	3.5	8.61	0.003304	0.00010328	0.00144689	2	0.15	0.1	0.00127182	0.2	0.0014804	0.45	0.01588817	2	4.5	0.001	0.48865639	0.39	1	0.00015335	0.001	0.001	0.02115956	0.26789905	0.0490008	9.99584182	0.1	0.01	0.01	0.01	1e-05	0.01	0.00140765	0.05	0.5	1e-04	100	5e-06	0.001
0.432	0.9	0.1	0.2008545	0.4	80	65.4	9.1	500	3.5	8.61	0.003304	0.00010329	0.00145059	2	0.15	0.1	0.00126824	0.2	0.00146104	0.45	0.01590178	2	4.5	0.001	0.48662	0.39	1	0.00015335	0.001	0.001	0.02115956	0.26789905	0.0490008	9.99584182	0.1	0.01	0.01	0.01	1e-05	0.01	0.00140765	0.05	0.5	1e-04	100	5e-06	0.001
0.432	0.9	0.1	0.2008545	0.4	80	65.4	9.1	500	3.5	8.61	0.003304	0.00010326	0.00144968	2	0.15	0.1	0.00126846	0.2	0.00146344	0.45	0.01578967	2	4.5	0.001	0.48635193	0.39	1	0.00015335	0.001	0.001	0.02115956	0.26789905	0.0490008	9.99584182	0.1	0.01	0.01	0.01	1e-05	0.01	0.00140765	0.05	0.5	1e-04	100	5e-06	0.001
0.432	0.9	0.1	0.2008545	0.4	80	65.4	9.1	500	3.5	8.61	0.003304	0.00010326	0.00144933	2	0.15	0.1	0.00126904	0.2	0.00147435	0.45	0.01577477	2	4.5	0.001	0.48651103	0.39	1	0.00015335	0.001	0.001	0.02115956	0.26789905	0.0490008	9.99584182	0.1	0.01	0.01	0.01	1e-05	0.01	0.00140765	0.05	0.5	1e-04	100	5e-06	0.001
0.432	0.9	0.1	0.2008545	0.4	80	65.4	9.1	500	3.5	8.61	0.003304	0.00010328	0.00145164	2	0.15	0.1	0.00126803	0.2	0.00146966	0.45	0.01587374	2	4.5	0.001	0.48597522	0.39	1	0.00015335	0.001	0.001	0.02115956	0.26789905	0.0490008	9.99584182	0.1	0.01	0.01	0.01	1e-05	0.01	0.00140765	0.05	0.5	1e-04	100	5e-06	0.001
0.432	0.9	0.1	0.2008545	0.4	80	65.4	9.1	500	3.5	8.61	0.003304	0.00010327	0.00145226	2	0.15	0.1	0.00126756	0.2	0.00147456	0.45	0.01584067	2	4.5	0.001	0.4850954	0.39	1	0.00015335	0.001	0.001	0.02115956	0.26789905	0.0490008	9.99584182	0.1	0.01	0.01	0.01	1e-05	0.01	0.00140765	0.05	0.5	1e-04	100	5e-06	0.001
0.432	0.9	0.1	0.2008545	0.4	80	65.4	9.1	500	3.5	8.61	0.003304	0.00010326	0.00145434	2	0.15	0.1	0.00126549	0.2	0.00146105	0.45	0.015814	2	4.5	0.001	0.48415081	0.39	1	0.00015335	0.001	0.001	0.02115956	0.26789905	0.0490008	9.99584182	0.1	0.01	0.01	0.01	1e-05	0.01	0.00140765	0.05	0.5	1e-04	100	5e-06	0.001
0.432	0.9	0.1	0.2008545	0.4	80	65.4	9.1	500	3.5	8.61	0.003304	0.00010324	0.00145435	2	0.15	0.1	0.00126312	0.2	0.00143677	0.45	0.01564892	2	4.5	0.001	0.48269764	0.39	1	0.00015335	0.001	0.001	0.02115956	0.26789905	0.0490008	9.99584182	0.1	0.01	0.01	0.01	1e-05	0.01	0.00140765	0.05	0.5	1e-04	100	5e-06	0.001
0.432	0.9	0.1	0.2008545	0.4	80	65.4	9.1	500	3.5	8.61	0.003304	0.00010326	0.00145617	2	0.15	0.1	0.00126432	0.2	0.00146613	0.45	0.01580634	2	4.5	0.001	0.48299023	0.39	1	0.00015335	0.001	0.001	0.02115956	0.26789905	0.0490008	9.99584182	0.1	0.01	0.01	0.01	1e-05	0.01	0.00140765	0.05	0.5	1e-04	100	5e-06	0.001
0.432	0.9	0.1	0.2008545	0.4	80	65.4	9.1	500	3.5	8.61	0.003304	0.00010325	0.0014562	2	0.15	0.1	0.0012637	0.2	0.00145615	0.45	0.01576092	2	4.5	0.001	0.48266281	0.39	1	0.00015335	0.001	0.001	0.02115956	0.26789905	0.0490008	9.99584182	0.1	0.01	0.01	0.01	1e-05	0.01	0.00140765	0.05	0.5	1e-04	100	5e-06	0.001
0.432	0.9	0.1	0.2008545	0.4	80	65.4	9.1	500	3.5	8.61	0.003304	0.00010326	0.00145816	2	0.15	0.1	0.00126332	0.2	0.00145423	0.45	0.01584068	2	4.5	0.001	0.48276794	0.39	1	0.00015335	0.001	0.001	0.02115956	0.26789905	0.0490008	9.99584182	0.1	0.01	0.01	0.01	1e-05	0.01	0.00140765	0.05	0.5	1e-04	100	5e-06	0.001
0.432	0.9	0.1	0.2008545	0.4	80	65.4	9.1	500	3.5	8.61	0.003304	0.00010325	0.0014608	2	0.15	0.1	0.00126091	0.2	0.00146156	0.45	0.01574404	2	4.5	0.001	0.48033763	0.39	1	0.00015335	0.001	0.001	0.02115956	0.26789905	0.0490008	9.99584182	0.1	0.01	0.01	0.01	1e-05	0.01	0.00140765	0.05	0.5	1e-04	100	5e-06	0.001
0.432	0.9	0.1	0.2008545	0.4	80	65.4	9.1	500	3.5	8.61	0.003304	0.00010323	0.00146023	2	0.15	0.1	0.00126019	0.2	0.00145017	0.45	0.01563429	2	4.5	0.001	0.47980329	0.39	1	0.00015335	0.001	0.001	0.02115956	0.26789905	0.0490008	9.99584182	0.1	0.01	0.01	0.01	1e-05	0.01	0.00140765	0.05	0.5	1e-04	100	5e-06	0.001
0.432	0.9	0.1	0.2008545	0.4	80	65.4	9.1	500	3.5	8.61	0.003304	0.00010322	0.00146493	2	0.15	0.1	0.00125704	0.2	0.00145105	0.45	0.01561998	2	4.5	0.001	0.47712698	0.39	1	0.00015335	0.001	0.001	0.02115956	0.26789905	0.0490008	9.99584182	0.1	0.01	0.01	0.01	1e-05	0.01	0.00140765	0.05	0.5	1e-04	100	5e-06	0.001
0.432	0.9	0.1	0.2008545	0.4	80	65.4	9.1	500	3.5	8.61	0.003304	0.00010331	0.00143619	2	0.15	0.1	0.00127998	0.2	0.00149576	0.45	0.01599963	2	4.5	0.001	0.49525345	0.39	1	0.00015335	0.001	0.001	0.02115956	0.26789905	0.0490008	9.99584182	0.1	0.01	0.01	0.01	1e-05	0.01	0.00140765	0.05	0.5	1e-04	100	5e-06	0.001
0.432	0.9	0.1	0.2008545	0.4	80	65.4	9.1	500	3.5	8.61	0.003304	0.00010331	0.00143988	2	0.15	0.1	0.00127679	0.2	0.0014811	0.45	0.01598236	2	4.5	0.001	0.49294364	0.39	1	0.00015335	0.001	0.001	0.02115956	0.26789905	0.0490008	9.99584182	0.1	0.01	0.01	0.01	1e-05	0.01	0.00140765	0.05	0.5	1e-04	100	5e-06	0.001
0.432	0.9	0.1	0.2008545	0.4	80	65.4	9.1	500	3.5	8.61	0.003304	0.0001033	0.00143885	2	0.15	0.1	0.00127841	0.2	0.00148641	0.45	0.01597333	2	4.5	0.001	0.4937993	0.39	1	0.00015335	0.001	0.001	0.02115956	0.26789905	0.0490008	9.99584182	0.1	0.01	0.01	0.01	1e-05	0.01	0.00140765	0.05	0.5	1e-04	100	5e-06	0.001
0.432	0.9	0.1	0.2008545	0.4	80	65.4	9.1	500	3.5	8.61	0.003304	0.00010331	0.00143693	2	0.15	0.1	0.00127998	0.2	0.00150501	0.45	0.01599963	2	4.5	0.001	0.49587864	0.39	1	0.00015335	0.001	0.001	0.02115956	0.26789905	0.0490008	9.99584182	0.1	0.01	0.01	0.01	1e-05	0.01	0.00140765	0.05	0.5	1e-04	100	5e-06	0.001
0.432	0.9	0.1	0.2008545	0.4	80	65.4	9.1	500	3.5	8.61	0.003304	0.0001033	0.0014415	2	0.15	0.1	0.00127558	0.2	0.00148121	0.45	0.01597808	2	4.5	0.001	0.49205584	0.39	1	0.00015335	0.001	0.001	0.02115956	0.26789905	0.0490008	9.99584182	0.1	0.01	0.01	0.01	1e-05	0.01	0.00140765	0.05	0.5	1e-04	100	5e-06	0.001
0.432	0.9	0.1	0.2008545	0.4	80	65.4	9.1	500	3.5	8.61	0.003304	0.0001033	0.00144303	2	0.15	0.1	0.00127463	0.2	0.00148034	0.45	0.01598118	2	4.5	0.001	0.49124711	0.39	1	0.00015335	0.001	0.001	0.02115956	0.26789905	0.0490008	9.99584182	0.1	0.01	0.01	0.01	1e-05	0.01	0.00140765	0.05	0.5	1e-04	100	5e-06	0.001
0.432	0.9	0.1	0.2008545	0.4	80	65.4	9.1	500	3.5	8.61	0.003304	0.0001033	0.001443	2	0.15	0.1	0.00127481	0.2	0.0014913	0.45	0.0159717	2	4.5	0.001	0.4911999	0.39	1	0.00015335	0.001	0.001	0.02115956	0.26789905	0.0490008	9.99584182	0.1	0.01	0.01	0.01	1e-05	0.01	0.00140765	0.05	0.5	1e-04	100	5e-06	0.001
0.432	0.9	0.1	0.2008545	0.4	80	65.4	9.1	500	3.5	8.61	0.003304	0.0001033	0.00144469	2	0.15	0.1	0.00127313	0.2	0.00147358	0.45	0.01598543	2	4.5	0.001	0.49028027	0.39	1	0.00015335	0.001	0.001	0.02115956	0.26789905	0.0490008	9.99584182	0.1	0.01	0.01	0.01	1e-05	0.01	0.00140765	0.05	0.5	1e-04	100	5e-06	0.001
0.432	0.9	0.1	0.2008545	0.4	80	65.4	9.1	500	3.5	8.61	0.003304	0.0001033	0.00144384	2	0.15	0.1	0.0012741	0.2	0.00148052	0.45	0.01596717	2	4.5	0.001	0.4908384	0.39	1	0.00015335	0.001	0.001	0.02115956	0.26789905	0.0490008	9.99584182	0.1	0.01	0.01	0.01	1e-05	0.01	0.00140765	0.05	0.5	1e-04	100	5e-06	0.001
0.432	0.9	0.1	0.2008545	0.4	80	65.4	9.1	500	3.5	8.61	0.003304	0.0001033	0.00144416	2	0.15	0.1	0.00127435	0.2	0.00147975	0.45	0.01599303	2	4.5	0.001	0.49103772	0.39	1	0.00015335	0.001	0.001	0.02115956	0.26789905	0.0490008	9.99584182	0.1	0.01	0.01	0.01	1e-05	0.01	0.00140765	0.05	0.5	1e-04	100	5e-06	0.001
0.432	0.9	0.1	0.2008545	0.4	80	65.4	9.1	500	3.5	8.61	0.003304	0.00010329	0.00144376	2	0.15	0.1	0.00127384	0.2	0.00147721	0.45	0.01592081	2	4.5	0.001	0.49064488	0.39	1	0.00015335	0.001	0.001	0.02115956	0.26789905	0.0490008	9.99584182	0.1	0.01	0.01	0.01	1e-05	0.01	0.00140765	0.05	0.5	1e-04	100	5e-06	0.001
0.432	0.9	0.1	0.2008545	0.4	80	65.4	9.1	500	3.5	8.61	0.003304	0.00010329	0.00144382	2	0.15	0.1	0.00127391	0.2	0.00148054	0.45	0.01591549	2	4.5	0.001	0.49057162	0.39	1	0.00015335	0.001	0.001	0.02115956	0.26789905	0.0490008	9.99584182	0.1	0.01	0.01	0.01	1e-05	0.01	0.00140765	0.05	0.5	1e-04	100	5e-06	0.001
0.432	0.9	0.1	0.2008545	0.4	80	65.4	9.1	500	3.5	8.61	0.003304	0.00010329	0.00144471	2	0.15	0.1	0.00127325	0.2	0.00147557	0.45	0.01593066	2	4.5	0.001	0.49009793	0.39	1	0.00015335	0.001	0.001	0.02115956	0.26789905	0.0490008	9.99584182	0.1	0.01	0.01	0.01	1e-05	0.01	0.00140765	0.05	0.5	1e-04	100	5e-06	0.001
0.432	0.9	0.1	0.2008545	0.4	80	65.4	9.1	500	3.5	8.61	0.003304	0.00010329	0.00144655	2	0.15	0.1	0.00127118	0.2	0.0014659	0.45	0.01591654	2	4.5	0.001	0.48886845	0.39	1	0.00015335	0.001	0.001	0.02115956	0.26789905	0.0490008	9.99584182	0.1	0.01	0.01	0.01	1e-05	0.01	0.00140765	0.05	0.5	1e-04	100	5e-06	0.001
0.432	0.9	0.1	0.2008545	0.4	80	65.4	9.1	500	3.5	8.61	0.003304	0.00010329	0.0014455	2	0.15	0.1	0.00127266	0.2	0.00147873	0.45	0.01591118	2	4.5	0.001	0.48950363	0.39	1	0.00015335	0.001	0.001	0.02115956	0.26789905	0.0490008	9.99584182	0.1	0.01	0.01	0.01	1e-05	0.01	0.00140765	0.05	0.5	1e-04	100	5e-06	0.001
0.432	0.9	0.1	0.2008545	0.4	80	65.4	9.1	500	3.5	8.61	0.003304	0.00010329	0.00144694	2	0.15	0.1	0.00127138	0.2	0.00147026	0.45	0.01592992	2	4.5	0.001	0.48882846	0.39	1	0.00015335	0.001	0.001	0.02115956	0.26789905	0.0490008	9.99584182	0.1	0.01	0.01	0.01	1e-05	0.01	0.00140765	0.05	0.5	1e-04	100	5e-06	0.001
0.432	0.9	0.1	0.2008545	0.4	80	65.4	9.1	500	3.5	8.61	0.003304	0.00010329	0.00144687	2	0.15	0.1	0.00127152	0.2	0.00147396	0.45	0.01591221	2	4.5	0.001	0.48881411	0.39	1	0.00015335	0.001	0.001	0.02115956	0.26789905	0.0490008	9.99584182	0.1	0.01	0.01	0.01	1e-05	0.01	0.00140765	0.05	0.5	1e-04	100	5e-06	0.001
0.432	0.9	0.1	0.2008545	0.4	80	65.4	9.1	500	3.5	8.61	0.003304	0.00010328	0.00144677	2	0.15	0.1	0.00127115	0.2	0.00147115	0.45	0.01587243	2	4.5	0.001	0.48850193	0.39	1	0.00015335	0.001	0.001	0.02115956	0.26789905	0.0490008	9.99584182	0.1	0.01	0.01	0.01	1e-05	0.01	0.00140765	0.05	0.5	1e-04	100	5e-06	0.001
0.432	0.9	0.1	0.2008545	0.4	80	65.4	9.1	500	3.5	8.61	0.003304	0.00010328	0.00144679	2	0.15	0.1	0.00127163	0.2	0.00147472	0.45	0.01590297	2	4.5	0.001	0.4887703	0.39	1	0.00015335	0.001	0.001	0.02115956	0.26789905	0.0490008	9.99584182	0.1	0.01	0.01	0.01	1e-05	0.01	0.00140765	0.05	0.5	1e-04	100	5e-06	0.001
0.432	0.9	0.1	0.2008545	0.4	80	65.4	9.1	500	3.5	8.61	0.003304	0.00010328	0.00144707	2	0.15	0.1	0.00127134	0.2	0.00147574	0.45	0.01589926	2	4.5	0.001	0.4885356	0.39	1	0.00015335	0.001	0.001	0.02115956	0.26789905	0.0490008	9.99584182	0.1	0.01	0.01	0.01	1e-05	0.01	0.00140765	0.05	0.5	1e-04	100	5e-06	0.001
0.432	0.9	0.1	0.2008545	0.4	80	65.4	9.1	500	3.5	8.61	0.003304	0.00010329	0.0014477	2	0.15	0.1	0.00127091	0.2	0.00147491	0.45	0.01590632	2	4.5	0.001	0.48811585	0.39	1	0.00015335	0.001	0.001	0.02115956	0.26789905	0.0490008	9.99584182	0.1	0.01	0.01	0.01	1e-05	0.01	0.00140765	0.05	0.5	1e-04	100	5e-06	0.001
0.432	0.9	0.1	0.2008545	0.4	80	65.4	9.1	500	3.5	8.61	0.003304	0.00010327	0.00144688	2	0.15	0.1	0.0012711	0.2	0.00146884	0.45	0.01584423	2	4.5	0.001	0.48822327	0.39	1	0.00015335	0.001	0.001	0.02115956	0.26789905	0.0490008	9.99584182	0.1	0.01	0.01	0.01	1e-05	0.01	0.00140765	0.05	0.5	1e-04	100	5e-06	0.001
0.432	0.9	0.1	0.2008545	0.4	80	65.4	9.1	500	3.5	8.61	0.003304	0.00010327	0.00145226	2	0.15	0.1	0.00126756	0.2	0.00147456	0.45	0.01584067	2	4.5	0.001	0.4850954	0.39	1	0.00015335	0.001	0.001	0.02115956	0.26789905	0.0490008	9.99584182	0.1	0.01	0.01	0.01	1e-05	0.01	0.00140765	0.05	0.5	1e-04	100	5e-06	0.001
0.432	0.9	0.1	0.2008545	0.4	80	65.4	9.1	500	3.5	8.61	0.003304	0.00010326	0.00145314	2	0.15	0.1	0.00126653	0.2	0.00146814	0.45	0.01578827	2	4.5	0.001	0.48470751	0.39	1	0.00015335	0.001	0.001	0.02115956	0.26789905	0.0490008	9.99584182	0.1	0.01	0.01	0.01	1e-05	0.01	0.00140765	0.05	0.5	1e-04	100	5e-06	0.001
0.432	0.9	0.1	0.2008545	0.4	80	65.4	9.1	500	3.5	8.61	0.003304	0.00010326	0.00145434	2	0.15	0.1	0.00126549	0.2	0.00146105	0.45	0.015814	2	4.5	0.001	0.48415081	0.39	1	0.00015335	0.001	0.001	0.02115956	0.26789905	0.0490008	9.99584182	0.1	0.01	0.01	0.01	1e-05	0.01	0.00140765	0.05	0.5	1e-04	100	5e-06	0.001
0.432	0.9	0.1	0.2008545	0.4	80	65.4	9.1	500	3.5	8.61	0.003304	0.0001032	0.00147073	2	0.15	0.1	0.00125278	0.2	0.00143779	0.45	0.01551528	2	4.5	0.001	0.47372124	0.39	1	0.00015335	0.001	0.001	0.02115956	0.26789905	0.0490008	9.99584182	0.1	0.01	0.01	0.01	1e-05	0.01	0.00140765	0.05	0.5	1e-04	100	5e-06	0.001
0.432	0.9	0.1	0.2008545	0.4	80	65.4	9.1	500	3.5	8.61	0.003304	0.00010352	0.00133921	2	0.15	0.1	0.00137496	0.2	0.00167966	0.45	0.01580153	2	4.5	0.001	0.58937741	0.39	1	0.00015335	0.001	0.001	0.02115956	0.26789905	0.0490008	9.99584182	0.1	0.01	0.01	0.01	1e-05	0.01	0.00140765	0.05	0.5	1e-04	100	5e-06	0.001
0.432	0.9	0.1	0.2008545	0.4	80	65.4	9.1	500	3.5	8.61	0.003304	0.00010327	0.00134223	2	0.15	0.1	0.00136237	0.2	0.00159172	0.45	0.0157963	2	4.5	0.001	0.58957456	0.39	1	0.00015335	0.001	0.001	0.02115956	0.26789905	0.0490008	9.99584182	0.1	0.01	0.01	0.01	1e-05	0.01	0.00140765	0.05	0.5	1e-04	100	5e-06	0.001
0.432	0.9	0.1	0.2008545	0.4	80	65.4	9.1	500	3.5	8.61	0.003304	0.0001027	0.00133917	2	0.15	0.1	0.00136361	0.2	0.00159263	0.45	0.01577478	2	4.5	0.001	0.58911127	0.39	1	0.00015335	0.001	0.001	0.02115956	0.26789905	0.0490008	9.99584182	0.1	0.01	0.01	0.01	1e-05	0.01	0.00140765	0.05	0.5	1e-04	100	5e-06	0.001
0.432	0.9	0.1	0.2008545	0.4	80	65.4	9.1	500	3.5	8.61	0.003304	0.00010331	0.00134982	2	0.15	0.1	0.00135718	0.2	0.00160647	0.45	0.01576253	2	4.5	0.001	0.58952386	0.39	1	0.00015335	0.001	0.001	0.02115956	0.26789905	0.0490008	9.99584182	0.1	0.01	0.01	0.01	1e-05	0.01	0.00140765	0.05	0.5	1e-04	100	5e-06	0.001
0.432	0.9	0.1	0.2008545	0.4	80	65.4	9.1	500	3.5	8.61	0.003304	0.0001082	0.00138792	2	0.15	0.1	0.00137275	0.2	0.00146484	0.45	0.01307252	2	4.5	0.001	0.55820987	0.39	1	0.00015335	0.001	0.001	0.02115956	0.26789905	0.0490008	9.99584182	0.1	0.01	0.01	0.01	1e-05	0.01	0.00140765	0.05	0.5	1e-04	100	5e-06	0.001
0.432	0.9	0.1	0.2008545	0.4	80	65.4	9.1	500	3.5	8.61	0.003304	0.00010805	0.00139219	2	0.15	0.1	0.00137163	0.2	0.00147203	0.45	0.01315795	2	4.5	0.001	0.55981228	0.39	1	0.00015335	0.001	0.001	0.02115956	0.26789905	0.0490008	9.99584182	0.1	0.01	0.01	0.01	1e-05	0.01	0.00140765	0.05	0.5	1e-04	100	5e-06	0.001
0.432	0.9	0.1	0.2008545	0.4	80	65.4	9.1	500	3.5	8.61	0.003304	0.00010809	0.00141418	2	0.15	0.1	0.00139587	0.2	0.00161008	0.45	0.01425196	2	4.5	0.001	0.55634399	0.39	1	0.00015335	0.001	0.001	0.02115956	0.26789905	0.0490008	9.99584182	0.1	0.01	0.01	0.01	1e-05	0.01	0.00140765	0.05	0.5	1e-04	100	5e-06	0.001
0.432	0.9	0.1	0.2008545	0.4	80	65.4	9.1	500	3.5	8.61	0.003304	0.0001082	0.00138792	2	0.15	0.1	0.00137275	0.2	0.00146484	0.45	0.01307252	2	4.5	0.001	0.55820987	0.39	1	0.00015335	0.001	0.001	0.02115956	0.26789905	0.0490008	9.99584182	0.1	0.01	0.01	0.01	1e-05	0.01	0.00140765	0.05	0.5	1e-04	100	5e-06	0.001
0.432	0.9	0.1	0.2008545	0.4	80	65.4	9.1	500	3.5	8.61	0.003304	0.0001077	0.00137756	2	0.15	0.1	0.00139333	0.2	0.00189668	0.45	0.01349626	2	4.5	0.001	0.56587682	0.39	1	0.00015335	0.001	0.001	0.02115956	0.26789905	0.0490008	9.99584182	0.1	0.01	0.01	0.01	1e-05	0.01	0.00140765	0.05	0.5	1e-04	100	5e-06	0.001
0.432	0.9	0.1	0.2008545	0.4	80	65.4	9.1	500	3.5	8.61	0.003304	0.00010805	0.00139219	2	0.15	0.1	0.00137163	0.2	0.00147203	0.45	0.01315795	2	4.5	0.001	0.55981228	0.39	1	0.00015335	0.001	0.001	0.02115956	0.26789905	0.0490008	9.99584182	0.1	0.01	0.01	0.01	1e-05	0.01	0.00140765	0.05	0.5	1e-04	100	5e-06	0.001
0.432	0.9	0.1	0.2008545	0.4	80	65.4	9.1	500	3.5	8.61	0.003304	0.00010809	0.00141418	2	0.15	0.1	0.00139587	0.2	0.00161008	0.45	0.01425196	2	4.5	0.001	0.55634399	0.39	1	0.00015335	0.001	0.001	0.02115956	0.26789905	0.0490008	9.99584182	0.1	0.01	0.01	0.01	1e-05	0.01	0.00140765	0.05	0.5	1e-04	100	5e-06	0.001
0.432	0.9	0.1	0.2008545	0.4	80	65.4	9.1	500	3.5	8.61	0.003304	0.00010765	0.00137928	2	0.15	0.1	0.00140445	0.2	0.00181213	0.45	0.01431604	2	4.5	0.001	0.56571856	0.39	1	0.00015335	0.001	0.001	0.02115956	0.26789905	0.0490008	9.99584182	0.1	0.01	0.01	0.01	1e-05	0.01	0.00140765	0.05	0.5	1e-04	100	5e-06	0.001
0.432	0.9	0.1	0.2008545	0.4	80	65.4	9.1	500	3.5	8.61	0.003304	0.00010772	0.00138641	2	0.15	0.1	0.00138734	0.2	0.0018205	0.45	0.01413602	2	4.5	0.001	0.56054152	0.39	1	0.00015335	0.001	0.001	0.02115956	0.26789905	0.0490008	9.99584182	0.1	0.01	0.01	0.01	1e-05	0.01	0.00140765	0.05	0.5	1e-04	100	5e-06	0.001
0.432	0.9	0.1	0.2008545	0.4	80	65.4	9.1	500	3.5	8.61	0.003304	0.00010718	0.00138245	2	0.15	0.1	0.00136388	0.2	0.00159538	0.45	0.01343218	2	4.5	0.001	0.55829037	0.39	1	0.00015335	0.001	0.001	0.02115956	0.26789905	0.0490008	9.99584182	0.1	0.01	0.01	0.01	1e-05	0.01	0.00140765	0.05	0.5	1e-04	100	5e-06	0.001
0.432	0.9	0.1	0.2008545	0.4	80	65.4	9.1	500	3.5	8.61	0.003304	0.0001082	0.00138792	2	0.15	0.1	0.00137275	0.2	0.00146484	0.45	0.01307252	2	4.5	0.001	0.55820987	0.39	1	0.00015335	0.001	0.001	0.02115956	0.26789905	0.0490008	9.99584182	0.1	0.01	0.01	0.01	1e-05	0.01	0.00140765	0.05	0.5	1e-04	100	5e-06	0.001
0.432	0.9	0.1	0.2008545	0.4	80	65.4	9.1	500	3.5	8.61	0.003304	0.0001077	0.00137756	2	0.15	0.1	0.00139333	0.2	0.00189668	0.45	0.01349626	2	4.5	0.001	0.56587682	0.39	1	0.00015335	0.001	0.001	0.02115956	0.26789905	0.0490008	9.99584182	0.1	0.01	0.01	0.01	1e-05	0.01	0.00140765	0.05	0.5	1e-04	100	5e-06	0.001
0.432	0.9	0.1	0.2008545	0.4	80	65.4	9.1	500	3.5	8.61	0.003304	0.00010805	0.00139219	2	0.15	0.1	0.00137163	0.2	0.00147203	0.45	0.01315795	2	4.5	0.001	0.55981228	0.39	1	0.00015335	0.001	0.001	0.02115956	0.26789905	0.0490008	9.99584182	0.1	0.01	0.01	0.01	1e-05	0.01	0.00140765	0.05	0.5	1e-04	100	5e-06	0.001
0.432	0.9	0.1	0.2008545	0.4	80	65.4	9.1	500	3.5	8.61	0.003304	0.00010809	0.00141418	2	0.15	0.1	0.00139587	0.2	0.00161008	0.45	0.01425196	2	4.5	0.001	0.55634399	0.39	1	0.00015335	0.001	0.001	0.02115956	0.26789905	0.0490008	9.99584182	0.1	0.01	0.01	0.01	1e-05	0.01	0.00140765	0.05	0.5	1e-04	100	5e-06	0.001
0.432	0.9	0.1	0.2008545	0.4	80	65.4	9.1	500	3.5	8.61	0.003304	0.00010805	0.00141072	2	0.15	0.1	0.00138757	0.2	0.00169571	0.45	0.01436398	2	4.5	0.001	0.56104247	0.39	1	0.00015335	0.001	0.001	0.02115956	0.26789905	0.0490008	9.99584182	0.1	0.01	0.01	0.01	1e-05	0.01	0.00140765	0.05	0.5	1e-04	100	5e-06	0.001
0.432	0.9	0.1	0.2008545	0.4	80	65.4	9.1	500	3.5	8.61	0.003304	0.00010765	0.00137928	2	0.15	0.1	0.00140445	0.2	0.00181213	0.45	0.01431604	2	4.5	0.001	0.56571856	0.39	1	0.00015335	0.001	0.001	0.02115956	0.26789905	0.0490008	9.99584182	0.1	0.01	0.01	0.01	1e-05	0.01	0.00140765	0.05	0.5	1e-04	100	5e-06	0.001
0.432	0.9	0.1	0.2008545	0.4	80	65.4	9.1	500	3.5	8.61	0.003304	0.00010861	0.00142958	2	0.15	0.1	0.00134277	0.2	0.00140665	0.45	0.01464977	2	4.5	0.001	0.54271188	0.39	1	0.00015335	0.001	0.001	0.02115956	0.26789905	0.0490008	9.99584182	0.1	0.01	0.01	0.01	1e-05	0.01	0.00140765	0.05	0.5	1e-04	100	5e-06	0.001
0.432	0.9	0.1	0.2008545	0.4	80	65.4	9.1	500	3.5	8.61	0.003304	0.0001079	0.00140011	2	0.15	0.1	0.00138169	0.2	0.00168982	0.45	0.01438851	2	4.5	0.001	0.55763951	0.39	1	0.00015335	0.001	0.001	0.02115956	0.26789905	0.0490008	9.99584182	0.1	0.01	0.01	0.01	1e-05	0.01	0.00140765	0.05	0.5	1e-04	100	5e-06	0.001
0.432	0.9	0.1	0.2008545	0.4	80	65.4	9.1	500	3.5	8.61	0.003304	0.00010772	0.00138641	2	0.15	0.1	0.00138734	0.2	0.0018205	0.45	0.01413602	2	4.5	0.001	0.56054152	0.39	1	0.00015335	0.001	0.001	0.02115956	0.26789905	0.0490008	9.99584182	0.1	0.01	0.01	0.01	1e-05	0.01	0.00140765	0.05	0.5	1e-04	100	5e-06	0.001
0.432	0.9	0.1	0.2008545	0.4	80	65.4	9.1	500	3.5	8.61	0.003304	0.0001079	0.00138794	2	0.15	0.1	0.0013976	0.2	0.00180529	0.45	0.01439459	2	4.5	0.001	0.56600173	0.39	1	0.00015335	0.001	0.001	0.02115956	0.26789905	0.0490008	9.99584182	0.1	0.01	0.01	0.01	1e-05	0.01	0.00140765	0.05	0.5	1e-04	100	5e-06	0.001
0.432	0.9	0.1	0.2008545	0.4	80	65.4	9.1	500	3.5	8.61	0.003304	0.00010756	0.00141005	2	0.15	0.1	0.00136799	0.2	0.00165498	0.45	0.01493252	2	4.5	0.001	0.5574338	0.39	1	0.00015335	0.001	0.001	0.02115956	0.26789905	0.0490008	9.99584182	0.1	0.01	0.01	0.01	1e-05	0.01	0.00140765	0.05	0.5	1e-04	100	5e-06	0.001
0.432	0.9	0.1	0.2008545	0.4	80	65.4	9.1	500	3.5	8.61	0.003304	0.00010744	0.00138815	2	0.15	0.1	0.00139864	0.2	0.00176933	0.45	0.01415394	2	4.5	0.001	0.55957557	0.39	1	0.00015335	0.001	0.001	0.02115956	0.26789905	0.0490008	9.99584182	0.1	0.01	0.01	0.01	1e-05	0.01	0.00140765	0.05	0.5	1e-04	100	5e-06	0.001
0.432	0.9	0.1	0.2008545	0.4	80	65.4	9.1	500	3.5	8.61	0.003304	0.00010795	0.00140092	2	0.15	0.1	0.00137942	0.2	0.00167534	0.45	0.01417817	2	4.5	0.001	0.55946154	0.39	1	0.00015335	0.001	0.001	0.02115956	0.26789905	0.0490008	9.99584182	0.1	0.01	0.01	0.01	1e-05	0.01	0.00140765	0.05	0.5	1e-04	100	5e-06	0.001
0.432	0.9	0.1	0.2008545	0.4	80	65.4	9.1	500	3.5	8.61	0.003304	0.00010799	0.00140397	2	0.15	0.1	0.00137806	0.2	0.00163888	0.45	0.0142041	2	4.5	0.001	0.55884197	0.39	1	0.00015335	0.001	0.001	0.02115956	0.26789905	0.0490008	9.99584182	0.1	0.01	0.01	0.01	1e-05	0.01	0.00140765	0.05	0.5	1e-04	100	5e-06	0.001
0.432	0.9	0.1	0.2008545	0.4	80	65.4	9.1	500	3.5	8.61	0.003304	0.00010788	0.00139493	2	0.15	0.1	0.00137868	0.2	0.00162671	0.45	0.01392399	2	4.5	0.001	0.5626146	0.39	1	0.00015335	0.001	0.001	0.02115956	0.26789905	0.0490008	9.99584182	0.1	0.01	0.01	0.01	1e-05	0.01	0.00140765	0.05	0.5	1e-04	100	5e-06	0.001
0.432	0.9	0.1	0.2008545	0.4	80	65.4	9.1	500	3.5	8.61	0.003304	0.00010769	0.0013862	2	0.15	0.1	0.00137348	0.2	0.00149761	0.45	0.01343017	2	4.5	0.001	0.56244022	0.39	1	0.00015335	0.001	0.001	0.02115956	0.26789905	0.0490008	9.99584182	0.1	0.01	0.01	0.01	1e-05	0.01	0.00140765	0.05	0.5	1e-04	100	5e-06	0.001
0.432	0.9	0.1	0.2008545	0.4	80	65.4	9.1	500	3.5	8.61	0.003304	0.00010718	0.00138245	2	0.15	0.1	0.00136388	0.2	0.00159538	0.45	0.01343218	2	4.5	0.001	0.55829037	0.39	1	0.00015335	0.001	0.001	0.02115956	0.26789905	0.0490008	9.99584182	0.1	0.01	0.01	0.01	1e-05	0.01	0.00140765	0.05	0.5	1e-04	100	5e-06	0.001
0.432	0.9	0.1	0.2008545	0.4	80	65.4	9.1	500	3.5	8.61	0.003304	0.0001082	0.00138792	2	0.15	0.1	0.00137275	0.2	0.00146484	0.45	0.01307252	2	4.5	0.001	0.55820987	0.39	1	0.00015335	0.001	0.001	0.02115956	0.26789905	0.0490008	9.99584182	0.1	0.01	0.01	0.01	1e-05	0.01	0.00140765	0.05	0.5	1e-04	100	5e-06	0.001
0.432	0.9	0.1	0.2008545	0.4	80	65.4	9.1	500	3.5	8.61	0.003304	0.0001077	0.00137756	2	0.15	0.1	0.00139333	0.2	0.00189668	0.45	0.01349626	2	4.5	0.001	0.56587682	0.39	1	0.00015335	0.001	0.001	0.02115956	0.26789905	0.0490008	9.99584182	0.1	0.01	0.01	0.01	1e-05	0.01	0.00140765	0.05	0.5	1e-04	100	5e-06	0.001
0.432	0.9	0.1	0.2008545	0.4	80	65.4	9.1	500	3.5	8.61	0.003304	0.00010805	0.00139219	2	0.15	0.1	0.00137163	0.2	0.00147203	0.45	0.01315795	2	4.5	0.001	0.55981228	0.39	1	0.00015335	0.001	0.001	0.02115956	0.26789905	0.0490008	9.99584182	0.1	0.01	0.01	0.01	1e-05	0.01	0.00140765	0.05	0.5	1e-04	100	5e-06	0.001
0.432	0.9	0.1	0.2008545	0.4	80	65.4	9.1	500	3.5	8.61	0.003304	0.00010796	0.00140015	2	0.15	0.1	0.00138312	0.2	0.00167609	0.45	0.01377504	2	4.5	0.001	0.56268994	0.39	1	0.00015335	0.001	0.001	0.02115956	0.26789905	0.0490008	9.99584182	0.1	0.01	0.01	0.01	1e-05	0.01	0.00140765	0.05	0.5	1e-04	100	5e-06	0.001
0.432	0.9	0.1	0.2008545	0.4	80	65.4	9.1	500	3.5	8.61	0.003304	0.00010779	0.00139367	2	0.15	0.1	0.00138069	0.2	0.00171954	0.45	0.01419772	2	4.5	0.001	0.56055043	0.39	1	0.00015335	0.001	0.001	0.02115956	0.26789905	0.0490008	9.99584182	0.1	0.01	0.01	0.01	1e-05	0.01	0.00140765	0.05	0.5	1e-04	100	5e-06	0.001
0.432	0.9	0.1	0.2008545	0.4	80	65.4	9.1	500	3.5	8.61	0.003304	0.00010756	0.00141005	2	0.15	0.1	0.00136799	0.2	0.00165498	0.45	0.01493252	2	4.5	0.001	0.5574338	0.39	1	0.00015335	0.001	0.001	0.02115956	0.26789905	0.0490008	9.99584182	0.1	0.01	0.01	0.01	1e-05	0.01	0.00140765	0.05	0.5	1e-04	100	5e-06	0.001
0.432	0.9	0.1	0.2008545	0.4	80	65.4	9.1	500	3.5	8.61	0.003304	0.00010744	0.00138815	2	0.15	0.1	0.00139864	0.2	0.00176933	0.45	0.01415394	2	4.5	0.001	0.55957557	0.39	1	0.00015335	0.001	0.001	0.02115956	0.26789905	0.0490008	9.99584182	0.1	0.01	0.01	0.01	1e-05	0.01	0.00140765	0.05	0.5	1e-04	100	5e-06	0.001
0.432	0.9	0.1	0.2008545	0.4	80	65.4	9.1	500	3.5	8.61	0.003304	0.00010798	0.00140117	2	0.15	0.1	0.00137505	0.2	0.00168469	0.45	0.0141569	2	4.5	0.001	0.56170966	0.39	1	0.00015335	0.001	0.001	0.02115956	0.26789905	0.0490008	9.99584182	0.1	0.01	0.01	0.01	1e-05	0.01	0.00140765	0.05	0.5	1e-04	100	5e-06	0.001
0.432	0.9	0.1	0.2008545	0.4	80	65.4	9.1	500	3.5	8.61	0.003304	0.00010798	0.00140117	2	0.15	0.1	0.00137505	0.2	0.00168469	0.45	0.0141569	2	4.5	0.001	0.56170966	0.39	1	0.00015335	0.001	0.001	0.02115956	0.26789905	0.0490008	9.99584182	0.1	0.01	0.01	0.01	1e-05	0.01	0.00140765	0.05	0.5	1e-04	100	5e-06	0.001
0.432	0.9	0.1	0.2008545	0.4	80	65.4	9.1	500	3.5	8.61	0.003304	0.00010798	0.00140117	2	0.15	0.1	0.00137505	0.2	0.00168469	0.45	0.0141569	2	4.5	0.001	0.56170966	0.39	1	0.00015335	0.001	0.001	0.02115956	0.26789905	0.0490008	9.99584182	0.1	0.01	0.01	0.01	1e-05	0.01	0.00140765	0.05	0.5	1e-04	100	5e-06	0.001
0.433	0.9	0.1	0.2008545	0.4	80	65.4	9.1	500	3.5	8.61	0.003304	0.00010513	0.00136751	2	0.15	0.1	0.00137098	0.2	0.00193766	0.45	0.01445257	2	4.5	0.001	0.58047339	0.39	1	0.00015335	0.001	0.001	0.02115956	0.26789905	0.0490008	9.99584182	0.1	0.01	0.01	0.01	1e-05	0.01	0.00140765	0.05	0.5	1e-04	100	5e-06	0.001
0.433	0.9	0.1	0.2008545	0.4	80	65.4	9.1	500	3.5	8.61	0.003304	0.00010377	0.00133401	2	0.15	0.1	0.00141886	0.2	0.0020362	0.45	0.01436039	2	4.5	0.001	0.58480916	0.39	1	0.00015335	0.001	0.001	0.02115956	0.26789905	0.0490008	9.99584182	0.1	0.01	0.01	0.01	1e-05	0.01	0.00140765	0.05	0.5	1e-04	100	5e-06	0.001
0.433	0.9	0.1	0.2008545	0.4	80	65.4	9.1	500	3.5	8.61	0.003304	0.00010286	0.00134663	2	0.15	0.1	0.00134221	0.2	0.00151717	0.45	0.01434068	2	4.5	0.001	0.58870268	0.39	1	0.00015335	0.001	0.001	0.02115956	0.26789905	0.0490008	9.99584182	0.1	0.01	0.01	0.01	1e-05	0.01	0.00140765	0.05	0.5	1e-04	100	5e-06	0.001
0.433	0.9	0.1	0.2008545	0.4	80	65.4	9.1	500	3.5	8.61	0.003304	0.00010513	0.00136751	2	0.15	0.1	0.00137098	0.2	0.00193766	0.45	0.01445257	2	4.5	0.001	0.58047339	0.39	1	0.00015335	0.001	0.001	0.02115956	0.26789905	0.0490008	9.99584182	0.1	0.01	0.01	0.01	1e-05	0.01	0.00140765	0.05	0.5	1e-04	100	5e-06	0.001
0.433	0.9	0.1	0.2008545	0.4	80	65.4	9.1	500	3.5	8.61	0.003304	0.00010431	0.0013575	2	0.15	0.1	0.00137173	0.2	0.00179507	0.45	0.01430561	2	4.5	0.001	0.58406521	0.39	1	0.00015335	0.001	0.001	0.02115956	0.26789905	0.0490008	9.99584182	0.1	0.01	0.01	0.01	1e-05	0.01	0.00140765	0.05	0.5	1e-04	100	5e-06	0.001
0.433	0.9	0.1	0.2008545	0.4	80	65.4	9.1	500	3.5	8.61	0.003304	0.00010301	0.00133297	2	0.15	0.1	0.00136717	0.2	0.00162606	0.45	0.01430349	2	4.5	0.001	0.59037444	0.39	1	0.00015335	0.001	0.001	0.02115956	0.26789905	0.0490008	9.99584182	0.1	0.01	0.01	0.01	1e-05	0.01	0.00140765	0.05	0.5	1e-04	100	5e-06	0.001
0.433	0.9	0.1	0.2008545	0.4	80	65.4	9.1	500	3.5	8.61	0.003304	0.00010513	0.00136751	2	0.15	0.1	0.00137098	0.2	0.00193766	0.45	0.01445257	2	4.5	0.001	0.58047339	0.39	1	0.00015335	0.001	0.001	0.02115956	0.26789905	0.0490008	9.99584182	0.1	0.01	0.01	0.01	1e-05	0.01	0.00140765	0.05	0.5	1e-04	100	5e-06	0.001
0.433	0.9	0.1	0.2008545	0.4	80	65.4	9.1	500	3.5	8.61	0.003304	0.00010253	0.00132979	2	0.15	0.1	0.00137559	0.2	0.00169633	0.45	0.01424909	2	4.5	0.001	0.59182297	0.39	1	0.00015335	0.001	0.001	0.02115956	0.26789905	0.0490008	9.99584182	0.1	0.01	0.01	0.01	1e-05	0.01	0.00140765	0.05	0.5	1e-04	100	5e-06	0.001
0.433	0.9	0.1	0.2008545	0.4	80	65.4	9.1	500	3.5	8.61	0.003304	0.00010431	0.0013575	2	0.15	0.1	0.00137173	0.2	0.00179507	0.45	0.01430561	2	4.5	0.001	0.58406521	0.39	1	0.00015335	0.001	0.001	0.02115956	0.26789905	0.0490008	9.99584182	0.1	0.01	0.01	0.01	1e-05	0.01	0.00140765	0.05	0.5	1e-04	100	5e-06	0.001
0.433	0.9	0.1	0.2008545	0.4	80	65.4	9.1	500	3.5	8.61	0.003304	0.0001065	0.00137053	2	0.15	0.1	0.00145026	0.2	0.0017766	0.45	0.015593	2	4.5	0.001	0.59327825	0.39	1	0.00015335	0.001	0.001	0.02115956	0.26789905	0.0490008	9.99584182	0.1	0.01	0.01	0.01	1e-05	0.01	0.00140765	0.05	0.5	1e-04	100	5e-06	0.001
0.433	0.9	0.1	0.2008545	0.4	80	65.4	9.1	500	3.5	8.61	0.003304	0.0001065	0.00135767	2	0.15	0.1	0.00146325	0.2	0.00184731	0.45	0.01571806	2	4.5	0.001	0.59513106	0.39	1	0.00015335	0.001	0.001	0.02115956	0.26789905	0.0490008	9.99584182	0.1	0.01	0.01	0.01	1e-05	0.01	0.00140765	0.05	0.5	1e-04	100	5e-06	0.001
0.433	0.9	0.1	0.2008545	0.4	80	65.4	9.1	500	3.5	8.61	0.003304	0.0001065	0.00137053	2	0.15	0.1	0.00145026	0.2	0.0017766	0.45	0.015593	2	4.5	0.001	0.59327825	0.39	1	0.00015335	0.001	0.001	0.02115956	0.26789905	0.0490008	9.99584182	0.1	0.01	0.01	0.01	1e-05	0.01	0.00140765	0.05	0.5	1e-04	100	5e-06	0.001
0.433	0.9	0.1	0.2008545	0.4	80	65.4	9.1	500	3.5	8.61	0.003304	0.0001065	0.00135767	2	0.15	0.1	0.00146325	0.2	0.00184731	0.45	0.01571806	2	4.5	0.001	0.59513106	0.39	1	0.00015335	0.001	0.001	0.02115956	0.26789905	0.0490008	9.99584182	0.1	0.01	0.01	0.01	1e-05	0.01	0.00140765	0.05	0.5	1e-04	100	5e-06	0.001
0.433	0.9	0.1	0.2008545	0.4	80	65.4	9.1	500	3.5	8.61	0.003304	0.00010594	0.00135982	2	0.15	0.1	0.00143045	0.2	0.00193185	0.45	0.01547957	2	4.5	0.001	0.59237443	0.39	1	0.00015335	0.001	0.001	0.02115956	0.26789905	0.0490008	9.99584182	0.1	0.01	0.01	0.01	1e-05	0.01	0.00140765	0.05	0.5	1e-04	100	5e-06	0.001
0.433	0.9	0.1	0.2008545	0.4	80	65.4	9.1	500	3.5	8.61	0.003304	0.00010591	0.00136265	2	0.15	0.1	0.00141415	0.2	0.00205653	0.45	0.01538997	2	4.5	0.001	0.59092188	0.39	1	0.00015335	0.001	0.001	0.02115956	0.26789905	0.0490008	9.99584182	0.1	0.01	0.01	0.01	1e-05	0.01	0.00140765	0.05	0.5	1e-04	100	5e-06	0.001
0.433	0.9	0.1	0.2008545	0.4	80	65.4	9.1	500	3.5	8.61	0.003304	0.00010605	0.00136496	2	0.15	0.1	0.00142597	0.2	0.00192849	0.45	0.01549925	2	4.5	0.001	0.59161797	0.39	1	0.00015335	0.001	0.001	0.02115956	0.26789905	0.0490008	9.99584182	0.1	0.01	0.01	0.01	1e-05	0.01	0.00140765	0.05	0.5	1e-04	100	5e-06	0.001
0.433	0.9	0.1	0.2008545	0.4	80	65.4	9.1	500	3.5	8.61	0.003304	0.00010526	0.00135282	2	0.15	0.1	0.00143378	0.2	0.00201189	0.45	0.01529523	2	4.5	0.001	0.59259818	0.39	1	0.00015335	0.001	0.001	0.02115956	0.26789905	0.0490008	9.99584182	0.1	0.01	0.01	0.01	1e-05	0.01	0.00140765	0.05	0.5	1e-04	100	5e-06	0.001
0.433	0.9	0.1	0.2008545	0.4	80	65.4	9.1	500	3.5	8.61	0.003304	0.0001065	0.00137053	2	0.15	0.1	0.00145026	0.2	0.0017766	0.45	0.015593	2	4.5	0.001	0.59327825	0.39	1	0.00015335	0.001	0.001	0.02115956	0.26789905	0.0490008	9.99584182	0.1	0.01	0.01	0.01	1e-05	0.01	0.00140765	0.05	0.5	1e-04	100	5e-06	0.001
0.433	0.9	0.1	0.2008545	0.4	80	65.4	9.1	500	3.5	8.61	0.003304	0.00010515	0.00135782	2	0.15	0.1	0.00140852	0.2	0.0020233	0.45	0.01536392	2	4.5	0.001	0.59390955	0.39	1	0.00015335	0.001	0.001	0.02115956	0.26789905	0.0490008	9.99584182	0.1	0.01	0.01	0.01	1e-05	0.01	0.00140765	0.05	0.5	1e-04	100	5e-06	0.001
0.433	0.9	0.1	0.2008545	0.4	80	65.4	9.1	500	3.5	8.61	0.003304	0.000103	0.00153422	2	0.15	0.1	0.00120825	0.2	0.001476	0.45	0.0148045	2	4.5	0.001	0.43686822	0.39	1	0.00015335	0.001	0.001	0.02115956	0.26789905	0.0490008	9.99584182	0.1	0.01	0.01	0.01	1e-05	0.01	0.00140765	0.05	0.5	1e-04	100	5e-06	0.001
0.433	0.9	0.1	0.2008545	0.4	80	65.4	9.1	500	3.5	8.61	0.003304	0.00010303	0.00153109	2	0.15	0.1	0.00121759	0.2	0.00156176	0.45	0.01496259	2	4.5	0.001	0.44004422	0.39	1	0.00015335	0.001	0.001	0.02115956	0.26789905	0.0490008	9.99584182	0.1	0.01	0.01	0.01	1e-05	0.01	0.00140765	0.05	0.5	1e-04	100	5e-06	0.001
0.433	0.9	0.1	0.2008545	0.4	80	65.4	9.1	500	3.5	8.61	0.003304	0.00010301	0.0015515	2	0.15	0.1	0.00119689	0.2	0.00142748	0.45	0.01494831	2	4.5	0.001	0.4307202	0.39	1	0.00015335	0.001	0.001	0.02115956	0.26789905	0.0490008	9.99584182	0.1	0.01	0.01	0.01	1e-05	0.01	0.00140765	0.05	0.5	1e-04	100	5e-06	0.001
0.433	0.9	0.1	0.2008545	0.4	80	65.4	9.1	500	3.5	8.61	0.003304	0.00010308	0.00150717	2	0.15	0.1	0.00122856	0.2	0.0014967	0.45	0.01510766	2	4.5	0.001	0.45482386	0.39	1	0.00015335	0.001	0.001	0.02115956	0.26789905	0.0490008	9.99584182	0.1	0.01	0.01	0.01	1e-05	0.01	0.00140765	0.05	0.5	1e-04	100	5e-06	0.001
0.433	0.9	0.1	0.2008545	0.4	80	65.4	9.1	500	3.5	8.61	0.003304	0.00010299	0.00150987	2	0.15	0.1	0.00122173	0.2	0.00144305	0.45	0.0146551	2	4.5	0.001	0.44916857	0.39	1	0.00015335	0.001	0.001	0.02115956	0.26789905	0.0490008	9.99584182	0.1	0.01	0.01	0.01	1e-05	0.01	0.00140765	0.05	0.5	1e-04	100	5e-06	0.001
0.433	0.9	0.1	0.2008545	0.4	80	65.4	9.1	500	3.5	8.61	0.003304	0.000103	0.00153422	2	0.15	0.1	0.00120825	0.2	0.001476	0.45	0.0148045	2	4.5	0.001	0.43686822	0.39	1	0.00015335	0.001	0.001	0.02115956	0.26789905	0.0490008	9.99584182	0.1	0.01	0.01	0.01	1e-05	0.01	0.00140765	0.05	0.5	1e-04	100	5e-06	0.001
0.433	0.9	0.1	0.2008545	0.4	80	65.4	9.1	500	3.5	8.61	0.003304	0.00010303	0.00153109	2	0.15	0.1	0.00121759	0.2	0.00156176	0.45	0.01496259	2	4.5	0.001	0.44004422	0.39	1	0.00015335	0.001	0.001	0.02115956	0.26789905	0.0490008	9.99584182	0.1	0.01	0.01	0.01	1e-05	0.01	0.00140765	0.05	0.5	1e-04	100	5e-06	0.001
0.433	0.9	0.1	0.2008545	0.4	80	65.4	9.1	500	3.5	8.61	0.003304	0.00010307	0.00155706	2	0.15	0.1	0.00119916	0.2	0.00146285	0.45	0.01523693	2	4.5	0.001	0.4288333	0.39	1	0.00015335	0.001	0.001	0.02115956	0.26789905	0.0490008	9.99584182	0.1	0.01	0.01	0.01	1e-05	0.01	0.00140765	0.05	0.5	1e-04	100	5e-06	0.001
0.433	0.9	0.1	0.2008545	0.4	80	65.4	9.1	500	3.5	8.61	0.003304	0.00010301	0.00154012	2	0.15	0.1	0.00120491	0.2	0.00132839	0.45	0.01486669	2	4.5	0.001	0.43434186	0.39	1	0.00015335	0.001	0.001	0.02115956	0.26789905	0.0490008	9.99584182	0.1	0.01	0.01	0.01	1e-05	0.01	0.00140765	0.05	0.5	1e-04	100	5e-06	0.001
0.433	0.9	0.1	0.2008545	0.4	80	65.4	9.1	500	3.5	8.61	0.003304	0.00010301	0.0015515	2	0.15	0.1	0.00119689	0.2	0.00142748	0.45	0.01494831	2	4.5	0.001	0.4307202	0.39	1	0.00015335	0.001	0.001	0.02115956	0.26789905	0.0490008	9.99584182	0.1	0.01	0.01	0.01	1e-05	0.01	0.00140765	0.05	0.5	1e-04	100	5e-06	0.001
0.433	0.9	0.1	0.2008545	0.4	80	65.4	9.1	500	3.5	8.61	0.003304	0.00010306	0.00154031	2	0.15	0.1	0.00120976	0.2	0.00147609	0.45	0.01505706	2	4.5	0.001	0.43837111	0.39	1	0.00015335	0.001	0.001	0.02115956	0.26789905	0.0490008	9.99584182	0.1	0.01	0.01	0.01	1e-05	0.01	0.00140765	0.05	0.5	1e-04	100	5e-06	0.001
0.433	0.9	0.1	0.2008545	0.4	80	65.4	9.1	500	3.5	8.61	0.003304	0.00010317	0.00147955	2	0.15	0.1	0.00124515	0.2	0.00143789	0.45	0.01537223	2	4.5	0.001	0.467203	0.39	1	0.00015335	0.001	0.001	0.02115956	0.26789905	0.0490008	9.99584182	0.1	0.01	0.01	0.01	1e-05	0.01	0.00140765	0.05	0.5	1e-04	100	5e-06	0.001
0.433	0.9	0.1	0.2008545	0.4	80	65.4	9.1	500	3.5	8.61	0.003304	0.0001031	0.00149561	2	0.15	0.1	0.00123354	0.2	0.00140282	0.45	0.01512449	2	4.5	0.001	0.4582118	0.39	1	0.00015335	0.001	0.001	0.02115956	0.26789905	0.0490008	9.99584182	0.1	0.01	0.01	0.01	1e-05	0.01	0.00140765	0.05	0.5	1e-04	100	5e-06	0.001
0.433	0.9	0.1	0.2008545	0.4	80	65.4	9.1	500	3.5	8.61	0.003304	0.0001031	0.00150084	2	0.15	0.1	0.00122913	0.2	0.00136601	0.45	0.01513707	2	4.5	0.001	0.45495503	0.39	1	0.00015335	0.001	0.001	0.02115956	0.26789905	0.0490008	9.99584182	0.1	0.01	0.01	0.01	1e-05	0.01	0.00140765	0.05	0.5	1e-04	100	5e-06	0.001
0.433	0.9	0.1	0.2008545	0.4	80	65.4	9.1	500	3.5	8.61	0.003304	0.00010312	0.00152276	2	0.15	0.1	0.00121993	0.2	0.00139884	0.45	0.01531736	2	4.5	0.001	0.44545743	0.39	1	0.00015335	0.001	0.001	0.02115956	0.26789905	0.0490008	9.99584182	0.1	0.01	0.01	0.01	1e-05	0.01	0.00140765	0.05	0.5	1e-04	100	5e-06	0.001
0.433	0.9	0.1	0.2008545	0.4	80	65.4	9.1	500	3.5	8.61	0.003304	0.00010306	0.00151394	2	0.15	0.1	0.00122132	0.2	0.00144826	0.45	0.0150182	2	4.5	0.001	0.44817924	0.39	1	0.00015335	0.001	0.001	0.02115956	0.26789905	0.0490008	9.99584182	0.1	0.01	0.01	0.01	1e-05	0.01	0.00140765	0.05	0.5	1e-04	100	5e-06	0.001
0.433	0.9	0.1	0.2008545	0.4	80	65.4	9.1	500	3.5	8.61	0.003304	0.00010306	0.00152732	2	0.15	0.1	0.00121457	0.2	0.00143944	0.45	0.01504745	2	4.5	0.001	0.44040649	0.39	1	0.00015335	0.001	0.001	0.02115956	0.26789905	0.0490008	9.99584182	0.1	0.01	0.01	0.01	1e-05	0.01	0.00140765	0.05	0.5	1e-04	100	5e-06	0.001
0.433	0.9	0.1	0.2008545	0.4	80	65.4	9.1	500	3.5	8.61	0.003304	0.00010308	0.00150717	2	0.15	0.1	0.00122856	0.2	0.0014967	0.45	0.01510766	2	4.5	0.001	0.45482386	0.39	1	0.00015335	0.001	0.001	0.02115956	0.26789905	0.0490008	9.99584182	0.1	0.01	0.01	0.01	1e-05	0.01	0.00140765	0.05	0.5	1e-04	100	5e-06	0.001
0.433	0.9	0.1	0.2008545	0.4	80	65.4	9.1	500	3.5	8.61	0.003304	0.00010314	0.00153449	2	0.15	0.1	0.00121144	0.2	0.00143945	0.45	0.01548626	2	4.5	0.001	0.44271943	0.39	1	0.00015335	0.001	0.001	0.02115956	0.26789905	0.0490008	9.99584182	0.1	0.01	0.01	0.01	1e-05	0.01	0.00140765	0.05	0.5	1e-04	100	5e-06	0.001
0.433	0.9	0.1	0.2008545	0.4	80	65.4	9.1	500	3.5	8.61	0.003304	0.00010303	0.00153046	2	0.15	0.1	0.00120949	0.2	0.0014339	0.45	0.01490292	2	4.5	0.001	0.43971903	0.39	1	0.00015335	0.001	0.001	0.02115956	0.26789905	0.0490008	9.99584182	0.1	0.01	0.01	0.01	1e-05	0.01	0.00140765	0.05	0.5	1e-04	100	5e-06	0.001
0.433	0.9	0.1	0.2008545	0.4	80	65.4	9.1	500	3.5	8.61	0.003304	0.00010299	0.00150987	2	0.15	0.1	0.00122173	0.2	0.00144305	0.45	0.0146551	2	4.5	0.001	0.44916857	0.39	1	0.00015335	0.001	0.001	0.02115956	0.26789905	0.0490008	9.99584182	0.1	0.01	0.01	0.01	1e-05	0.01	0.00140765	0.05	0.5	1e-04	100	5e-06	0.001
0.433	0.9	0.1	0.2008545	0.4	80	65.4	9.1	500	3.5	8.61	0.003304	0.000103	0.00153422	2	0.15	0.1	0.00120825	0.2	0.001476	0.45	0.0148045	2	4.5	0.001	0.43686822	0.39	1	0.00015335	0.001	0.001	0.02115956	0.26789905	0.0490008	9.99584182	0.1	0.01	0.01	0.01	1e-05	0.01	0.00140765	0.05	0.5	1e-04	100	5e-06	0.001
0.433	0.9	0.1	0.2008545	0.4	80	65.4	9.1	500	3.5	8.61	0.003304	0.00010304	0.00153276	2	0.15	0.1	0.00121175	0.2	0.00142123	0.45	0.01500161	2	4.5	0.001	0.44020289	0.39	1	0.00015335	0.001	0.001	0.02115956	0.26789905	0.0490008	9.99584182	0.1	0.01	0.01	0.01	1e-05	0.01	0.00140765	0.05	0.5	1e-04	100	5e-06	0.001
0.433	0.9	0.1	0.2008545	0.4	80	65.4	9.1	500	3.5	8.61	0.003304	0.00010303	0.00153109	2	0.15	0.1	0.00121759	0.2	0.00156176	0.45	0.01496259	2	4.5	0.001	0.44004422	0.39	1	0.00015335	0.001	0.001	0.02115956	0.26789905	0.0490008	9.99584182	0.1	0.01	0.01	0.01	1e-05	0.01	0.00140765	0.05	0.5	1e-04	100	5e-06	0.001
0.433	0.9	0.1	0.2008545	0.4	80	65.4	9.1	500	3.5	8.61	0.003304	0.00010307	0.00155706	2	0.15	0.1	0.00119916	0.2	0.00146285	0.45	0.01523693	2	4.5	0.001	0.4288333	0.39	1	0.00015335	0.001	0.001	0.02115956	0.26789905	0.0490008	9.99584182	0.1	0.01	0.01	0.01	1e-05	0.01	0.00140765	0.05	0.5	1e-04	100	5e-06	0.001
0.433	0.9	0.1	0.2008545	0.4	80	65.4	9.1	500	3.5	8.61	0.003304	0.00010301	0.00152796	2	0.15	0.1	0.00121379	0.2	0.00144579	0.45	0.01476818	2	4.5	0.001	0.44059179	0.39	1	0.00015335	0.001	0.001	0.02115956	0.26789905	0.0490008	9.99584182	0.1	0.01	0.01	0.01	1e-05	0.01	0.00140765	0.05	0.5	1e-04	100	5e-06	0.001
0.433	0.9	0.1	0.2008545	0.4	80	65.4	9.1	500	3.5	8.61	0.003304	0.00010301	0.00154012	2	0.15	0.1	0.00120491	0.2	0.00132839	0.45	0.01486669	2	4.5	0.001	0.43434186	0.39	1	0.00015335	0.001	0.001	0.02115956	0.26789905	0.0490008	9.99584182	0.1	0.01	0.01	0.01	1e-05	0.01	0.00140765	0.05	0.5	1e-04	100	5e-06	0.001
0.433	0.9	0.1	0.2008545	0.4	80	65.4	9.1	500	3.5	8.61	0.003304	0.00010302	0.00153494	2	0.15	0.1	0.00121055	0.2	0.00143622	0.45	0.01490358	2	4.5	0.001	0.43910512	0.39	1	0.00015335	0.001	0.001	0.02115956	0.26789905	0.0490008	9.99584182	0.1	0.01	0.01	0.01	1e-05	0.01	0.00140765	0.05	0.5	1e-04	100	5e-06	0.001
0.433	0.9	0.1	0.2008545	0.4	80	65.4	9.1	500	3.5	8.61	0.003304	0.00010302	0.0015346	2	0.15	0.1	0.00121127	0.2	0.00146352	0.45	0.01486478	2	4.5	0.001	0.43891022	0.39	1	0.00015335	0.001	0.001	0.02115956	0.26789905	0.0490008	9.99584182	0.1	0.01	0.01	0.01	1e-05	0.01	0.00140765	0.05	0.5	1e-04	100	5e-06	0.001
0.433	0.9	0.1	0.2008545	0.4	80	65.4	9.1	500	3.5	8.61	0.003304	0.00010301	0.0015515	2	0.15	0.1	0.00119689	0.2	0.00142748	0.45	0.01494831	2	4.5	0.001	0.4307202	0.39	1	0.00015335	0.001	0.001	0.02115956	0.26789905	0.0490008	9.99584182	0.1	0.01	0.01	0.01	1e-05	0.01	0.00140765	0.05	0.5	1e-04	100	5e-06	0.001
0.433	0.9	0.1	0.2008545	0.4	80	65.4	9.1	500	3.5	8.61	0.003304	0.00010306	0.00154031	2	0.15	0.1	0.00120976	0.2	0.00147609	0.45	0.01505706	2	4.5	0.001	0.43837111	0.39	1	0.00015335	0.001	0.001	0.02115956	0.26789905	0.0490008	9.99584182	0.1	0.01	0.01	0.01	1e-05	0.01	0.00140765	0.05	0.5	1e-04	100	5e-06	0.001
0.433	0.9	0.1	0.2008545	0.4	80	65.4	9.1	500	3.5	8.61	0.003304	0.00010317	0.00147955	2	0.15	0.1	0.00124515	0.2	0.00143789	0.45	0.01537223	2	4.5	0.001	0.467203	0.39	1	0.00015335	0.001	0.001	0.02115956	0.26789905	0.0490008	9.99584182	0.1	0.01	0.01	0.01	1e-05	0.01	0.00140765	0.05	0.5	1e-04	100	5e-06	0.001
0.433	0.9	0.1	0.2008545	0.4	80	65.4	9.1	500	3.5	8.61	0.003304	0.00010317	0.00148444	2	0.15	0.1	0.00124309	0.2	0.00141417	0.45	0.01544133	2	4.5	0.001	0.46548836	0.39	1	0.00015335	0.001	0.001	0.02115956	0.26789905	0.0490008	9.99584182	0.1	0.01	0.01	0.01	1e-05	0.01	0.00140765	0.05	0.5	1e-04	100	5e-06	0.001
0.433	0.9	0.1	0.2008545	0.4	80	65.4	9.1	500	3.5	8.61	0.003304	0.00010313	0.00149268	2	0.15	0.1	0.00123594	0.2	0.00144551	0.45	0.01524755	2	4.5	0.001	0.45999593	0.39	1	0.00015335	0.001	0.001	0.02115956	0.26789905	0.0490008	9.99584182	0.1	0.01	0.01	0.01	1e-05	0.01	0.00140765	0.05	0.5	1e-04	100	5e-06	0.001
0.433	0.9	0.1	0.2008545	0.4	80	65.4	9.1	500	3.5	8.61	0.003304	0.00010314	0.00150128	2	0.15	0.1	0.0012309	0.2	0.00142489	0.45	0.01531593	2	4.5	0.001	0.45571687	0.39	1	0.00015335	0.001	0.001	0.02115956	0.26789905	0.0490008	9.99584182	0.1	0.01	0.01	0.01	1e-05	0.01	0.00140765	0.05	0.5	1e-04	100	5e-06	0.001
0.433	0.9	0.1	0.2008545	0.4	80	65.4	9.1	500	3.5	8.61	0.003304	0.00010309	0.00148893	2	0.15	0.1	0.00123625	0.2	0.00137052	0.45	0.01505406	2	4.5	0.001	0.46085062	0.39	1	0.00015335	0.001	0.001	0.02115956	0.26789905	0.0490008	9.99584182	0.1	0.01	0.01	0.01	1e-05	0.01	0.00140765	0.05	0.5	1e-04	100	5e-06	0.001
0.433	0.9	0.1	0.2008545	0.4	80	65.4	9.1	500	3.5	8.61	0.003304	0.00010311	0.00150132	2	0.15	0.1	0.00122824	0.2	0.00138055	0.45	0.01520643	2	4.5	0.001	0.45510876	0.39	1	0.00015335	0.001	0.001	0.02115956	0.26789905	0.0490008	9.99584182	0.1	0.01	0.01	0.01	1e-05	0.01	0.00140765	0.05	0.5	1e-04	100	5e-06	0.001
0.433	0.9	0.1	0.2008545	0.4	80	65.4	9.1	500	3.5	8.61	0.003304	0.0001031	0.00149561	2	0.15	0.1	0.00123354	0.2	0.00140282	0.45	0.01512449	2	4.5	0.001	0.4582118	0.39	1	0.00015335	0.001	0.001	0.02115956	0.26789905	0.0490008	9.99584182	0.1	0.01	0.01	0.01	1e-05	0.01	0.00140765	0.05	0.5	1e-04	100	5e-06	0.001
0.433	0.9	0.1	0.2008545	0.4	80	65.4	9.1	500	3.5	8.61	0.003304	0.0001031	0.00150084	2	0.15	0.1	0.00122913	0.2	0.00136601	0.45	0.01513707	2	4.5	0.001	0.45495503	0.39	1	0.00015335	0.001	0.001	0.02115956	0.26789905	0.0490008	9.99584182	0.1	0.01	0.01	0.01	1e-05	0.01	0.00140765	0.05	0.5	1e-04	100	5e-06	0.001
0.433	0.9	0.1	0.2008545	0.4	80	65.4	9.1	500	3.5	8.61	0.003304	0.00010309	0.00151799	2	0.15	0.1	0.00121973	0.2	0.00142555	0.45	0.01513291	2	4.5	0.001	0.44646662	0.39	1	0.00015335	0.001	0.001	0.02115956	0.26789905	0.0490008	9.99584182	0.1	0.01	0.01	0.01	1e-05	0.01	0.00140765	0.05	0.5	1e-04	100	5e-06	0.001
0.433	0.9	0.1	0.2008545	0.4	80	65.4	9.1	500	3.5	8.61	0.003304	0.00010308	0.00151962	2	0.15	0.1	0.00121903	0.2	0.00146856	0.45	0.01515722	2	4.5	0.001	0.44602844	0.39	1	0.00015335	0.001	0.001	0.02115956	0.26789905	0.0490008	9.99584182	0.1	0.01	0.01	0.01	1e-05	0.01	0.00140765	0.05	0.5	1e-04	100	5e-06	0.001
0.433	0.9	0.1	0.2008545	0.4	80	65.4	9.1	500	3.5	8.61	0.003304	0.00010312	0.00152276	2	0.15	0.1	0.00121993	0.2	0.00139884	0.45	0.01531736	2	4.5	0.001	0.44545743	0.39	1	0.00015335	0.001	0.001	0.02115956	0.26789905	0.0490008	9.99584182	0.1	0.01	0.01	0.01	1e-05	0.01	0.00140765	0.05	0.5	1e-04	100	5e-06	0.001
0.433	0.9	0.1	0.2008545	0.4	80	65.4	9.1	500	3.5	8.61	0.003304	0.00010306	0.00151394	2	0.15	0.1	0.00122132	0.2	0.00144826	0.45	0.0150182	2	4.5	0.001	0.44817924	0.39	1	0.00015335	0.001	0.001	0.02115956	0.26789905	0.0490008	9.99584182	0.1	0.01	0.01	0.01	1e-05	0.01	0.00140765	0.05	0.5	1e-04	100	5e-06	0.001
0.433	0.9	0.1	0.2008545	0.4	80	65.4	9.1	500	3.5	8.61	0.003304	0.00010309	0.00151437	2	0.15	0.1	0.00122262	0.2	0.00142697	0.45	0.01512776	2	4.5	0.001	0.44946441	0.39	1	0.00015335	0.001	0.001	0.02115956	0.26789905	0.0490008	9.99584182	0.1	0.01	0.01	0.01	1e-05	0.01	0.00140765	0.05	0.5	1e-04	100	5e-06	0.001
0.433	0.9	0.1	0.2008545	0.4	80	65.4	9.1	500	3.5	8.61	0.003304	0.00010308	0.001513	2	0.15	0.1	0.00122341	0.2	0.00143749	0.45	0.01508645	2	4.5	0.001	0.44979192	0.39	1	0.00015335	0.001	0.001	0.02115956	0.26789905	0.0490008	9.99584182	0.1	0.01	0.01	0.01	1e-05	0.01	0.00140765	0.05	0.5	1e-04	100	5e-06	0.001
0.433	0.9	0.1	0.2008545	0.4	80	65.4	9.1	500	3.5	8.61	0.003304	0.00010307	0.00151389	2	0.15	0.1	0.0012238	0.2	0.00147129	0.45	0.01508022	2	4.5	0.001	0.44896588	0.39	1	0.00015335	0.001	0.001	0.02115956	0.26789905	0.0490008	9.99584182	0.1	0.01	0.01	0.01	1e-05	0.01	0.00140765	0.05	0.5	1e-04	100	5e-06	0.001
0.433	0.9	0.1	0.2008545	0.4	80	65.4	9.1	500	3.5	8.61	0.003304	0.00010308	0.00151674	2	0.15	0.1	0.0012208	0.2	0.00144308	0.45	0.01511498	2	4.5	0.001	0.44807558	0.39	1	0.00015335	0.001	0.001	0.02115956	0.26789905	0.0490008	9.99584182	0.1	0.01	0.01	0.01	1e-05	0.01	0.00140765	0.05	0.5	1e-04	100	5e-06	0.001
0.433	0.9	0.1	0.2008545	0.4	80	65.4	9.1	500	3.5	8.61	0.003304	0.00010305	0.00150944	2	0.15	0.1	0.00122365	0.2	0.00142433	0.45	0.0149136	2	4.5	0.001	0.45030072	0.39	1	0.00015335	0.001	0.001	0.02115956	0.26789905	0.0490008	9.99584182	0.1	0.01	0.01	0.01	1e-05	0.01	0.00140765	0.05	0.5	1e-04	100	5e-06	0.001
0.433	0.9	0.1	0.2008545	0.4	80	65.4	9.1	500	3.5	8.61	0.003304	0.00010306	0.00152732	2	0.15	0.1	0.00121457	0.2	0.00143944	0.45	0.01504745	2	4.5	0.001	0.44040649	0.39	1	0.00015335	0.001	0.001	0.02115956	0.26789905	0.0490008	9.99584182	0.1	0.01	0.01	0.01	1e-05	0.01	0.00140765	0.05	0.5	1e-04	100	5e-06	0.001
0.433	0.9	0.1	0.2008545	0.4	80	65.4	9.1	500	3.5	8.61	0.003304	0.00010308	0.00150717	2	0.15	0.1	0.00122856	0.2	0.0014967	0.45	0.01510766	2	4.5	0.001	0.45482386	0.39	1	0.00015335	0.001	0.001	0.02115956	0.26789905	0.0490008	9.99584182	0.1	0.01	0.01	0.01	1e-05	0.01	0.00140765	0.05	0.5	1e-04	100	5e-06	0.001
0.433	0.9	0.1	0.2008545	0.4	80	65.4	9.1	500	3.5	8.61	0.003304	0.00010314	0.00153449	2	0.15	0.1	0.00121144	0.2	0.00143945	0.45	0.01548626	2	4.5	0.001	0.44271943	0.39	1	0.00015335	0.001	0.001	0.02115956	0.26789905	0.0490008	9.99584182	0.1	0.01	0.01	0.01	1e-05	0.01	0.00140765	0.05	0.5	1e-04	100	5e-06	0.001
0.433	0.9	0.1	0.2008545	0.4	80	65.4	9.1	500	3.5	8.61	0.003304	0.00010306	0.00151993	2	0.15	0.1	0.00121958	0.2	0.00144971	0.45	0.01503876	2	4.5	0.001	0.44626917	0.39	1	0.00015335	0.001	0.001	0.02115956	0.26789905	0.0490008	9.99584182	0.1	0.01	0.01	0.01	1e-05	0.01	0.00140765	0.05	0.5	1e-04	100	5e-06	0.001
0.433	0.9	0.1	0.2008545	0.4	80	65.4	9.1	500	3.5	8.61	0.003304	0.00010306	0.00152179	2	0.15	0.1	0.00121832	0.2	0.00143323	0.45	0.01500595	2	4.5	0.001	0.44499692	0.39	1	0.00015335	0.001	0.001	0.02115956	0.26789905	0.0490008	9.99584182	0.1	0.01	0.01	0.01	1e-05	0.01	0.00140765	0.05	0.5	1e-04	100	5e-06	0.001
0.433	0.9	0.1	0.2008545	0.4	80	65.4	9.1	500	3.5	8.61	0.003304	0.00010304	0.0015338	2	0.15	0.1	0.00121088	0.2	0.00142177	0.45	0.01498911	2	4.5	0.001	0.43962889	0.39	1	0.00015335	0.001	0.001	0.02115956	0.26789905	0.0490008	9.99584182	0.1	0.01	0.01	0.01	1e-05	0.01	0.00140765	0.05	0.5	1e-04	100	5e-06	0.001
0.433	0.9	0.1	0.2008545	0.4	80	65.4	9.1	500	3.5	8.61	0.003304	0.00010317	0.00147955	2	0.15	0.1	0.00124515	0.2	0.00143789	0.45	0.01537223	2	4.5	0.001	0.467203	0.39	1	0.00015335	0.001	0.001	0.02115956	0.26789905	0.0490008	9.99584182	0.1	0.01	0.01	0.01	1e-05	0.01	0.00140765	0.05	0.5	1e-04	100	5e-06	0.001
0.433	0.9	0.1	0.2008545	0.4	80	65.4	9.1	500	3.5	8.61	0.003304	0.00010314	0.00147839	2	0.15	0.1	0.00124437	0.2	0.00140972	0.45	0.01523968	2	4.5	0.001	0.46673193	0.39	1	0.00015335	0.001	0.001	0.02115956	0.26789905	0.0490008	9.99584182	0.1	0.01	0.01	0.01	1e-05	0.01	0.00140765	0.05	0.5	1e-04	100	5e-06	0.001
0.433	0.9	0.1	0.2008545	0.4	80	65.4	9.1	500	3.5	8.61	0.003304	0.00010317	0.00148444	2	0.15	0.1	0.00124309	0.2	0.00141417	0.45	0.01544133	2	4.5	0.001	0.46548836	0.39	1	0.00015335	0.001	0.001	0.02115956	0.26789905	0.0490008	9.99584182	0.1	0.01	0.01	0.01	1e-05	0.01	0.00140765	0.05	0.5	1e-04	100	5e-06	0.001
0.433	0.9	0.1	0.2008545	0.4	80	65.4	9.1	500	3.5	8.61	0.003304	0.00010317	0.0014825	2	0.15	0.1	0.00124317	0.2	0.00141816	0.45	0.01544021	2	4.5	0.001	0.46828989	0.39	1	0.00015335	0.001	0.001	0.02115956	0.26789905	0.0490008	9.99584182	0.1	0.01	0.01	0.01	1e-05	0.01	0.00140765	0.05	0.5	1e-04	100	5e-06	0.001
0.433	0.9	0.1	0.2008545	0.4	80	65.4	9.1	500	3.5	8.61	0.003304	0.00010313	0.00149268	2	0.15	0.1	0.00123594	0.2	0.00144551	0.45	0.01524755	2	4.5	0.001	0.45999593	0.39	1	0.00015335	0.001	0.001	0.02115956	0.26789905	0.0490008	9.99584182	0.1	0.01	0.01	0.01	1e-05	0.01	0.00140765	0.05	0.5	1e-04	100	5e-06	0.001
0.433	0.9	0.1	0.2008545	0.4	80	65.4	9.1	500	3.5	8.61	0.003304	0.00010314	0.00149498	2	0.15	0.1	0.00123531	0.2	0.00143713	0.45	0.01532173	2	4.5	0.001	0.45941858	0.39	1	0.00015335	0.001	0.001	0.02115956	0.26789905	0.0490008	9.99584182	0.1	0.01	0.01	0.01	1e-05	0.01	0.00140765	0.05	0.5	1e-04	100	5e-06	0.001
0.433	0.9	0.1	0.2008545	0.4	80	65.4	9.1	500	3.5	8.61	0.003304	0.00010314	0.00150128	2	0.15	0.1	0.0012309	0.2	0.00142489	0.45	0.01531593	2	4.5	0.001	0.45571687	0.39	1	0.00015335	0.001	0.001	0.02115956	0.26789905	0.0490008	9.99584182	0.1	0.01	0.01	0.01	1e-05	0.01	0.00140765	0.05	0.5	1e-04	100	5e-06	0.001
0.433	0.9	0.1	0.2008545	0.4	80	65.4	9.1	500	3.5	8.61	0.003304	0.00010312	0.00149267	2	0.15	0.1	0.00123603	0.2	0.00143218	0.45	0.01518809	2	4.5	0.001	0.46027995	0.39	1	0.00015335	0.001	0.001	0.02115956	0.26789905	0.0490008	9.99584182	0.1	0.01	0.01	0.01	1e-05	0.01	0.00140765	0.05	0.5	1e-04	100	5e-06	0.001
0.433	0.9	0.1	0.2008545	0.4	80	65.4	9.1	500	3.5	8.61	0.003304	0.00010309	0.00148893	2	0.15	0.1	0.00123625	0.2	0.00137052	0.45	0.01505406	2	4.5	0.001	0.46085062	0.39	1	0.00015335	0.001	0.001	0.02115956	0.26789905	0.0490008	9.99584182	0.1	0.01	0.01	0.01	1e-05	0.01	0.00140765	0.05	0.5	1e-04	100	5e-06	0.001
0.433	0.9	0.1	0.2008545	0.4	80	65.4	9.1	500	3.5	8.61	0.003304	0.00010312	0.00150056	2	0.15	0.1	0.00123139	0.2	0.00142542	0.45	0.01522878	2	4.5	0.001	0.45628111	0.39	1	0.00015335	0.001	0.001	0.02115956	0.26789905	0.0490008	9.99584182	0.1	0.01	0.01	0.01	1e-05	0.01	0.00140765	0.05	0.5	1e-04	100	5e-06	0.001
0.433	0.9	0.1	0.2008545	0.4	80	65.4	9.1	500	3.5	8.61	0.003304	0.0001031	0.00149561	2	0.15	0.1	0.00123354	0.2	0.00140282	0.45	0.01512449	2	4.5	0.001	0.4582118	0.39	1	0.00015335	0.001	0.001	0.02115956	0.26789905	0.0490008	9.99584182	0.1	0.01	0.01	0.01	1e-05	0.01	0.00140765	0.05	0.5	1e-04	100	5e-06	0.001
0.433	0.9	0.1	0.2008545	0.4	80	65.4	9.1	500	3.5	8.61	0.003304	0.00010308	0.00150584	2	0.15	0.1	0.00122693	0.2	0.00141854	0.45	0.0150514	2	4.5	0.001	0.45264843	0.39	1	0.00015335	0.001	0.001	0.02115956	0.26789905	0.0490008	9.99584182	0.1	0.01	0.01	0.01	1e-05	0.01	0.00140765	0.05	0.5	1e-04	100	5e-06	0.001
0.433	0.9	0.1	0.2008545	0.4	80	65.4	9.1	500	3.5	8.61	0.003304	0.00010312	0.00152276	2	0.15	0.1	0.00121993	0.2	0.00139884	0.45	0.01531736	2	4.5	0.001	0.44545743	0.39	1	0.00015335	0.001	0.001	0.02115956	0.26789905	0.0490008	9.99584182	0.1	0.01	0.01	0.01	1e-05	0.01	0.00140765	0.05	0.5	1e-04	100	5e-06	0.001
0.433	0.9	0.1	0.2008545	0.4	80	65.4	9.1	500	3.5	8.61	0.003304	0.00010308	0.00151674	2	0.15	0.1	0.0012208	0.2	0.00144308	0.45	0.01511498	2	4.5	0.001	0.44807558	0.39	1	0.00015335	0.001	0.001	0.02115956	0.26789905	0.0490008	9.99584182	0.1	0.01	0.01	0.01	1e-05	0.01	0.00140765	0.05	0.5	1e-04	100	5e-06	0.001
0.433	0.9	0.1	0.2008545	0.4	80	65.4	9.1	500	3.5	8.61	0.003304	0.00010306	0.00151993	2	0.15	0.1	0.00121958	0.2	0.00144971	0.45	0.01503876	2	4.5	0.001	0.44626917	0.39	1	0.00015335	0.001	0.001	0.02115956	0.26789905	0.0490008	9.99584182	0.1	0.01	0.01	0.01	1e-05	0.01	0.00140765	0.05	0.5	1e-04	100	5e-06	0.001
0.433	0.9	0.1	0.2008545	0.4	80	65.4	9.1	500	3.5	8.61	0.003304	0.00010304	0.00153072	2	0.15	0.1	0.00121425	0.2	0.00143687	0.45	0.0149379	2	4.5	0.001	0.44155528	0.39	1	0.00015335	0.001	0.001	0.02115956	0.26789905	0.0490008	9.99584182	0.1	0.01	0.01	0.01	1e-05	0.01	0.00140765	0.05	0.5	1e-04	100	5e-06	0.001
0.433	0.9	0.1	0.2008545	0.4	80	65.4	9.1	500	3.5	8.61	0.003304	0.00010317	0.00147521	2	0.15	0.1	0.00124757	0.2	0.00141963	0.45	0.01539797	2	4.5	0.001	0.47090109	0.39	1	0.00015335	0.001	0.001	0.02115956	0.26789905	0.0490008	9.99584182	0.1	0.01	0.01	0.01	1e-05	0.01	0.00140765	0.05	0.5	1e-04	100	5e-06	0.001
0.433	0.9	0.1	0.2008545	0.4	80	65.4	9.1	500	3.5	8.61	0.003304	0.00010317	0.00147955	2	0.15	0.1	0.00124515	0.2	0.00143789	0.45	0.01537223	2	4.5	0.001	0.467203	0.39	1	0.00015335	0.001	0.001	0.02115956	0.26789905	0.0490008	9.99584182	0.1	0.01	0.01	0.01	1e-05	0.01	0.00140765	0.05	0.5	1e-04	100	5e-06	0.001
0.433	0.9	0.1	0.2008545	0.4	80	65.4	9.1	500	3.5	8.61	0.003304	0.00010318	0.00148096	2	0.15	0.1	0.00124571	0.2	0.00143897	0.45	0.01544839	2	4.5	0.001	0.46743196	0.39	1	0.00015335	0.001	0.001	0.02115956	0.26789905	0.0490008	9.99584182	0.1	0.01	0.01	0.01	1e-05	0.01	0.00140765	0.05	0.5	1e-04	100	5e-06	0.001
0.433	0.9	0.1	0.2008545	0.4	80	65.4	9.1	500	3.5	8.61	0.003304	0.00010314	0.00147839	2	0.15	0.1	0.00124437	0.2	0.00140972	0.45	0.01523968	2	4.5	0.001	0.46673193	0.39	1	0.00015335	0.001	0.001	0.02115956	0.26789905	0.0490008	9.99584182	0.1	0.01	0.01	0.01	1e-05	0.01	0.00140765	0.05	0.5	1e-04	100	5e-06	0.001
0.433	0.9	0.1	0.2008545	0.4	80	65.4	9.1	500	3.5	8.61	0.003304	0.00010313	0.0014848	2	0.15	0.1	0.00124058	0.2	0.0014073	0.45	0.01523785	2	4.5	0.001	0.46399868	0.39	1	0.00015335	0.001	0.001	0.02115956	0.26789905	0.0490008	9.99584182	0.1	0.01	0.01	0.01	1e-05	0.01	0.00140765	0.05	0.5	1e-04	100	5e-06	0.001
0.433	0.9	0.1	0.2008545	0.4	80	65.4	9.1	500	3.5	8.61	0.003304	0.00010314	0.00149498	2	0.15	0.1	0.00123531	0.2	0.00143713	0.45	0.01532173	2	4.5	0.001	0.45941858	0.39	1	0.00015335	0.001	0.001	0.02115956	0.26789905	0.0490008	9.99584182	0.1	0.01	0.01	0.01	1e-05	0.01	0.00140765	0.05	0.5	1e-04	100	5e-06	0.001
0.433	0.9	0.1	0.2008545	0.4	80	65.4	9.1	500	3.5	8.61	0.003304	0.00010312	0.00149777	2	0.15	0.1	0.00123448	0.2	0.00144812	0.45	0.01526395	2	4.5	0.001	0.45846428	0.39	1	0.00015335	0.001	0.001	0.02115956	0.26789905	0.0490008	9.99584182	0.1	0.01	0.01	0.01	1e-05	0.01	0.00140765	0.05	0.5	1e-04	100	5e-06	0.001
0.433	0.9	0.1	0.2008545	0.4	80	65.4	9.1	500	3.5	8.61	0.003304	0.0001031	0.00149561	2	0.15	0.1	0.00123354	0.2	0.00140282	0.45	0.01512449	2	4.5	0.001	0.4582118	0.39	1	0.00015335	0.001	0.001	0.02115956	0.26789905	0.0490008	9.99584182	0.1	0.01	0.01	0.01	1e-05	0.01	0.00140765	0.05	0.5	1e-04	100	5e-06	0.001
0.433	0.9	0.1	0.2008545	0.4	80	65.4	9.1	500	3.5	8.61	0.003304	0.00010308	0.00151674	2	0.15	0.1	0.0012208	0.2	0.00144308	0.45	0.01511498	2	4.5	0.001	0.44807558	0.39	1	0.00015335	0.001	0.001	0.02115956	0.26789905	0.0490008	9.99584182	0.1	0.01	0.01	0.01	1e-05	0.01	0.00140765	0.05	0.5	1e-04	100	5e-06	0.001
0.433	0.9	0.1	0.2008545	0.4	80	65.4	9.1	500	3.5	8.61	0.003304	0.0001031	0.00149561	2	0.15	0.1	0.00123354	0.2	0.00140282	0.45	0.01512449	2	4.5	0.001	0.4582118	0.39	1	0.00015335	0.001	0.001	0.02115956	0.26789905	0.0490008	9.99584182	0.1	0.01	0.01	0.01	1e-05	0.01	0.00140765	0.05	0.5	1e-04	100	5e-06	0.001
0.433	0.9	0.1	0.2008545	0.4	80	65.4	9.1	500	3.5	8.61	0.003304	0.00010308	0.00151674	2	0.15	0.1	0.0012208	0.2	0.00144308	0.45	0.01511498	2	4.5	0.001	0.44807558	0.39	1	0.00015335	0.001	0.001	0.02115956	0.26789905	0.0490008	9.99584182	0.1	0.01	0.01	0.01	1e-05	0.01	0.00140765	0.05	0.5	1e-04	100	5e-06	0.001
0.433	0.9	0.1	0.2008545	0.4	80	65.4	9.1	500	3.5	8.61	0.003304	0.0001031	0.00149561	2	0.15	0.1	0.00123354	0.2	0.00140282	0.45	0.01512449	2	4.5	0.001	0.4582118	0.39	1	0.00015335	0.001	0.001	0.02115956	0.26789905	0.0490008	9.99584182	0.1	0.01	0.01	0.01	1e-05	0.01	0.00140765	0.05	0.5	1e-04	100	5e-06	0.001
0.433	0.9	0.1	0.2008545	0.4	80	65.4	9.1	500	3.5	8.61	0.003304	0.00010308	0.00134886	2	0.15	0.1	0.00136143	0.2	0.00155056	0.45	0.01563372	2	4.5	0.001	0.58997233	0.39	1	0.00015335	0.001	0.001	0.02115956	0.26789905	0.0490008	9.99584182	0.1	0.01	0.01	0.01	1e-05	0.01	0.00140765	0.05	0.5	1e-04	100	5e-06	0.001
0.433	0.9	0.1	0.2008545	0.4	80	65.4	9.1	500	3.5	8.61	0.003304	0.00010308	0.00134886	2	0.15	0.1	0.00136143	0.2	0.00155056	0.45	0.01563372	2	4.5	0.001	0.58997233	0.39	1	0.00015335	0.001	0.001	0.02115956	0.26789905	0.0490008	9.99584182	0.1	0.01	0.01	0.01	1e-05	0.01	0.00140765	0.05	0.5	1e-04	100	5e-06	0.001
0.433	0.9	0.1	0.2008545	0.4	80	65.4	9.1	500	3.5	8.61	0.003304	0.00010827	0.00142031	2	0.15	0.1	0.00140679	0.2	0.00175687	0.45	0.014718	2	4.5	0.001	0.55361035	0.39	1	0.00015335	0.001	0.001	0.02115956	0.26789905	0.0490008	9.99584182	0.1	0.01	0.01	0.01	1e-05	0.01	0.00140765	0.05	0.5	1e-04	100	5e-06	0.001
0.433	0.9	0.1	0.2008545	0.4	80	65.4	9.1	500	3.5	8.61	0.003304	0.00010845	0.00139305	2	0.15	0.1	0.00139775	0.2	0.00164189	0.45	0.01304256	2	4.5	0.001	0.56087838	0.39	1	0.00015335	0.001	0.001	0.02115956	0.26789905	0.0490008	9.99584182	0.1	0.01	0.01	0.01	1e-05	0.01	0.00140765	0.05	0.5	1e-04	100	5e-06	0.001
0.433	0.9	0.1	0.2008545	0.4	80	65.4	9.1	500	3.5	8.61	0.003304	0.00010718	0.00136536	2	0.15	0.1	0.00140852	0.2	0.00177313	0.45	0.01315214	2	4.5	0.001	0.57588948	0.39	1	0.00015335	0.001	0.001	0.02115956	0.26789905	0.0490008	9.99584182	0.1	0.01	0.01	0.01	1e-05	0.01	0.00140765	0.05	0.5	1e-04	100	5e-06	0.001
0.433	0.9	0.1	0.2008545	0.4	80	65.4	9.1	500	3.5	8.61	0.003304	0.00010668	0.00138198	2	0.15	0.1	0.00138993	0.2	0.00169737	0.45	0.0133414	2	4.5	0.001	0.55400773	0.39	1	0.00015335	0.001	0.001	0.02115956	0.26789905	0.0490008	9.99584182	0.1	0.01	0.01	0.01	1e-05	0.01	0.00140765	0.05	0.5	1e-04	100	5e-06	0.001
0.433	0.9	0.1	0.2008545	0.4	80	65.4	9.1	500	3.5	8.61	0.003304	0.00010827	0.00142031	2	0.15	0.1	0.00140679	0.2	0.00175687	0.45	0.014718	2	4.5	0.001	0.55361035	0.39	1	0.00015335	0.001	0.001	0.02115956	0.26789905	0.0490008	9.99584182	0.1	0.01	0.01	0.01	1e-05	0.01	0.00140765	0.05	0.5	1e-04	100	5e-06	0.001
0.433	0.9	0.1	0.2008545	0.4	80	65.4	9.1	500	3.5	8.61	0.003304	0.00010845	0.00139305	2	0.15	0.1	0.00139775	0.2	0.00164189	0.45	0.01304256	2	4.5	0.001	0.56087838	0.39	1	0.00015335	0.001	0.001	0.02115956	0.26789905	0.0490008	9.99584182	0.1	0.01	0.01	0.01	1e-05	0.01	0.00140765	0.05	0.5	1e-04	100	5e-06	0.001
0.433	0.9	0.1	0.2008545	0.4	80	65.4	9.1	500	3.5	8.61	0.003304	0.00010718	0.00136536	2	0.15	0.1	0.00140852	0.2	0.00177313	0.45	0.01315214	2	4.5	0.001	0.57588948	0.39	1	0.00015335	0.001	0.001	0.02115956	0.26789905	0.0490008	9.99584182	0.1	0.01	0.01	0.01	1e-05	0.01	0.00140765	0.05	0.5	1e-04	100	5e-06	0.001
0.433	0.9	0.1	0.2008545	0.4	80	65.4	9.1	500	3.5	8.61	0.003304	0.00010828	0.00141582	2	0.15	0.1	0.00135167	0.2	0.00139181	0.45	0.01365057	2	4.5	0.001	0.56091098	0.39	1	0.00015335	0.001	0.001	0.02115956	0.26789905	0.0490008	9.99584182	0.1	0.01	0.01	0.01	1e-05	0.01	0.00140765	0.05	0.5	1e-04	100	5e-06	0.001
0.433	0.9	0.1	0.2008545	0.4	80	65.4	9.1	500	3.5	8.61	0.003304	0.00010829	0.00142008	2	0.15	0.1	0.00138684	0.2	0.00164848	0.45	0.01403277	2	4.5	0.001	0.56234279	0.39	1	0.00015335	0.001	0.001	0.02115956	0.26789905	0.0490008	9.99584182	0.1	0.01	0.01	0.01	1e-05	0.01	0.00140765	0.05	0.5	1e-04	100	5e-06	0.001
0.433	0.9	0.1	0.2008545	0.4	80	65.4	9.1	500	3.5	8.61	0.003304	0.00010832	0.00141111	2	0.15	0.1	0.00137287	0.2	0.0016442	0.45	0.01333674	2	4.5	0.001	0.56336228	0.39	1	0.00015335	0.001	0.001	0.02115956	0.26789905	0.0490008	9.99584182	0.1	0.01	0.01	0.01	1e-05	0.01	0.00140765	0.05	0.5	1e-04	100	5e-06	0.001
0.433	0.9	0.1	0.2008545	0.4	80	65.4	9.1	500	3.5	8.61	0.003304	0.00010668	0.00138198	2	0.15	0.1	0.00138993	0.2	0.00169737	0.45	0.0133414	2	4.5	0.001	0.55400773	0.39	1	0.00015335	0.001	0.001	0.02115956	0.26789905	0.0490008	9.99584182	0.1	0.01	0.01	0.01	1e-05	0.01	0.00140765	0.05	0.5	1e-04	100	5e-06	0.001
0.433	0.9	0.1	0.2008545	0.4	80	65.4	9.1	500	3.5	8.61	0.003304	0.00010827	0.00142031	2	0.15	0.1	0.00140679	0.2	0.00175687	0.45	0.014718	2	4.5	0.001	0.55361035	0.39	1	0.00015335	0.001	0.001	0.02115956	0.26789905	0.0490008	9.99584182	0.1	0.01	0.01	0.01	1e-05	0.01	0.00140765	0.05	0.5	1e-04	100	5e-06	0.001
0.433	0.9	0.1	0.2008545	0.4	80	65.4	9.1	500	3.5	8.61	0.003304	0.00010802	0.00140631	2	0.15	0.1	0.0013876	0.2	0.00170928	0.45	0.01391928	2	4.5	0.001	0.56001395	0.39	1	0.00015335	0.001	0.001	0.02115956	0.26789905	0.0490008	9.99584182	0.1	0.01	0.01	0.01	1e-05	0.01	0.00140765	0.05	0.5	1e-04	100	5e-06	0.001
0.433	0.9	0.1	0.2008545	0.4	80	65.4	9.1	500	3.5	8.61	0.003304	0.00010845	0.00139305	2	0.15	0.1	0.00139775	0.2	0.00164189	0.45	0.01304256	2	4.5	0.001	0.56087838	0.39	1	0.00015335	0.001	0.001	0.02115956	0.26789905	0.0490008	9.99584182	0.1	0.01	0.01	0.01	1e-05	0.01	0.00140765	0.05	0.5	1e-04	100	5e-06	0.001
0.433	0.9	0.1	0.2008545	0.4	80	65.4	9.1	500	3.5	8.61	0.003304	0.00010764	0.00137715	2	0.15	0.1	0.00135772	0.2	0.00128127	0.45	0.01299151	2	4.5	0.001	0.56426041	0.39	1	0.00015335	0.001	0.001	0.02115956	0.26789905	0.0490008	9.99584182	0.1	0.01	0.01	0.01	1e-05	0.01	0.00140765	0.05	0.5	1e-04	100	5e-06	0.001
0.433	0.9	0.1	0.2008545	0.4	80	65.4	9.1	500	3.5	8.61	0.003304	0.00010718	0.00136536	2	0.15	0.1	0.00140852	0.2	0.00177313	0.45	0.01315214	2	4.5	0.001	0.57588948	0.39	1	0.00015335	0.001	0.001	0.02115956	0.26789905	0.0490008	9.99584182	0.1	0.01	0.01	0.01	1e-05	0.01	0.00140765	0.05	0.5	1e-04	100	5e-06	0.001
0.433	0.9	0.1	0.2008545	0.4	80	65.4	9.1	500	3.5	8.61	0.003304	0.00010828	0.00141582	2	0.15	0.1	0.00135167	0.2	0.00139181	0.45	0.01365057	2	4.5	0.001	0.56091098	0.39	1	0.00015335	0.001	0.001	0.02115956	0.26789905	0.0490008	9.99584182	0.1	0.01	0.01	0.01	1e-05	0.01	0.00140765	0.05	0.5	1e-04	100	5e-06	0.001
0.433	0.9	0.1	0.2008545	0.4	80	65.4	9.1	500	3.5	8.61	0.003304	0.00010816	0.00140863	2	0.15	0.1	0.00138523	0.2	0.00171447	0.45	0.01381163	2	4.5	0.001	0.5637786	0.39	1	0.00015335	0.001	0.001	0.02115956	0.26789905	0.0490008	9.99584182	0.1	0.01	0.01	0.01	1e-05	0.01	0.00140765	0.05	0.5	1e-04	100	5e-06	0.001
0.433	0.9	0.1	0.2008545	0.4	80	65.4	9.1	500	3.5	8.61	0.003304	0.00010802	0.00140988	2	0.15	0.1	0.00137282	0.2	0.00155054	0.45	0.01332865	2	4.5	0.001	0.5578052	0.39	1	0.00015335	0.001	0.001	0.02115956	0.26789905	0.0490008	9.99584182	0.1	0.01	0.01	0.01	1e-05	0.01	0.00140765	0.05	0.5	1e-04	100	5e-06	0.001
0.433	0.9	0.1	0.2008545	0.4	80	65.4	9.1	500	3.5	8.61	0.003304	0.00010825	0.00141703	2	0.15	0.1	0.00136358	0.2	0.00155312	0.45	0.01327462	2	4.5	0.001	0.55375649	0.39	1	0.00015335	0.001	0.001	0.02115956	0.26789905	0.0490008	9.99584182	0.1	0.01	0.01	0.01	1e-05	0.01	0.00140765	0.05	0.5	1e-04	100	5e-06	0.001
0.433	0.9	0.1	0.2008545	0.4	80	65.4	9.1	500	3.5	8.61	0.003304	0.00010821	0.00141165	2	0.15	0.1	0.00138505	0.2	0.00170453	0.45	0.01371233	2	4.5	0.001	0.56172403	0.39	1	0.00015335	0.001	0.001	0.02115956	0.26789905	0.0490008	9.99584182	0.1	0.01	0.01	0.01	1e-05	0.01	0.00140765	0.05	0.5	1e-04	100	5e-06	0.001
0.433	0.9	0.1	0.2008545	0.4	80	65.4	9.1	500	3.5	8.61	0.003304	0.00010797	0.00141141	2	0.15	0.1	0.0013749	0.2	0.00153555	0.45	0.01328979	2	4.5	0.001	0.55894489	0.39	1	0.00015335	0.001	0.001	0.02115956	0.26789905	0.0490008	9.99584182	0.1	0.01	0.01	0.01	1e-05	0.01	0.00140765	0.05	0.5	1e-04	100	5e-06	0.001
0.433	0.9	0.1	0.2008545	0.4	80	65.4	9.1	500	3.5	8.61	0.003304	0.00010832	0.00141111	2	0.15	0.1	0.00137287	0.2	0.0016442	0.45	0.01333674	2	4.5	0.001	0.56336228	0.39	1	0.00015335	0.001	0.001	0.02115956	0.26789905	0.0490008	9.99584182	0.1	0.01	0.01	0.01	1e-05	0.01	0.00140765	0.05	0.5	1e-04	100	5e-06	0.001
0.433	0.9	0.1	0.2008545	0.4	80	65.4	9.1	500	3.5	8.61	0.003304	0.00010807	0.00141662	2	0.15	0.1	0.00138603	0.2	0.00153946	0.45	0.01334596	2	4.5	0.001	0.55721688	0.39	1	0.00015335	0.001	0.001	0.02115956	0.26789905	0.0490008	9.99584182	0.1	0.01	0.01	0.01	1e-05	0.01	0.00140765	0.05	0.5	1e-04	100	5e-06	0.001
0.433	0.9	0.1	0.2008545	0.4	80	65.4	9.1	500	3.5	8.61	0.003304	0.00010815	0.00140835	2	0.15	0.1	0.00137461	0.2	0.00160164	0.45	0.01357423	2	4.5	0.001	0.55654519	0.39	1	0.00015335	0.001	0.001	0.02115956	0.26789905	0.0490008	9.99584182	0.1	0.01	0.01	0.01	1e-05	0.01	0.00140765	0.05	0.5	1e-04	100	5e-06	0.001
0.433	0.9	0.1	0.2008545	0.4	80	65.4	9.1	500	3.5	8.61	0.003304	0.00010802	0.00140631	2	0.15	0.1	0.0013876	0.2	0.00170928	0.45	0.01391928	2	4.5	0.001	0.56001395	0.39	1	0.00015335	0.001	0.001	0.02115956	0.26789905	0.0490008	9.99584182	0.1	0.01	0.01	0.01	1e-05	0.01	0.00140765	0.05	0.5	1e-04	100	5e-06	0.001
0.433	0.9	0.1	0.2008545	0.4	80	65.4	9.1	500	3.5	8.61	0.003304	0.00010844	0.00142428	2	0.15	0.1	0.00135777	0.2	0.00156952	0.45	0.01388063	2	4.5	0.001	0.55884754	0.39	1	0.00015335	0.001	0.001	0.02115956	0.26789905	0.0490008	9.99584182	0.1	0.01	0.01	0.01	1e-05	0.01	0.00140765	0.05	0.5	1e-04	100	5e-06	0.001
0.433	0.9	0.1	0.2008545	0.4	80	65.4	9.1	500	3.5	8.61	0.003304	0.00010821	0.00141165	2	0.15	0.1	0.00138505	0.2	0.00170453	0.45	0.01371233	2	4.5	0.001	0.56172403	0.39	1	0.00015335	0.001	0.001	0.02115956	0.26789905	0.0490008	9.99584182	0.1	0.01	0.01	0.01	1e-05	0.01	0.00140765	0.05	0.5	1e-04	100	5e-06	0.001
0.433	0.9	0.1	0.2008545	0.4	80	65.4	9.1	500	3.5	8.61	0.003304	0.00010821	0.00141165	2	0.15	0.1	0.00138505	0.2	0.00170453	0.45	0.01371233	2	4.5	0.001	0.56172403	0.39	1	0.00015335	0.001	0.001	0.02115956	0.26789905	0.0490008	9.99584182	0.1	0.01	0.01	0.01	1e-05	0.01	0.00140765	0.05	0.5	1e-04	100	5e-06	0.001
0.433	0.9	0.1	0.2008545	0.4	80	65.4	9.1	500	3.5	8.61	0.003304	0.00010821	0.00141165	2	0.15	0.1	0.00138505	0.2	0.00170453	0.45	0.01371233	2	4.5	0.001	0.56172403	0.39	1	0.00015335	0.001	0.001	0.02115956	0.26789905	0.0490008	9.99584182	0.1	0.01	0.01	0.01	1e-05	0.01	0.00140765	0.05	0.5	1e-04	100	5e-06	0.001
0.434	0.9	0.1	0.2008545	0.4	80	65.4	9.1	500	3.5	8.61	0.003304	0.00010498	0.00138316	2	0.15	0.1	0.00134263	0.2	0.00169055	0.45	0.01416227	2	4.5	0.001	0.57665181	0.39	1	0.00015335	0.001	0.001	0.02115956	0.26789905	0.0490008	9.99584182	0.1	0.01	0.01	0.01	1e-05	0.01	0.00140765	0.05	0.5	1e-04	100	5e-06	0.001
0.434	0.9	0.1	0.2008545	0.4	80	65.4	9.1	500	3.5	8.61	0.003304	0.00010367	0.00135329	2	0.15	0.1	0.00136725	0.2	0.00178715	0.45	0.01431121	2	4.5	0.001	0.58762016	0.39	1	0.00015335	0.001	0.001	0.02115956	0.26789905	0.0490008	9.99584182	0.1	0.01	0.01	0.01	1e-05	0.01	0.00140765	0.05	0.5	1e-04	100	5e-06	0.001
0.434	0.9	0.1	0.2008545	0.4	80	65.4	9.1	500	3.5	8.61	0.003304	0.00010498	0.00138316	2	0.15	0.1	0.00134263	0.2	0.00169055	0.45	0.01416227	2	4.5	0.001	0.57665181	0.39	1	0.00015335	0.001	0.001	0.02115956	0.26789905	0.0490008	9.99584182	0.1	0.01	0.01	0.01	1e-05	0.01	0.00140765	0.05	0.5	1e-04	100	5e-06	0.001
0.434	0.9	0.1	0.2008545	0.4	80	65.4	9.1	500	3.5	8.61	0.003304	0.00010397	0.00136041	2	0.15	0.1	0.00136975	0.2	0.00169624	0.45	0.01423152	2	4.5	0.001	0.5855594	0.39	1	0.00015335	0.001	0.001	0.02115956	0.26789905	0.0490008	9.99584182	0.1	0.01	0.01	0.01	1e-05	0.01	0.00140765	0.05	0.5	1e-04	100	5e-06	0.001
0.434	0.9	0.1	0.2008545	0.4	80	65.4	9.1	500	3.5	8.61	0.003304	0.00010269	0.00134769	2	0.15	0.1	0.00134465	0.2	0.00156872	0.45	0.014281	2	4.5	0.001	0.59294406	0.39	1	0.00015335	0.001	0.001	0.02115956	0.26789905	0.0490008	9.99584182	0.1	0.01	0.01	0.01	1e-05	0.01	0.00140765	0.05	0.5	1e-04	100	5e-06	0.001
0.434	0.9	0.1	0.2008545	0.4	80	65.4	9.1	500	3.5	8.61	0.003304	0.0001044	0.00134967	2	0.15	0.1	0.00144025	0.2	0.00203921	0.45	0.01502055	2	4.5	0.001	0.59409775	0.39	1	0.00015335	0.001	0.001	0.02115956	0.26789905	0.0490008	9.99584182	0.1	0.01	0.01	0.01	1e-05	0.01	0.00140765	0.05	0.5	1e-04	100	5e-06	0.001
0.434	0.9	0.1	0.2008545	0.4	80	65.4	9.1	500	3.5	8.61	0.003304	0.00010593	0.00136879	2	0.15	0.1	0.00140452	0.2	0.00203324	0.45	0.01575328	2	4.5	0.001	0.59567893	0.39	1	0.00015335	0.001	0.001	0.02115956	0.26789905	0.0490008	9.99584182	0.1	0.01	0.01	0.01	1e-05	0.01	0.00140765	0.05	0.5	1e-04	100	5e-06	0.001
0.434	0.9	0.1	0.2008545	0.4	80	65.4	9.1	500	3.5	8.61	0.003304	0.0001065	0.00136916	2	0.15	0.1	0.00145026	0.2	0.00218199	0.45	0.015593	2	4.5	0.001	0.592218	0.39	1	0.00015335	0.001	0.001	0.02115956	0.26789905	0.0490008	9.99584182	0.1	0.01	0.01	0.01	1e-05	0.01	0.00140765	0.05	0.5	1e-04	100	5e-06	0.001
0.434	0.9	0.1	0.2008545	0.4	80	65.4	9.1	500	3.5	8.61	0.003304	0.00010742	0.0013913	2	0.15	0.1	0.0014276	0.2	0.00201509	0.45	0.01594046	2	4.5	0.001	0.59304948	0.39	1	0.00015335	0.001	0.001	0.02115956	0.26789905	0.0490008	9.99584182	0.1	0.01	0.01	0.01	1e-05	0.01	0.00140765	0.05	0.5	1e-04	100	5e-06	0.001
0.434	0.9	0.1	0.2008545	0.4	80	65.4	9.1	500	3.5	8.61	0.003304	0.0001044	0.00134967	2	0.15	0.1	0.00144025	0.2	0.00203921	0.45	0.01502055	2	4.5	0.001	0.59409775	0.39	1	0.00015335	0.001	0.001	0.02115956	0.26789905	0.0490008	9.99584182	0.1	0.01	0.01	0.01	1e-05	0.01	0.00140765	0.05	0.5	1e-04	100	5e-06	0.001
0.434	0.9	0.1	0.2008545	0.4	80	65.4	9.1	500	3.5	8.61	0.003304	0.00010613	0.00136989	2	0.15	0.1	0.00142144	0.2	0.00189847	0.45	0.01554399	2	4.5	0.001	0.5943708	0.39	1	0.00015335	0.001	0.001	0.02115956	0.26789905	0.0490008	9.99584182	0.1	0.01	0.01	0.01	1e-05	0.01	0.00140765	0.05	0.5	1e-04	100	5e-06	0.001
0.434	0.9	0.1	0.2008545	0.4	80	65.4	9.1	500	3.5	8.61	0.003304	0.00010593	0.00136879	2	0.15	0.1	0.00140452	0.2	0.00203324	0.45	0.01575328	2	4.5	0.001	0.59567893	0.39	1	0.00015335	0.001	0.001	0.02115956	0.26789905	0.0490008	9.99584182	0.1	0.01	0.01	0.01	1e-05	0.01	0.00140765	0.05	0.5	1e-04	100	5e-06	0.001
0.434	0.9	0.1	0.2008545	0.4	80	65.4	9.1	500	3.5	8.61	0.003304	0.0001065	0.00136916	2	0.15	0.1	0.00145026	0.2	0.00218199	0.45	0.015593	2	4.5	0.001	0.592218	0.39	1	0.00015335	0.001	0.001	0.02115956	0.26789905	0.0490008	9.99584182	0.1	0.01	0.01	0.01	1e-05	0.01	0.00140765	0.05	0.5	1e-04	100	5e-06	0.001
0.434	0.9	0.1	0.2008545	0.4	80	65.4	9.1	500	3.5	8.61	0.003304	0.0001065	0.00136916	2	0.15	0.1	0.00145026	0.2	0.00218199	0.45	0.015593	2	4.5	0.001	0.592218	0.39	1	0.00015335	0.001	0.001	0.02115956	0.26789905	0.0490008	9.99584182	0.1	0.01	0.01	0.01	1e-05	0.01	0.00140765	0.05	0.5	1e-04	100	5e-06	0.001
0.434	0.9	0.1	0.2008545	0.4	80	65.4	9.1	500	3.5	8.61	0.003304	0.0001065	0.00136916	2	0.15	0.1	0.00145026	0.2	0.00218199	0.45	0.015593	2	4.5	0.001	0.592218	0.39	1	0.00015335	0.001	0.001	0.02115956	0.26789905	0.0490008	9.99584182	0.1	0.01	0.01	0.01	1e-05	0.01	0.00140765	0.05	0.5	1e-04	100	5e-06	0.001
0.434	0.9	0.1	0.2008545	0.4	80	65.4	9.1	500	3.5	8.61	0.003304	0.00010276	0.00148961	2	0.15	0.1	0.0012318	0.2	0.00151258	0.45	0.01326445	2	4.5	0.001	0.45593207	0.39	1	0.00015335	0.001	0.001	0.02115956	0.26789905	0.0490008	9.99584182	0.1	0.01	0.01	0.01	1e-05	0.01	0.00140765	0.05	0.5	1e-04	100	5e-06	0.001
0.434	0.9	0.1	0.2008545	0.4	80	65.4	9.1	500	3.5	8.61	0.003304	0.00010287	0.00159574	2	0.15	0.1	0.00117101	0.2	0.00139179	0.45	0.01435353	2	4.5	0.001	0.40590868	0.39	1	0.00015335	0.001	0.001	0.02115956	0.26789905	0.0490008	9.99584182	0.1	0.01	0.01	0.01	1e-05	0.01	0.00140765	0.05	0.5	1e-04	100	5e-06	0.001
0.434	0.9	0.1	0.2008545	0.4	80	65.4	9.1	500	3.5	8.61	0.003304	0.00010307	0.00162445	2	0.15	0.1	0.00116624	0.2	0.00156376	0.45	0.01568327	2	4.5	0.001	0.40381229	0.39	1	0.00015335	0.001	0.001	0.02115956	0.26789905	0.0490008	9.99584182	0.1	0.01	0.01	0.01	1e-05	0.01	0.00140765	0.05	0.5	1e-04	100	5e-06	0.001
0.434	0.9	0.1	0.2008545	0.4	80	65.4	9.1	500	3.5	8.61	0.003304	0.00010299	0.0016458	2	0.15	0.1	0.00114953	0.2	0.00139273	0.45	0.01523475	2	4.5	0.001	0.39087458	0.39	1	0.00015335	0.001	0.001	0.02115956	0.26789905	0.0490008	9.99584182	0.1	0.01	0.01	0.01	1e-05	0.01	0.00140765	0.05	0.5	1e-04	100	5e-06	0.001
0.434	0.9	0.1	0.2008545	0.4	80	65.4	9.1	500	3.5	8.61	0.003304	0.00010276	0.00148961	2	0.15	0.1	0.0012318	0.2	0.00151258	0.45	0.01326445	2	4.5	0.001	0.45593207	0.39	1	0.00015335	0.001	0.001	0.02115956	0.26789905	0.0490008	9.99584182	0.1	0.01	0.01	0.01	1e-05	0.01	0.00140765	0.05	0.5	1e-04	100	5e-06	0.001
0.434	0.9	0.1	0.2008545	0.4	80	65.4	9.1	500	3.5	8.61	0.003304	0.00010294	0.00154633	2	0.15	0.1	0.00120281	0.2	0.0014824	0.45	0.01452869	2	4.5	0.001	0.43055739	0.39	1	0.00015335	0.001	0.001	0.02115956	0.26789905	0.0490008	9.99584182	0.1	0.01	0.01	0.01	1e-05	0.01	0.00140765	0.05	0.5	1e-04	100	5e-06	0.001
0.434	0.9	0.1	0.2008545	0.4	80	65.4	9.1	500	3.5	8.61	0.003304	0.0001031	0.00160042	2	0.15	0.1	0.00117992	0.2	0.00150648	0.45	0.01549244	2	4.5	0.001	0.41142343	0.39	1	0.00015335	0.001	0.001	0.02115956	0.26789905	0.0490008	9.99584182	0.1	0.01	0.01	0.01	1e-05	0.01	0.00140765	0.05	0.5	1e-04	100	5e-06	0.001
0.434	0.9	0.1	0.2008545	0.4	80	65.4	9.1	500	3.5	8.61	0.003304	0.00010289	0.0014936	2	0.15	0.1	0.00123725	0.2	0.00154176	0.45	0.01393048	2	4.5	0.001	0.45496836	0.39	1	0.00015335	0.001	0.001	0.02115956	0.26789905	0.0490008	9.99584182	0.1	0.01	0.01	0.01	1e-05	0.01	0.00140765	0.05	0.5	1e-04	100	5e-06	0.001
0.434	0.9	0.1	0.2008545	0.4	80	65.4	9.1	500	3.5	8.61	0.003304	0.00010288	0.00159218	2	0.15	0.1	0.00117742	0.2	0.00146156	0.45	0.01446556	2	4.5	0.001	0.40805232	0.39	1	0.00015335	0.001	0.001	0.02115956	0.26789905	0.0490008	9.99584182	0.1	0.01	0.01	0.01	1e-05	0.01	0.00140765	0.05	0.5	1e-04	100	5e-06	0.001
0.434	0.9	0.1	0.2008545	0.4	80	65.4	9.1	500	3.5	8.61	0.003304	0.00010295	0.00160789	2	0.15	0.1	0.00116402	0.2	0.0013929	0.45	0.01483862	2	4.5	0.001	0.40650679	0.39	1	0.00015335	0.001	0.001	0.02115956	0.26789905	0.0490008	9.99584182	0.1	0.01	0.01	0.01	1e-05	0.01	0.00140765	0.05	0.5	1e-04	100	5e-06	0.001
0.434	0.9	0.1	0.2008545	0.4	80	65.4	9.1	500	3.5	8.61	0.003304	0.00010287	0.00159574	2	0.15	0.1	0.00117101	0.2	0.00139179	0.45	0.01435353	2	4.5	0.001	0.40590868	0.39	1	0.00015335	0.001	0.001	0.02115956	0.26789905	0.0490008	9.99584182	0.1	0.01	0.01	0.01	1e-05	0.01	0.00140765	0.05	0.5	1e-04	100	5e-06	0.001
0.434	0.9	0.1	0.2008545	0.4	80	65.4	9.1	500	3.5	8.61	0.003304	0.00010307	0.00162445	2	0.15	0.1	0.00116624	0.2	0.00156376	0.45	0.01568327	2	4.5	0.001	0.40381229	0.39	1	0.00015335	0.001	0.001	0.02115956	0.26789905	0.0490008	9.99584182	0.1	0.01	0.01	0.01	1e-05	0.01	0.00140765	0.05	0.5	1e-04	100	5e-06	0.001
0.434	0.9	0.1	0.2008545	0.4	80	65.4	9.1	500	3.5	8.61	0.003304	0.00010299	0.0016458	2	0.15	0.1	0.00114953	0.2	0.00139273	0.45	0.01523475	2	4.5	0.001	0.39087458	0.39	1	0.00015335	0.001	0.001	0.02115956	0.26789905	0.0490008	9.99584182	0.1	0.01	0.01	0.01	1e-05	0.01	0.00140765	0.05	0.5	1e-04	100	5e-06	0.001
0.434	0.9	0.1	0.2008545	0.4	80	65.4	9.1	500	3.5	8.61	0.003304	0.00010292	0.00158034	2	0.15	0.1	0.00119295	0.2	0.00167261	0.45	0.01455791	2	4.5	0.001	0.42275933	0.39	1	0.00015335	0.001	0.001	0.02115956	0.26789905	0.0490008	9.99584182	0.1	0.01	0.01	0.01	1e-05	0.01	0.00140765	0.05	0.5	1e-04	100	5e-06	0.001
0.434	0.9	0.1	0.2008545	0.4	80	65.4	9.1	500	3.5	8.61	0.003304	0.00010276	0.00148961	2	0.15	0.1	0.0012318	0.2	0.00151258	0.45	0.01326445	2	4.5	0.001	0.45593207	0.39	1	0.00015335	0.001	0.001	0.02115956	0.26789905	0.0490008	9.99584182	0.1	0.01	0.01	0.01	1e-05	0.01	0.00140765	0.05	0.5	1e-04	100	5e-06	0.001
0.434	0.9	0.1	0.2008545	0.4	80	65.4	9.1	500	3.5	8.61	0.003304	0.0001029	0.00155631	2	0.15	0.1	0.00120992	0.2	0.00159004	0.45	0.01430593	2	4.5	0.001	0.43185632	0.39	1	0.00015335	0.001	0.001	0.02115956	0.26789905	0.0490008	9.99584182	0.1	0.01	0.01	0.01	1e-05	0.01	0.00140765	0.05	0.5	1e-04	100	5e-06	0.001
0.434	0.9	0.1	0.2008545	0.4	80	65.4	9.1	500	3.5	8.61	0.003304	0.00010294	0.00154633	2	0.15	0.1	0.00120281	0.2	0.0014824	0.45	0.01452869	2	4.5	0.001	0.43055739	0.39	1	0.00015335	0.001	0.001	0.02115956	0.26789905	0.0490008	9.99584182	0.1	0.01	0.01	0.01	1e-05	0.01	0.00140765	0.05	0.5	1e-04	100	5e-06	0.001
0.434	0.9	0.1	0.2008545	0.4	80	65.4	9.1	500	3.5	8.61	0.003304	0.00010302	0.00156703	2	0.15	0.1	0.00119425	0.2	0.00138064	0.45	0.01498641	2	4.5	0.001	0.42496409	0.39	1	0.00015335	0.001	0.001	0.02115956	0.26789905	0.0490008	9.99584182	0.1	0.01	0.01	0.01	1e-05	0.01	0.00140765	0.05	0.5	1e-04	100	5e-06	0.001
0.434	0.9	0.1	0.2008545	0.4	80	65.4	9.1	500	3.5	8.61	0.003304	0.0001031	0.00160042	2	0.15	0.1	0.00117992	0.2	0.00150648	0.45	0.01549244	2	4.5	0.001	0.41142343	0.39	1	0.00015335	0.001	0.001	0.02115956	0.26789905	0.0490008	9.99584182	0.1	0.01	0.01	0.01	1e-05	0.01	0.00140765	0.05	0.5	1e-04	100	5e-06	0.001
0.434	0.9	0.1	0.2008545	0.4	80	65.4	9.1	500	3.5	8.61	0.003304	0.00010289	0.0014936	2	0.15	0.1	0.00123725	0.2	0.00154176	0.45	0.01393048	2	4.5	0.001	0.45496836	0.39	1	0.00015335	0.001	0.001	0.02115956	0.26789905	0.0490008	9.99584182	0.1	0.01	0.01	0.01	1e-05	0.01	0.00140765	0.05	0.5	1e-04	100	5e-06	0.001
0.434	0.9	0.1	0.2008545	0.4	80	65.4	9.1	500	3.5	8.61	0.003304	0.00010296	0.00162279	2	0.15	0.1	0.00115367	0.2	0.00134482	0.45	0.01500235	2	4.5	0.001	0.39610657	0.39	1	0.00015335	0.001	0.001	0.02115956	0.26789905	0.0490008	9.99584182	0.1	0.01	0.01	0.01	1e-05	0.01	0.00140765	0.05	0.5	1e-04	100	5e-06	0.001
0.434	0.9	0.1	0.2008545	0.4	80	65.4	9.1	500	3.5	8.61	0.003304	0.00010291	0.00159085	2	0.15	0.1	0.00117758	0.2	0.00142504	0.45	0.01457617	2	4.5	0.001	0.4102461	0.39	1	0.00015335	0.001	0.001	0.02115956	0.26789905	0.0490008	9.99584182	0.1	0.01	0.01	0.01	1e-05	0.01	0.00140765	0.05	0.5	1e-04	100	5e-06	0.001
0.434	0.9	0.1	0.2008545	0.4	80	65.4	9.1	500	3.5	8.61	0.003304	0.00010288	0.00159218	2	0.15	0.1	0.00117742	0.2	0.00146156	0.45	0.01446556	2	4.5	0.001	0.40805232	0.39	1	0.00015335	0.001	0.001	0.02115956	0.26789905	0.0490008	9.99584182	0.1	0.01	0.01	0.01	1e-05	0.01	0.00140765	0.05	0.5	1e-04	100	5e-06	0.001
0.434	0.9	0.1	0.2008545	0.4	80	65.4	9.1	500	3.5	8.61	0.003304	0.00010295	0.00156222	2	0.15	0.1	0.00119871	0.2	0.0015765	0.45	0.01461339	2	4.5	0.001	0.42801843	0.39	1	0.00015335	0.001	0.001	0.02115956	0.26789905	0.0490008	9.99584182	0.1	0.01	0.01	0.01	1e-05	0.01	0.00140765	0.05	0.5	1e-04	100	5e-06	0.001
0.434	0.9	0.1	0.2008545	0.4	80	65.4	9.1	500	3.5	8.61	0.003304	0.00010295	0.00160789	2	0.15	0.1	0.00116402	0.2	0.0013929	0.45	0.01483862	2	4.5	0.001	0.40650679	0.39	1	0.00015335	0.001	0.001	0.02115956	0.26789905	0.0490008	9.99584182	0.1	0.01	0.01	0.01	1e-05	0.01	0.00140765	0.05	0.5	1e-04	100	5e-06	0.001
0.434	0.9	0.1	0.2008545	0.4	80	65.4	9.1	500	3.5	8.61	0.003304	0.00010287	0.00159574	2	0.15	0.1	0.00117101	0.2	0.00139179	0.45	0.01435353	2	4.5	0.001	0.40590868	0.39	1	0.00015335	0.001	0.001	0.02115956	0.26789905	0.0490008	9.99584182	0.1	0.01	0.01	0.01	1e-05	0.01	0.00140765	0.05	0.5	1e-04	100	5e-06	0.001
0.434	0.9	0.1	0.2008545	0.4	80	65.4	9.1	500	3.5	8.61	0.003304	0.00010307	0.00162445	2	0.15	0.1	0.00116624	0.2	0.00156376	0.45	0.01568327	2	4.5	0.001	0.40381229	0.39	1	0.00015335	0.001	0.001	0.02115956	0.26789905	0.0490008	9.99584182	0.1	0.01	0.01	0.01	1e-05	0.01	0.00140765	0.05	0.5	1e-04	100	5e-06	0.001
0.434	0.9	0.1	0.2008545	0.4	80	65.4	9.1	500	3.5	8.61	0.003304	0.00010292	0.00158876	2	0.15	0.1	0.00118199	0.2	0.00147614	0.45	0.01457521	2	4.5	0.001	0.41339902	0.39	1	0.00015335	0.001	0.001	0.02115956	0.26789905	0.0490008	9.99584182	0.1	0.01	0.01	0.01	1e-05	0.01	0.00140765	0.05	0.5	1e-04	100	5e-06	0.001
0.434	0.9	0.1	0.2008545	0.4	80	65.4	9.1	500	3.5	8.61	0.003304	0.00010297	0.00154663	2	0.15	0.1	0.0012202	0.2	0.00155052	0.45	0.01463134	2	4.5	0.001	0.43554296	0.39	1	0.00015335	0.001	0.001	0.02115956	0.26789905	0.0490008	9.99584182	0.1	0.01	0.01	0.01	1e-05	0.01	0.00140765	0.05	0.5	1e-04	100	5e-06	0.001
0.434	0.9	0.1	0.2008545	0.4	80	65.4	9.1	500	3.5	8.61	0.003304	0.00010294	0.00156795	2	0.15	0.1	0.00119806	0.2	0.00153833	0.45	0.0146149	2	4.5	0.001	0.4258715	0.39	1	0.00015335	0.001	0.001	0.02115956	0.26789905	0.0490008	9.99584182	0.1	0.01	0.01	0.01	1e-05	0.01	0.00140765	0.05	0.5	1e-04	100	5e-06	0.001
0.434	0.9	0.1	0.2008545	0.4	80	65.4	9.1	500	3.5	8.61	0.003304	0.00010294	0.0015606	2	0.15	0.1	0.00120378	0.2	0.00154837	0.45	0.01458032	2	4.5	0.001	0.4294691	0.39	1	0.00015335	0.001	0.001	0.02115956	0.26789905	0.0490008	9.99584182	0.1	0.01	0.01	0.01	1e-05	0.01	0.00140765	0.05	0.5	1e-04	100	5e-06	0.001
0.434	0.9	0.1	0.2008545	0.4	80	65.4	9.1	500	3.5	8.61	0.003304	0.00010299	0.0016458	2	0.15	0.1	0.00114953	0.2	0.00139273	0.45	0.01523475	2	4.5	0.001	0.39087458	0.39	1	0.00015335	0.001	0.001	0.02115956	0.26789905	0.0490008	9.99584182	0.1	0.01	0.01	0.01	1e-05	0.01	0.00140765	0.05	0.5	1e-04	100	5e-06	0.001
0.434	0.9	0.1	0.2008545	0.4	80	65.4	9.1	500	3.5	8.61	0.003304	0.00010291	0.00158767	2	0.15	0.1	0.00118308	0.2	0.00149512	0.45	0.01451908	2	4.5	0.001	0.41538145	0.39	1	0.00015335	0.001	0.001	0.02115956	0.26789905	0.0490008	9.99584182	0.1	0.01	0.01	0.01	1e-05	0.01	0.00140765	0.05	0.5	1e-04	100	5e-06	0.001
0.434	0.9	0.1	0.2008545	0.4	80	65.4	9.1	500	3.5	8.61	0.003304	0.00010289	0.00157844	2	0.15	0.1	0.00118906	0.2	0.00149222	0.45	0.01435454	2	4.5	0.001	0.41796458	0.39	1	0.00015335	0.001	0.001	0.02115956	0.26789905	0.0490008	9.99584182	0.1	0.01	0.01	0.01	1e-05	0.01	0.00140765	0.05	0.5	1e-04	100	5e-06	0.001
0.434	0.9	0.1	0.2008545	0.4	80	65.4	9.1	500	3.5	8.61	0.003304	0.00010303	0.00154934	2	0.15	0.1	0.00121759	0.2	0.00158259	0.45	0.01496259	2	4.5	0.001	0.44213704	0.39	1	0.00015335	0.001	0.001	0.02115956	0.26789905	0.0490008	9.99584182	0.1	0.01	0.01	0.01	1e-05	0.01	0.00140765	0.05	0.5	1e-04	100	5e-06	0.001
0.434	0.9	0.1	0.2008545	0.4	80	65.4	9.1	500	3.5	8.61	0.003304	0.00010286	0.00156091	2	0.15	0.1	0.00119713	0.2	0.00154673	0.45	0.01418312	2	4.5	0.001	0.42897114	0.39	1	0.00015335	0.001	0.001	0.02115956	0.26789905	0.0490008	9.99584182	0.1	0.01	0.01	0.01	1e-05	0.01	0.00140765	0.05	0.5	1e-04	100	5e-06	0.001
0.434	0.9	0.1	0.2008545	0.4	80	65.4	9.1	500	3.5	8.61	0.003304	0.00010276	0.00148961	2	0.15	0.1	0.0012318	0.2	0.00151258	0.45	0.01326445	2	4.5	0.001	0.45593207	0.39	1	0.00015335	0.001	0.001	0.02115956	0.26789905	0.0490008	9.99584182	0.1	0.01	0.01	0.01	1e-05	0.01	0.00140765	0.05	0.5	1e-04	100	5e-06	0.001
0.434	0.9	0.1	0.2008545	0.4	80	65.4	9.1	500	3.5	8.61	0.003304	0.00010298	0.00152669	2	0.15	0.1	0.00121472	0.2	0.00145916	0.45	0.01462039	2	4.5	0.001	0.44150506	0.39	1	0.00015335	0.001	0.001	0.02115956	0.26789905	0.0490008	9.99584182	0.1	0.01	0.01	0.01	1e-05	0.01	0.00140765	0.05	0.5	1e-04	100	5e-06	0.001
0.434	0.9	0.1	0.2008545	0.4	80	65.4	9.1	500	3.5	8.61	0.003304	0.00010298	0.00154009	2	0.15	0.1	0.00120686	0.2	0.00145767	0.45	0.0147145	2	4.5	0.001	0.43623569	0.39	1	0.00015335	0.001	0.001	0.02115956	0.26789905	0.0490008	9.99584182	0.1	0.01	0.01	0.01	1e-05	0.01	0.00140765	0.05	0.5	1e-04	100	5e-06	0.001
0.434	0.9	0.1	0.2008545	0.4	80	65.4	9.1	500	3.5	8.61	0.003304	0.00010294	0.00154633	2	0.15	0.1	0.00120281	0.2	0.0014824	0.45	0.01452869	2	4.5	0.001	0.43055739	0.39	1	0.00015335	0.001	0.001	0.02115956	0.26789905	0.0490008	9.99584182	0.1	0.01	0.01	0.01	1e-05	0.01	0.00140765	0.05	0.5	1e-04	100	5e-06	0.001
0.434	0.9	0.1	0.2008545	0.4	80	65.4	9.1	500	3.5	8.61	0.003304	0.00010302	0.00156703	2	0.15	0.1	0.00119425	0.2	0.00138064	0.45	0.01498641	2	4.5	0.001	0.42496409	0.39	1	0.00015335	0.001	0.001	0.02115956	0.26789905	0.0490008	9.99584182	0.1	0.01	0.01	0.01	1e-05	0.01	0.00140765	0.05	0.5	1e-04	100	5e-06	0.001
0.434	0.9	0.1	0.2008545	0.4	80	65.4	9.1	500	3.5	8.61	0.003304	0.00010296	0.00154733	2	0.15	0.1	0.00120255	0.2	0.00146997	0.45	0.01465844	2	4.5	0.001	0.43389519	0.39	1	0.00015335	0.001	0.001	0.02115956	0.26789905	0.0490008	9.99584182	0.1	0.01	0.01	0.01	1e-05	0.01	0.00140765	0.05	0.5	1e-04	100	5e-06	0.001
0.434	0.9	0.1	0.2008545	0.4	80	65.4	9.1	500	3.5	8.61	0.003304	0.00010298	0.0015729	2	0.15	0.1	0.00118846	0.2	0.00142824	0.45	0.0148487	2	4.5	0.001	0.42120489	0.39	1	0.00015335	0.001	0.001	0.02115956	0.26789905	0.0490008	9.99584182	0.1	0.01	0.01	0.01	1e-05	0.01	0.00140765	0.05	0.5	1e-04	100	5e-06	0.001
0.434	0.9	0.1	0.2008545	0.4	80	65.4	9.1	500	3.5	8.61	0.003304	0.0001031	0.00160042	2	0.15	0.1	0.00117992	0.2	0.00150648	0.45	0.01549244	2	4.5	0.001	0.41142343	0.39	1	0.00015335	0.001	0.001	0.02115956	0.26789905	0.0490008	9.99584182	0.1	0.01	0.01	0.01	1e-05	0.01	0.00140765	0.05	0.5	1e-04	100	5e-06	0.001
0.434	0.9	0.1	0.2008545	0.4	80	65.4	9.1	500	3.5	8.61	0.003304	0.00010297	0.00156403	2	0.15	0.1	0.00119638	0.2	0.00149025	0.45	0.01477947	2	4.5	0.001	0.42533932	0.39	1	0.00015335	0.001	0.001	0.02115956	0.26789905	0.0490008	9.99584182	0.1	0.01	0.01	0.01	1e-05	0.01	0.00140765	0.05	0.5	1e-04	100	5e-06	0.001
0.434	0.9	0.1	0.2008545	0.4	80	65.4	9.1	500	3.5	8.61	0.003304	0.00010298	0.00155336	2	0.15	0.1	0.00120288	0.2	0.00148167	0.45	0.01474444	2	4.5	0.001	0.43148498	0.39	1	0.00015335	0.001	0.001	0.02115956	0.26789905	0.0490008	9.99584182	0.1	0.01	0.01	0.01	1e-05	0.01	0.00140765	0.05	0.5	1e-04	100	5e-06	0.001
0.434	0.9	0.1	0.2008545	0.4	80	65.4	9.1	500	3.5	8.61	0.003304	0.00010296	0.00162279	2	0.15	0.1	0.00115367	0.2	0.00134482	0.45	0.01500235	2	4.5	0.001	0.39610657	0.39	1	0.00015335	0.001	0.001	0.02115956	0.26789905	0.0490008	9.99584182	0.1	0.01	0.01	0.01	1e-05	0.01	0.00140765	0.05	0.5	1e-04	100	5e-06	0.001
0.434	0.9	0.1	0.2008545	0.4	80	65.4	9.1	500	3.5	8.61	0.003304	0.00010287	0.0015091	2	0.15	0.1	0.00122313	0.2	0.00140893	0.45	0.01390069	2	4.5	0.001	0.44383248	0.39	1	0.00015335	0.001	0.001	0.02115956	0.26789905	0.0490008	9.99584182	0.1	0.01	0.01	0.01	1e-05	0.01	0.00140765	0.05	0.5	1e-04	100	5e-06	0.001
0.434	0.9	0.1	0.2008545	0.4	80	65.4	9.1	500	3.5	8.61	0.003304	0.00010291	0.00156435	2	0.15	0.1	0.0011923	0.2	0.00147388	0.45	0.01447482	2	4.5	0.001	0.42390748	0.39	1	0.00015335	0.001	0.001	0.02115956	0.26789905	0.0490008	9.99584182	0.1	0.01	0.01	0.01	1e-05	0.01	0.00140765	0.05	0.5	1e-04	100	5e-06	0.001
0.434	0.9	0.1	0.2008545	0.4	80	65.4	9.1	500	3.5	8.61	0.003304	0.00010297	0.00156072	2	0.15	0.1	0.00120429	0.2	0.00151339	0.45	0.01474458	2	4.5	0.001	0.4276273	0.39	1	0.00015335	0.001	0.001	0.02115956	0.26789905	0.0490008	9.99584182	0.1	0.01	0.01	0.01	1e-05	0.01	0.00140765	0.05	0.5	1e-04	100	5e-06	0.001
0.434	0.9	0.1	0.2008545	0.4	80	65.4	9.1	500	3.5	8.61	0.003304	0.00010291	0.00159085	2	0.15	0.1	0.00117758	0.2	0.00142504	0.45	0.01457617	2	4.5	0.001	0.4102461	0.39	1	0.00015335	0.001	0.001	0.02115956	0.26789905	0.0490008	9.99584182	0.1	0.01	0.01	0.01	1e-05	0.01	0.00140765	0.05	0.5	1e-04	100	5e-06	0.001
0.434	0.9	0.1	0.2008545	0.4	80	65.4	9.1	500	3.5	8.61	0.003304	0.00010297	0.00157	2	0.15	0.1	0.00119478	0.2	0.00149861	0.45	0.0147787	2	4.5	0.001	0.42464272	0.39	1	0.00015335	0.001	0.001	0.02115956	0.26789905	0.0490008	9.99584182	0.1	0.01	0.01	0.01	1e-05	0.01	0.00140765	0.05	0.5	1e-04	100	5e-06	0.001
0.434	0.9	0.1	0.2008545	0.4	80	65.4	9.1	500	3.5	8.61	0.003304	0.00010295	0.00160789	2	0.15	0.1	0.00116402	0.2	0.0013929	0.45	0.01483862	2	4.5	0.001	0.40650679	0.39	1	0.00015335	0.001	0.001	0.02115956	0.26789905	0.0490008	9.99584182	0.1	0.01	0.01	0.01	1e-05	0.01	0.00140765	0.05	0.5	1e-04	100	5e-06	0.001
0.434	0.9	0.1	0.2008545	0.4	80	65.4	9.1	500	3.5	8.61	0.003304	0.00010294	0.00157674	2	0.15	0.1	0.00119218	0.2	0.0015165	0.45	0.01466325	2	4.5	0.001	0.42043095	0.39	1	0.00015335	0.001	0.001	0.02115956	0.26789905	0.0490008	9.99584182	0.1	0.01	0.01	0.01	1e-05	0.01	0.00140765	0.05	0.5	1e-04	100	5e-06	0.001
0.434	0.9	0.1	0.2008545	0.4	80	65.4	9.1	500	3.5	8.61	0.003304	0.00010289	0.00157844	2	0.15	0.1	0.00118906	0.2	0.00149222	0.45	0.01435454	2	4.5	0.001	0.41796458	0.39	1	0.00015335	0.001	0.001	0.02115956	0.26789905	0.0490008	9.99584182	0.1	0.01	0.01	0.01	1e-05	0.01	0.00140765	0.05	0.5	1e-04	100	5e-06	0.001
0.434	0.9	0.1	0.2008545	0.4	80	65.4	9.1	500	3.5	8.61	0.003304	0.00010304	0.00154458	2	0.15	0.1	0.00120615	0.2	0.00140215	0.45	0.01499178	2	4.5	0.001	0.43504685	0.39	1	0.00015335	0.001	0.001	0.02115956	0.26789905	0.0490008	9.99584182	0.1	0.01	0.01	0.01	1e-05	0.01	0.00140765	0.05	0.5	1e-04	100	5e-06	0.001
0.434	0.9	0.1	0.2008545	0.4	80	65.4	9.1	500	3.5	8.61	0.003304	0.00010298	0.00152669	2	0.15	0.1	0.00121472	0.2	0.00145916	0.45	0.01462039	2	4.5	0.001	0.44150506	0.39	1	0.00015335	0.001	0.001	0.02115956	0.26789905	0.0490008	9.99584182	0.1	0.01	0.01	0.01	1e-05	0.01	0.00140765	0.05	0.5	1e-04	100	5e-06	0.001
0.434	0.9	0.1	0.2008545	0.4	80	65.4	9.1	500	3.5	8.61	0.003304	0.00010302	0.00154318	2	0.15	0.1	0.00120772	0.2	0.00147189	0.45	0.0149034	2	4.5	0.001	0.43507263	0.39	1	0.00015335	0.001	0.001	0.02115956	0.26789905	0.0490008	9.99584182	0.1	0.01	0.01	0.01	1e-05	0.01	0.00140765	0.05	0.5	1e-04	100	5e-06	0.001
0.434	0.9	0.1	0.2008545	0.4	80	65.4	9.1	500	3.5	8.61	0.003304	0.00010299	0.00158171	2	0.15	0.1	0.00118074	0.2	0.00138415	0.45	0.01497091	2	4.5	0.001	0.41598504	0.39	1	0.00015335	0.001	0.001	0.02115956	0.26789905	0.0490008	9.99584182	0.1	0.01	0.01	0.01	1e-05	0.01	0.00140765	0.05	0.5	1e-04	100	5e-06	0.001
0.434	0.9	0.1	0.2008545	0.4	80	65.4	9.1	500	3.5	8.61	0.003304	0.00010297	0.00157	2	0.15	0.1	0.00119478	0.2	0.00149861	0.45	0.0147787	2	4.5	0.001	0.42464272	0.39	1	0.00015335	0.001	0.001	0.02115956	0.26789905	0.0490008	9.99584182	0.1	0.01	0.01	0.01	1e-05	0.01	0.00140765	0.05	0.5	1e-04	100	5e-06	0.001
0.434	0.9	0.1	0.2008545	0.4	80	65.4	9.1	500	3.5	8.61	0.003304	0.00010293	0.00157576	2	0.15	0.1	0.00118771	0.2	0.00144978	0.45	0.01457503	2	4.5	0.001	0.41925127	0.39	1	0.00015335	0.001	0.001	0.02115956	0.26789905	0.0490008	9.99584182	0.1	0.01	0.01	0.01	1e-05	0.01	0.00140765	0.05	0.5	1e-04	100	5e-06	0.001
0.434	0.9	0.1	0.2008545	0.4	80	65.4	9.1	500	3.5	8.61	0.003304	0.00010301	0.00154331	2	0.15	0.1	0.00120784	0.2	0.00146979	0.45	0.01488965	2	4.5	0.001	0.43589385	0.39	1	0.00015335	0.001	0.001	0.02115956	0.26789905	0.0490008	9.99584182	0.1	0.01	0.01	0.01	1e-05	0.01	0.00140765	0.05	0.5	1e-04	100	5e-06	0.001
0.434	0.9	0.1	0.2008545	0.4	80	65.4	9.1	500	3.5	8.61	0.003304	0.00010293	0.00157576	2	0.15	0.1	0.00118771	0.2	0.00144978	0.45	0.01457503	2	4.5	0.001	0.41925127	0.39	1	0.00015335	0.001	0.001	0.02115956	0.26789905	0.0490008	9.99584182	0.1	0.01	0.01	0.01	1e-05	0.01	0.00140765	0.05	0.5	1e-04	100	5e-06	0.001
0.434	0.9	0.1	0.2008545	0.4	80	65.4	9.1	500	3.5	8.61	0.003304	0.00010301	0.00154331	2	0.15	0.1	0.00120784	0.2	0.00146979	0.45	0.01488965	2	4.5	0.001	0.43589385	0.39	1	0.00015335	0.001	0.001	0.02115956	0.26789905	0.0490008	9.99584182	0.1	0.01	0.01	0.01	1e-05	0.01	0.00140765	0.05	0.5	1e-04	100	5e-06	0.001
0.434	0.9	0.1	0.2008545	0.4	80	65.4	9.1	500	3.5	8.61	0.003304	0.00010859	0.00142752	2	0.15	0.1	0.00137673	0.2	0.00168264	0.45	0.01343006	2	4.5	0.001	0.56091424	0.39	1	0.00015335	0.001	0.001	0.02115956	0.26789905	0.0490008	9.99584182	0.1	0.01	0.01	0.01	1e-05	0.01	0.00140765	0.05	0.5	1e-04	100	5e-06	0.001
0.434	0.9	0.1	0.2008545	0.4	80	65.4	9.1	500	3.5	8.61	0.003304	0.00010837	0.00143526	2	0.15	0.1	0.00140052	0.2	0.00155421	0.45	0.01337487	2	4.5	0.001	0.55609674	0.39	1	0.00015335	0.001	0.001	0.02115956	0.26789905	0.0490008	9.99584182	0.1	0.01	0.01	0.01	1e-05	0.01	0.00140765	0.05	0.5	1e-04	100	5e-06	0.001
0.434	0.9	0.1	0.2008545	0.4	80	65.4	9.1	500	3.5	8.61	0.003304	0.00010868	0.00142773	2	0.15	0.1	0.00136094	0.2	0.00163818	0.45	0.01300954	2	4.5	0.001	0.56864854	0.39	1	0.00015335	0.001	0.001	0.02115956	0.26789905	0.0490008	9.99584182	0.1	0.01	0.01	0.01	1e-05	0.01	0.00140765	0.05	0.5	1e-04	100	5e-06	0.001
0.434	0.9	0.1	0.2008545	0.4	80	65.4	9.1	500	3.5	8.61	0.003304	0.0001086	0.0014293	2	0.15	0.1	0.00137545	0.2	0.00159555	0.45	0.01337182	2	4.5	0.001	0.5632555	0.39	1	0.00015335	0.001	0.001	0.02115956	0.26789905	0.0490008	9.99584182	0.1	0.01	0.01	0.01	1e-05	0.01	0.00140765	0.05	0.5	1e-04	100	5e-06	0.001
0.434	0.9	0.1	0.2008545	0.4	80	65.4	9.1	500	3.5	8.61	0.003304	0.00010912	0.00145655	2	0.15	0.1	0.00134216	0.2	0.00148133	0.45	0.01357538	2	4.5	0.001	0.55803311	0.39	1	0.00015335	0.001	0.001	0.02115956	0.26789905	0.0490008	9.99584182	0.1	0.01	0.01	0.01	1e-05	0.01	0.00140765	0.05	0.5	1e-04	100	5e-06	0.001
0.435	0.9	0.1	0.2008545	0.4	80	65.4	9.1	500	3.5	8.61	0.003304	0.0001049	0.00139543	2	0.15	0.1	0.00134333	0.2	0.00177251	0.45	0.01424538	2	4.5	0.001	0.58174769	0.39	1	0.00015335	0.001	0.001	0.02115956	0.26789905	0.0490008	9.99584182	0.1	0.01	0.01	0.01	1e-05	0.01	0.00140765	0.05	0.5	1e-04	100	5e-06	0.001
0.435	0.9	0.1	0.2008545	0.4	80	65.4	9.1	500	3.5	8.61	0.003304	0.00010248	0.00134199	2	0.15	0.1	0.00139642	0.2	0.00184395	0.45	0.01438233	2	4.5	0.001	0.59879537	0.39	1	0.00015335	0.001	0.001	0.02115956	0.26789905	0.0490008	9.99584182	0.1	0.01	0.01	0.01	1e-05	0.01	0.00140765	0.05	0.5	1e-04	100	5e-06	0.001
0.435	0.9	0.1	0.2008545	0.4	80	65.4	9.1	500	3.5	8.61	0.003304	0.00010248	0.00134199	2	0.15	0.1	0.00139642	0.2	0.00184395	0.45	0.01438233	2	4.5	0.001	0.59879537	0.39	1	0.00015335	0.001	0.001	0.02115956	0.26789905	0.0490008	9.99584182	0.1	0.01	0.01	0.01	1e-05	0.01	0.00140765	0.05	0.5	1e-04	100	5e-06	0.001
0.435	0.9	0.1	0.2008545	0.4	80	65.4	9.1	500	3.5	8.61	0.003304	0.0001065	0.00138684	2	0.15	0.1	0.00145026	0.2	0.00199658	0.45	0.015593	2	4.5	0.001	0.59002597	0.39	1	0.00015335	0.001	0.001	0.02115956	0.26789905	0.0490008	9.99584182	0.1	0.01	0.01	0.01	1e-05	0.01	0.00140765	0.05	0.5	1e-04	100	5e-06	0.001
0.435	0.9	0.1	0.2008545	0.4	80	65.4	9.1	500	3.5	8.61	0.003304	0.0001065	0.00138453	2	0.15	0.1	0.00145026	0.2	0.00176636	0.45	0.015593	2	4.5	0.001	0.59999253	0.39	1	0.00015335	0.001	0.001	0.02115956	0.26789905	0.0490008	9.99584182	0.1	0.01	0.01	0.01	1e-05	0.01	0.00140765	0.05	0.5	1e-04	100	5e-06	0.001
0.435	0.9	0.1	0.2008545	0.4	80	65.4	9.1	500	3.5	8.61	0.003304	0.00010732	0.00139898	2	0.15	0.1	0.00141997	0.2	0.00210912	0.45	0.01575504	2	4.5	0.001	0.59122951	0.39	1	0.00015335	0.001	0.001	0.02115956	0.26789905	0.0490008	9.99584182	0.1	0.01	0.01	0.01	1e-05	0.01	0.00140765	0.05	0.5	1e-04	100	5e-06	0.001
0.435	0.9	0.1	0.2008545	0.4	80	65.4	9.1	500	3.5	8.61	0.003304	0.00010466	0.00137104	2	0.15	0.1	0.00139529	0.2	0.0020072	0.45	0.01531831	2	4.5	0.001	0.59665499	0.39	1	0.00015335	0.001	0.001	0.02115956	0.26789905	0.0490008	9.99584182	0.1	0.01	0.01	0.01	1e-05	0.01	0.00140765	0.05	0.5	1e-04	100	5e-06	0.001
0.435	0.9	0.1	0.2008545	0.4	80	65.4	9.1	500	3.5	8.61	0.003304	0.0001065	0.00138684	2	0.15	0.1	0.00145026	0.2	0.00199658	0.45	0.015593	2	4.5	0.001	0.59002597	0.39	1	0.00015335	0.001	0.001	0.02115956	0.26789905	0.0490008	9.99584182	0.1	0.01	0.01	0.01	1e-05	0.01	0.00140765	0.05	0.5	1e-04	100	5e-06	0.001
0.435	0.9	0.1	0.2008545	0.4	80	65.4	9.1	500	3.5	8.61	0.003304	0.0001065	0.00138453	2	0.15	0.1	0.00145026	0.2	0.00176636	0.45	0.015593	2	4.5	0.001	0.59999253	0.39	1	0.00015335	0.001	0.001	0.02115956	0.26789905	0.0490008	9.99584182	0.1	0.01	0.01	0.01	1e-05	0.01	0.00140765	0.05	0.5	1e-04	100	5e-06	0.001
0.435	0.9	0.1	0.2008545	0.4	80	65.4	9.1	500	3.5	8.61	0.003304	0.00010607	0.0013788	2	0.15	0.1	0.00143538	0.2	0.00202719	0.45	0.01558766	2	4.5	0.001	0.59252809	0.39	1	0.00015335	0.001	0.001	0.02115956	0.26789905	0.0490008	9.99584182	0.1	0.01	0.01	0.01	1e-05	0.01	0.00140765	0.05	0.5	1e-04	100	5e-06	0.001
0.435	0.9	0.1	0.2008545	0.4	80	65.4	9.1	500	3.5	8.61	0.003304	0.00010607	0.0013788	2	0.15	0.1	0.00143538	0.2	0.00202719	0.45	0.01558766	2	4.5	0.001	0.59252809	0.39	1	0.00015335	0.001	0.001	0.02115956	0.26789905	0.0490008	9.99584182	0.1	0.01	0.01	0.01	1e-05	0.01	0.00140765	0.05	0.5	1e-04	100	5e-06	0.001
0.435	0.9	0.1	0.2008545	0.4	80	65.4	9.1	500	3.5	8.61	0.003304	0.00010274	0.00154668	2	0.15	0.1	0.00121835	0.2	0.00169085	0.45	0.01338183	2	4.5	0.001	0.43171423	0.39	1	0.00015335	0.001	0.001	0.02115956	0.26789905	0.0490008	9.99584182	0.1	0.01	0.01	0.01	1e-05	0.01	0.00140765	0.05	0.5	1e-04	100	5e-06	0.001
0.435	0.9	0.1	0.2008545	0.4	80	65.4	9.1	500	3.5	8.61	0.003304	0.00010287	0.00155047	2	0.15	0.1	0.0012028	0.2	0.00156703	0.45	0.01417641	2	4.5	0.001	0.43708393	0.39	1	0.00015335	0.001	0.001	0.02115956	0.26789905	0.0490008	9.99584182	0.1	0.01	0.01	0.01	1e-05	0.01	0.00140765	0.05	0.5	1e-04	100	5e-06	0.001
0.435	0.9	0.1	0.2008545	0.4	80	65.4	9.1	500	3.5	8.61	0.003304	0.00010274	0.00154668	2	0.15	0.1	0.00121835	0.2	0.00169085	0.45	0.01338183	2	4.5	0.001	0.43171423	0.39	1	0.00015335	0.001	0.001	0.02115956	0.26789905	0.0490008	9.99584182	0.1	0.01	0.01	0.01	1e-05	0.01	0.00140765	0.05	0.5	1e-04	100	5e-06	0.001
0.435	0.9	0.1	0.2008545	0.4	80	65.4	9.1	500	3.5	8.61	0.003304	0.00010286	0.00162645	2	0.15	0.1	0.001185	0.2	0.0019743	0.45	0.01441047	2	4.5	0.001	0.40474837	0.39	1	0.00015335	0.001	0.001	0.02115956	0.26789905	0.0490008	9.99584182	0.1	0.01	0.01	0.01	1e-05	0.01	0.00140765	0.05	0.5	1e-04	100	5e-06	0.001
0.435	0.9	0.1	0.2008545	0.4	80	65.4	9.1	500	3.5	8.61	0.003304	0.00010287	0.00155047	2	0.15	0.1	0.0012028	0.2	0.00156703	0.45	0.01417641	2	4.5	0.001	0.43708393	0.39	1	0.00015335	0.001	0.001	0.02115956	0.26789905	0.0490008	9.99584182	0.1	0.01	0.01	0.01	1e-05	0.01	0.00140765	0.05	0.5	1e-04	100	5e-06	0.001
0.435	0.9	0.1	0.2008545	0.4	80	65.4	9.1	500	3.5	8.61	0.003304	0.00010295	0.00154747	2	0.15	0.1	0.00123342	0.2	0.00158325	0.45	0.01445934	2	4.5	0.001	0.43636166	0.39	1	0.00015335	0.001	0.001	0.02115956	0.26789905	0.0490008	9.99584182	0.1	0.01	0.01	0.01	1e-05	0.01	0.00140765	0.05	0.5	1e-04	100	5e-06	0.001
0.435	0.9	0.1	0.2008545	0.4	80	65.4	9.1	500	3.5	8.61	0.003304	0.00010281	0.00154278	2	0.15	0.1	0.00120885	0.2	0.00162144	0.45	0.01386839	2	4.5	0.001	0.43972979	0.39	1	0.00015335	0.001	0.001	0.02115956	0.26789905	0.0490008	9.99584182	0.1	0.01	0.01	0.01	1e-05	0.01	0.00140765	0.05	0.5	1e-04	100	5e-06	0.001
0.435	0.9	0.1	0.2008545	0.4	80	65.4	9.1	500	3.5	8.61	0.003304	0.00010294	0.00161923	2	0.15	0.1	0.00117028	0.2	0.00178307	0.45	0.01482613	2	4.5	0.001	0.40985108	0.39	1	0.00015335	0.001	0.001	0.02115956	0.26789905	0.0490008	9.99584182	0.1	0.01	0.01	0.01	1e-05	0.01	0.00140765	0.05	0.5	1e-04	100	5e-06	0.001
0.435	0.9	0.1	0.2008545	0.4	80	65.4	9.1	500	3.5	8.61	0.003304	0.00010288	0.00163223	2	0.15	0.1	0.00114641	0.2	0.00119857	0.45	0.01441973	2	4.5	0.001	0.39849863	0.39	1	0.00015335	0.001	0.001	0.02115956	0.26789905	0.0490008	9.99584182	0.1	0.01	0.01	0.01	1e-05	0.01	0.00140765	0.05	0.5	1e-04	100	5e-06	0.001
0.435	0.9	0.1	0.2008545	0.4	80	65.4	9.1	500	3.5	8.61	0.003304	0.00010273	0.00152043	2	0.15	0.1	0.00122808	0.2	0.00158339	0.45	0.01315708	2	4.5	0.001	0.44204526	0.39	1	0.00015335	0.001	0.001	0.02115956	0.26789905	0.0490008	9.99584182	0.1	0.01	0.01	0.01	1e-05	0.01	0.00140765	0.05	0.5	1e-04	100	5e-06	0.001
0.435	0.9	0.1	0.2008545	0.4	80	65.4	9.1	500	3.5	8.61	0.003304	0.00010274	0.00154668	2	0.15	0.1	0.00121835	0.2	0.00169085	0.45	0.01338183	2	4.5	0.001	0.43171423	0.39	1	0.00015335	0.001	0.001	0.02115956	0.26789905	0.0490008	9.99584182	0.1	0.01	0.01	0.01	1e-05	0.01	0.00140765	0.05	0.5	1e-04	100	5e-06	0.001
0.435	0.9	0.1	0.2008545	0.4	80	65.4	9.1	500	3.5	8.61	0.003304	0.00010279	0.00157252	2	0.15	0.1	0.00120075	0.2	0.00157627	0.45	0.01377896	2	4.5	0.001	0.42406241	0.39	1	0.00015335	0.001	0.001	0.02115956	0.26789905	0.0490008	9.99584182	0.1	0.01	0.01	0.01	1e-05	0.01	0.00140765	0.05	0.5	1e-04	100	5e-06	0.001
0.435	0.9	0.1	0.2008545	0.4	80	65.4	9.1	500	3.5	8.61	0.003304	0.00010281	0.00156613	2	0.15	0.1	0.00119881	0.2	0.0016651	0.45	0.01381921	2	4.5	0.001	0.43427886	0.39	1	0.00015335	0.001	0.001	0.02115956	0.26789905	0.0490008	9.99584182	0.1	0.01	0.01	0.01	1e-05	0.01	0.00140765	0.05	0.5	1e-04	100	5e-06	0.001
0.435	0.9	0.1	0.2008545	0.4	80	65.4	9.1	500	3.5	8.61	0.003304	0.00010284	0.00161153	2	0.15	0.1	0.00118801	0.2	0.00160205	0.45	0.01427167	2	4.5	0.001	0.40972806	0.39	1	0.00015335	0.001	0.001	0.02115956	0.26789905	0.0490008	9.99584182	0.1	0.01	0.01	0.01	1e-05	0.01	0.00140765	0.05	0.5	1e-04	100	5e-06	0.001
0.435	0.9	0.1	0.2008545	0.4	80	65.4	9.1	500	3.5	8.61	0.003304	0.00010286	0.00162645	2	0.15	0.1	0.001185	0.2	0.0019743	0.45	0.01441047	2	4.5	0.001	0.40474837	0.39	1	0.00015335	0.001	0.001	0.02115956	0.26789905	0.0490008	9.99584182	0.1	0.01	0.01	0.01	1e-05	0.01	0.00140765	0.05	0.5	1e-04	100	5e-06	0.001
0.435	0.9	0.1	0.2008545	0.4	80	65.4	9.1	500	3.5	8.61	0.003304	0.00010284	0.00157438	2	0.15	0.1	0.00121229	0.2	0.00173034	0.45	0.01402251	2	4.5	0.001	0.42940192	0.39	1	0.00015335	0.001	0.001	0.02115956	0.26789905	0.0490008	9.99584182	0.1	0.01	0.01	0.01	1e-05	0.01	0.00140765	0.05	0.5	1e-04	100	5e-06	0.001
0.435	0.9	0.1	0.2008545	0.4	80	65.4	9.1	500	3.5	8.61	0.003304	0.00010273	0.00154522	2	0.15	0.1	0.00122179	0.2	0.00155022	0.45	0.01334299	2	4.5	0.001	0.43626378	0.39	1	0.00015335	0.001	0.001	0.02115956	0.26789905	0.0490008	9.99584182	0.1	0.01	0.01	0.01	1e-05	0.01	0.00140765	0.05	0.5	1e-04	100	5e-06	0.001
0.435	0.9	0.1	0.2008545	0.4	80	65.4	9.1	500	3.5	8.61	0.003304	0.00010287	0.00155047	2	0.15	0.1	0.0012028	0.2	0.00156703	0.45	0.01417641	2	4.5	0.001	0.43708393	0.39	1	0.00015335	0.001	0.001	0.02115956	0.26789905	0.0490008	9.99584182	0.1	0.01	0.01	0.01	1e-05	0.01	0.00140765	0.05	0.5	1e-04	100	5e-06	0.001
0.435	0.9	0.1	0.2008545	0.4	80	65.4	9.1	500	3.5	8.61	0.003304	0.00010289	0.00161518	2	0.15	0.1	0.00116059	0.2	0.00133504	0.45	0.01447234	2	4.5	0.001	0.40436101	0.39	1	0.00015335	0.001	0.001	0.02115956	0.26789905	0.0490008	9.99584182	0.1	0.01	0.01	0.01	1e-05	0.01	0.00140765	0.05	0.5	1e-04	100	5e-06	0.001
0.435	0.9	0.1	0.2008545	0.4	80	65.4	9.1	500	3.5	8.61	0.003304	0.00010285	0.00156096	2	0.15	0.1	0.00120406	0.2	0.00158108	0.45	0.01404899	2	4.5	0.001	0.42829004	0.39	1	0.00015335	0.001	0.001	0.02115956	0.26789905	0.0490008	9.99584182	0.1	0.01	0.01	0.01	1e-05	0.01	0.00140765	0.05	0.5	1e-04	100	5e-06	0.001
0.435	0.9	0.1	0.2008545	0.4	80	65.4	9.1	500	3.5	8.61	0.003304	0.00010295	0.00154747	2	0.15	0.1	0.00123342	0.2	0.00158325	0.45	0.01445934	2	4.5	0.001	0.43636166	0.39	1	0.00015335	0.001	0.001	0.02115956	0.26789905	0.0490008	9.99584182	0.1	0.01	0.01	0.01	1e-05	0.01	0.00140765	0.05	0.5	1e-04	100	5e-06	0.001
0.435	0.9	0.1	0.2008545	0.4	80	65.4	9.1	500	3.5	8.61	0.003304	0.00010282	0.00154724	2	0.15	0.1	0.00122217	0.2	0.00168907	0.45	0.01387188	2	4.5	0.001	0.43237374	0.39	1	0.00015335	0.001	0.001	0.02115956	0.26789905	0.0490008	9.99584182	0.1	0.01	0.01	0.01	1e-05	0.01	0.00140765	0.05	0.5	1e-04	100	5e-06	0.001
0.435	0.9	0.1	0.2008545	0.4	80	65.4	9.1	500	3.5	8.61	0.003304	0.00010287	0.00160443	2	0.15	0.1	0.00117772	0.2	0.00156868	0.45	0.01438879	2	4.5	0.001	0.4102682	0.39	1	0.00015335	0.001	0.001	0.02115956	0.26789905	0.0490008	9.99584182	0.1	0.01	0.01	0.01	1e-05	0.01	0.00140765	0.05	0.5	1e-04	100	5e-06	0.001
0.435	0.9	0.1	0.2008545	0.4	80	65.4	9.1	500	3.5	8.61	0.003304	0.00010281	0.00154278	2	0.15	0.1	0.00120885	0.2	0.00162144	0.45	0.01386839	2	4.5	0.001	0.43972979	0.39	1	0.00015335	0.001	0.001	0.02115956	0.26789905	0.0490008	9.99584182	0.1	0.01	0.01	0.01	1e-05	0.01	0.00140765	0.05	0.5	1e-04	100	5e-06	0.001
0.435	0.9	0.1	0.2008545	0.4	80	65.4	9.1	500	3.5	8.61	0.003304	0.00010281	0.00157127	2	0.15	0.1	0.00119769	0.2	0.00158737	0.45	0.01388635	2	4.5	0.001	0.42271038	0.39	1	0.00015335	0.001	0.001	0.02115956	0.26789905	0.0490008	9.99584182	0.1	0.01	0.01	0.01	1e-05	0.01	0.00140765	0.05	0.5	1e-04	100	5e-06	0.001
0.435	0.9	0.1	0.2008545	0.4	80	65.4	9.1	500	3.5	8.61	0.003304	0.00010285	0.00158272	2	0.15	0.1	0.00118732	0.2	0.00157565	0.45	0.01414213	2	4.5	0.001	0.42279931	0.39	1	0.00015335	0.001	0.001	0.02115956	0.26789905	0.0490008	9.99584182	0.1	0.01	0.01	0.01	1e-05	0.01	0.00140765	0.05	0.5	1e-04	100	5e-06	0.001
0.435	0.9	0.1	0.2008545	0.4	80	65.4	9.1	500	3.5	8.61	0.003304	0.00010281	0.00157225	2	0.15	0.1	0.00119735	0.2	0.00149051	0.45	0.01388827	2	4.5	0.001	0.42348429	0.39	1	0.00015335	0.001	0.001	0.02115956	0.26789905	0.0490008	9.99584182	0.1	0.01	0.01	0.01	1e-05	0.01	0.00140765	0.05	0.5	1e-04	100	5e-06	0.001
0.435	0.9	0.1	0.2008545	0.4	80	65.4	9.1	500	3.5	8.61	0.003304	0.00010273	0.00152043	2	0.15	0.1	0.00122808	0.2	0.00158339	0.45	0.01315708	2	4.5	0.001	0.44204526	0.39	1	0.00015335	0.001	0.001	0.02115956	0.26789905	0.0490008	9.99584182	0.1	0.01	0.01	0.01	1e-05	0.01	0.00140765	0.05	0.5	1e-04	100	5e-06	0.001
0.435	0.9	0.1	0.2008545	0.4	80	65.4	9.1	500	3.5	8.61	0.003304	0.00010285	0.00155963	2	0.15	0.1	0.00121453	0.2	0.00167921	0.45	0.01405561	2	4.5	0.001	0.43515155	0.39	1	0.00015335	0.001	0.001	0.02115956	0.26789905	0.0490008	9.99584182	0.1	0.01	0.01	0.01	1e-05	0.01	0.00140765	0.05	0.5	1e-04	100	5e-06	0.001
0.435	0.9	0.1	0.2008545	0.4	80	65.4	9.1	500	3.5	8.61	0.003304	0.00010279	0.00156731	2	0.15	0.1	0.0012034	0.2	0.00164615	0.45	0.01376929	2	4.5	0.001	0.43208486	0.39	1	0.00015335	0.001	0.001	0.02115956	0.26789905	0.0490008	9.99584182	0.1	0.01	0.01	0.01	1e-05	0.01	0.00140765	0.05	0.5	1e-04	100	5e-06	0.001
0.435	0.9	0.1	0.2008545	0.4	80	65.4	9.1	500	3.5	8.61	0.003304	0.00010287	0.00155047	2	0.15	0.1	0.0012028	0.2	0.00156703	0.45	0.01417641	2	4.5	0.001	0.43708393	0.39	1	0.00015335	0.001	0.001	0.02115956	0.26789905	0.0490008	9.99584182	0.1	0.01	0.01	0.01	1e-05	0.01	0.00140765	0.05	0.5	1e-04	100	5e-06	0.001
0.435	0.9	0.1	0.2008545	0.4	80	65.4	9.1	500	3.5	8.61	0.003304	0.00010282	0.00157597	2	0.15	0.1	0.00120415	0.2	0.00160529	0.45	0.0139802	2	4.5	0.001	0.42427733	0.39	1	0.00015335	0.001	0.001	0.02115956	0.26789905	0.0490008	9.99584182	0.1	0.01	0.01	0.01	1e-05	0.01	0.00140765	0.05	0.5	1e-04	100	5e-06	0.001
0.435	0.9	0.1	0.2008545	0.4	80	65.4	9.1	500	3.5	8.61	0.003304	0.00010329	0.00126828	2	0.15	0.1	0.00142078	0.2	0.00178252	0.45	0.01559126	2	4.5	0.001	0.58874039	0.39	1	0.00015335	0.001	0.001	0.02115956	0.26789905	0.0490008	9.99584182	0.1	0.01	0.01	0.01	1e-05	0.01	0.00140765	0.05	0.5	1e-04	100	5e-06	0.001
0.435	0.9	0.1	0.2008545	0.4	80	65.4	9.1	500	3.5	8.61	0.003304	0.00010356	0.00127091	2	0.15	0.1	0.00141604	0.2	0.00168213	0.45	0.01573379	2	4.5	0.001	0.58844852	0.39	1	0.00015335	0.001	0.001	0.02115956	0.26789905	0.0490008	9.99584182	0.1	0.01	0.01	0.01	1e-05	0.01	0.00140765	0.05	0.5	1e-04	100	5e-06	0.001
0.435	0.9	0.1	0.2008545	0.4	80	65.4	9.1	500	3.5	8.61	0.003304	0.00010356	0.0012798	2	0.15	0.1	0.00141604	0.2	0.00164295	0.45	0.01573379	2	4.5	0.001	0.58950979	0.39	1	0.00015335	0.001	0.001	0.02115956	0.26789905	0.0490008	9.99584182	0.1	0.01	0.01	0.01	1e-05	0.01	0.00140765	0.05	0.5	1e-04	100	5e-06	0.001
0.435	0.9	0.1	0.2008545	0.4	80	65.4	9.1	500	3.5	8.61	0.003304	0.00010356	0.00127061	2	0.15	0.1	0.00141604	0.2	0.00172265	0.45	0.01573379	2	4.5	0.001	0.58582716	0.39	1	0.00015335	0.001	0.001	0.02115956	0.26789905	0.0490008	9.99584182	0.1	0.01	0.01	0.01	1e-05	0.01	0.00140765	0.05	0.5	1e-04	100	5e-06	0.001
0.435	0.9	0.1	0.2008545	0.4	80	65.4	9.1	500	3.5	8.61	0.003304	0.00010338	0.00125577	2	0.15	0.1	0.00142791	0.2	0.00176969	0.45	0.01564723	2	4.5	0.001	0.59117802	0.39	1	0.00015335	0.001	0.001	0.02115956	0.26789905	0.0490008	9.99584182	0.1	0.01	0.01	0.01	1e-05	0.01	0.00140765	0.05	0.5	1e-04	100	5e-06	0.001
0.435	0.9	0.1	0.2008545	0.4	80	65.4	9.1	500	3.5	8.61	0.003304	0.00010263	0.00128412	2	0.15	0.1	0.00138831	0.2	0.00153532	0.45	0.01561746	2	4.5	0.001	0.58729767	0.39	1	0.00015335	0.001	0.001	0.02115956	0.26789905	0.0490008	9.99584182	0.1	0.01	0.01	0.01	1e-05	0.01	0.00140765	0.05	0.5	1e-04	100	5e-06	0.001
0.435	0.9	0.1	0.2008545	0.4	80	65.4	9.1	500	3.5	8.61	0.003304	0.00010329	0.00126828	2	0.15	0.1	0.00142078	0.2	0.00178252	0.45	0.01559126	2	4.5	0.001	0.58874039	0.39	1	0.00015335	0.001	0.001	0.02115956	0.26789905	0.0490008	9.99584182	0.1	0.01	0.01	0.01	1e-05	0.01	0.00140765	0.05	0.5	1e-04	100	5e-06	0.001
0.435	0.9	0.1	0.2008545	0.4	80	65.4	9.1	500	3.5	8.61	0.003304	0.00010356	0.00127091	2	0.15	0.1	0.00141604	0.2	0.00168213	0.45	0.01573379	2	4.5	0.001	0.58844852	0.39	1	0.00015335	0.001	0.001	0.02115956	0.26789905	0.0490008	9.99584182	0.1	0.01	0.01	0.01	1e-05	0.01	0.00140765	0.05	0.5	1e-04	100	5e-06	0.001
0.435	0.9	0.1	0.2008545	0.4	80	65.4	9.1	500	3.5	8.61	0.003304	0.00010342	0.00128802	2	0.15	0.1	0.00139639	0.2	0.00158586	0.45	0.01556766	2	4.5	0.001	0.58725601	0.39	1	0.00015335	0.001	0.001	0.02115956	0.26789905	0.0490008	9.99584182	0.1	0.01	0.01	0.01	1e-05	0.01	0.00140765	0.05	0.5	1e-04	100	5e-06	0.001
0.435	0.9	0.1	0.2008545	0.4	80	65.4	9.1	500	3.5	8.61	0.003304	0.00010356	0.0012798	2	0.15	0.1	0.00141604	0.2	0.00164295	0.45	0.01573379	2	4.5	0.001	0.58950979	0.39	1	0.00015335	0.001	0.001	0.02115956	0.26789905	0.0490008	9.99584182	0.1	0.01	0.01	0.01	1e-05	0.01	0.00140765	0.05	0.5	1e-04	100	5e-06	0.001
0.435	0.9	0.1	0.2008545	0.4	80	65.4	9.1	500	3.5	8.61	0.003304	0.00010318	0.00127752	2	0.15	0.1	0.00141076	0.2	0.00170408	0.45	0.01566047	2	4.5	0.001	0.58835601	0.39	1	0.00015335	0.001	0.001	0.02115956	0.26789905	0.0490008	9.99584182	0.1	0.01	0.01	0.01	1e-05	0.01	0.00140765	0.05	0.5	1e-04	100	5e-06	0.001
0.435	0.9	0.1	0.2008545	0.4	80	65.4	9.1	500	3.5	8.61	0.003304	0.00010356	0.00127061	2	0.15	0.1	0.00141604	0.2	0.00172265	0.45	0.01573379	2	4.5	0.001	0.58582716	0.39	1	0.00015335	0.001	0.001	0.02115956	0.26789905	0.0490008	9.99584182	0.1	0.01	0.01	0.01	1e-05	0.01	0.00140765	0.05	0.5	1e-04	100	5e-06	0.001
0.435	0.9	0.1	0.2008545	0.4	80	65.4	9.1	500	3.5	8.61	0.003304	0.00010338	0.00125577	2	0.15	0.1	0.00142791	0.2	0.00176969	0.45	0.01564723	2	4.5	0.001	0.59117802	0.39	1	0.00015335	0.001	0.001	0.02115956	0.26789905	0.0490008	9.99584182	0.1	0.01	0.01	0.01	1e-05	0.01	0.00140765	0.05	0.5	1e-04	100	5e-06	0.001
0.435	0.9	0.1	0.2008545	0.4	80	65.4	9.1	500	3.5	8.61	0.003304	0.00010263	0.00128412	2	0.15	0.1	0.00138831	0.2	0.00153532	0.45	0.01561746	2	4.5	0.001	0.58729767	0.39	1	0.00015335	0.001	0.001	0.02115956	0.26789905	0.0490008	9.99584182	0.1	0.01	0.01	0.01	1e-05	0.01	0.00140765	0.05	0.5	1e-04	100	5e-06	0.001
0.435	0.9	0.1	0.2008545	0.4	80	65.4	9.1	500	3.5	8.61	0.003304	0.00010365	0.0012814	2	0.15	0.1	0.00141324	0.2	0.00171162	0.45	0.01561947	2	4.5	0.001	0.58819877	0.39	1	0.00015335	0.001	0.001	0.02115956	0.26789905	0.0490008	9.99584182	0.1	0.01	0.01	0.01	1e-05	0.01	0.00140765	0.05	0.5	1e-04	100	5e-06	0.001
0.435	0.9	0.1	0.2008545	0.4	80	65.4	9.1	500	3.5	8.61	0.003304	0.00010419	0.00129078	2	0.15	0.1	0.00140949	0.2	0.00162632	0.45	0.01551771	2	4.5	0.001	0.58818035	0.39	1	0.00015335	0.001	0.001	0.02115956	0.26789905	0.0490008	9.99584182	0.1	0.01	0.01	0.01	1e-05	0.01	0.00140765	0.05	0.5	1e-04	100	5e-06	0.001
0.435	0.9	0.1	0.2008545	0.4	80	65.4	9.1	500	3.5	8.61	0.003304	0.00010361	0.00127617	2	0.15	0.1	0.00141957	0.2	0.00173761	0.45	0.01563801	2	4.5	0.001	0.58869909	0.39	1	0.00015335	0.001	0.001	0.02115956	0.26789905	0.0490008	9.99584182	0.1	0.01	0.01	0.01	1e-05	0.01	0.00140765	0.05	0.5	1e-04	100	5e-06	0.001
0.435	0.9	0.1	0.2008545	0.4	80	65.4	9.1	500	3.5	8.61	0.003304	0.0001031	0.00128309	2	0.15	0.1	0.00141491	0.2	0.00171641	0.45	0.01584551	2	4.5	0.001	0.5891684	0.39	1	0.00015335	0.001	0.001	0.02115956	0.26789905	0.0490008	9.99584182	0.1	0.01	0.01	0.01	1e-05	0.01	0.00140765	0.05	0.5	1e-04	100	5e-06	0.001
0.435	0.9	0.1	0.2008545	0.4	80	65.4	9.1	500	3.5	8.61	0.003304	0.00010329	0.00126828	2	0.15	0.1	0.00142078	0.2	0.00178252	0.45	0.01559126	2	4.5	0.001	0.58874039	0.39	1	0.00015335	0.001	0.001	0.02115956	0.26789905	0.0490008	9.99584182	0.1	0.01	0.01	0.01	1e-05	0.01	0.00140765	0.05	0.5	1e-04	100	5e-06	0.001
0.435	0.9	0.1	0.2008545	0.4	80	65.4	9.1	500	3.5	8.61	0.003304	0.00010318	0.0012739	2	0.15	0.1	0.00142276	0.2	0.00177041	0.45	0.01574405	2	4.5	0.001	0.58948358	0.39	1	0.00015335	0.001	0.001	0.02115956	0.26789905	0.0490008	9.99584182	0.1	0.01	0.01	0.01	1e-05	0.01	0.00140765	0.05	0.5	1e-04	100	5e-06	0.001
0.435	0.9	0.1	0.2008545	0.4	80	65.4	9.1	500	3.5	8.61	0.003304	0.00010256	0.00127384	2	0.15	0.1	0.00141989	0.2	0.00178825	0.45	0.01580757	2	4.5	0.001	0.58993856	0.39	1	0.00015335	0.001	0.001	0.02115956	0.26789905	0.0490008	9.99584182	0.1	0.01	0.01	0.01	1e-05	0.01	0.00140765	0.05	0.5	1e-04	100	5e-06	0.001
0.435	0.9	0.1	0.2008545	0.4	80	65.4	9.1	500	3.5	8.61	0.003304	0.00010318	0.00127752	2	0.15	0.1	0.00141076	0.2	0.00170408	0.45	0.01566047	2	4.5	0.001	0.58835601	0.39	1	0.00015335	0.001	0.001	0.02115956	0.26789905	0.0490008	9.99584182	0.1	0.01	0.01	0.01	1e-05	0.01	0.00140765	0.05	0.5	1e-04	100	5e-06	0.001
0.435	0.9	0.1	0.2008545	0.4	80	65.4	9.1	500	3.5	8.61	0.003304	0.00010361	0.00127617	2	0.15	0.1	0.00141957	0.2	0.00173761	0.45	0.01563801	2	4.5	0.001	0.58869909	0.39	1	0.00015335	0.001	0.001	0.02115956	0.26789905	0.0490008	9.99584182	0.1	0.01	0.01	0.01	1e-05	0.01	0.00140765	0.05	0.5	1e-04	100	5e-06	0.001
0.435	0.9	0.1	0.2008545	0.4	80	65.4	9.1	500	3.5	8.61	0.003304	0.00010318	0.0012739	2	0.15	0.1	0.00142276	0.2	0.00177041	0.45	0.01574405	2	4.5	0.001	0.58948358	0.39	1	0.00015335	0.001	0.001	0.02115956	0.26789905	0.0490008	9.99584182	0.1	0.01	0.01	0.01	1e-05	0.01	0.00140765	0.05	0.5	1e-04	100	5e-06	0.001
0.435	0.9	0.1	0.2008545	0.4	80	65.4	9.1	500	3.5	8.61	0.003304	0.00010256	0.00127384	2	0.15	0.1	0.00141989	0.2	0.00178825	0.45	0.01580757	2	4.5	0.001	0.58993856	0.39	1	0.00015335	0.001	0.001	0.02115956	0.26789905	0.0490008	9.99584182	0.1	0.01	0.01	0.01	1e-05	0.01	0.00140765	0.05	0.5	1e-04	100	5e-06	0.001
0.435	0.9	0.1	0.2008545	0.4	80	65.4	9.1	500	3.5	8.61	0.003304	0.00010866	0.0014425	2	0.15	0.1	0.00141218	0.2	0.00198716	0.45	0.01382295	2	4.5	0.001	0.54756178	0.39	1	0.00015335	0.001	0.001	0.02115956	0.26789905	0.0490008	9.99584182	0.1	0.01	0.01	0.01	1e-05	0.01	0.00140765	0.05	0.5	1e-04	100	5e-06	0.001
0.435	0.9	0.1	0.2008545	0.4	80	65.4	9.1	500	3.5	8.61	0.003304	0.00010835	0.00144183	2	0.15	0.1	0.00136637	0.2	0.00142283	0.45	0.01336693	2	4.5	0.001	0.55903526	0.39	1	0.00015335	0.001	0.001	0.02115956	0.26789905	0.0490008	9.99584182	0.1	0.01	0.01	0.01	1e-05	0.01	0.00140765	0.05	0.5	1e-04	100	5e-06	0.001
0.435	0.9	0.1	0.2008545	0.4	80	65.4	9.1	500	3.5	8.61	0.003304	0.00010812	0.00142182	2	0.15	0.1	0.00138656	0.2	0.00157296	0.45	0.01240719	2	4.5	0.001	0.56746318	0.39	1	0.00015335	0.001	0.001	0.02115956	0.26789905	0.0490008	9.99584182	0.1	0.01	0.01	0.01	1e-05	0.01	0.00140765	0.05	0.5	1e-04	100	5e-06	0.001
0.435	0.9	0.1	0.2008545	0.4	80	65.4	9.1	500	3.5	8.61	0.003304	0.00010812	0.00142182	2	0.15	0.1	0.00138656	0.2	0.00157296	0.45	0.01240719	2	4.5	0.001	0.56746318	0.39	1	0.00015335	0.001	0.001	0.02115956	0.26789905	0.0490008	9.99584182	0.1	0.01	0.01	0.01	1e-05	0.01	0.00140765	0.05	0.5	1e-04	100	5e-06	0.001
0.436	0.9	0.1	0.2008545	0.4	80	65.4	9.1	500	3.5	8.61	0.003304	0.00010191	0.00124748	2	0.15	0.1	0.00140594	0.2	0.00156559	0.45	0.01440044	2	4.5	0.001	0.59176839	0.39	1	0.00015335	0.001	0.001	0.02115956	0.26789905	0.0490008	9.99584182	0.1	0.01	0.01	0.01	1e-05	0.01	0.00140765	0.05	0.5	1e-04	100	5e-06	0.001
0.436	0.9	0.1	0.2008545	0.4	80	65.4	9.1	500	3.5	8.61	0.003304	0.00010423	0.00127479	2	0.15	0.1	0.00140788	0.2	0.00156183	0.45	0.01441576	2	4.5	0.001	0.58227597	0.39	1	0.00015335	0.001	0.001	0.02115956	0.26789905	0.0490008	9.99584182	0.1	0.01	0.01	0.01	1e-05	0.01	0.00140765	0.05	0.5	1e-04	100	5e-06	0.001
0.436	0.9	0.1	0.2008545	0.4	80	65.4	9.1	500	3.5	8.61	0.003304	0.00010282	0.00127103	2	0.15	0.1	0.00140349	0.2	0.00167896	0.45	0.01453043	2	4.5	0.001	0.58875382	0.39	1	0.00015335	0.001	0.001	0.02115956	0.26789905	0.0490008	9.99584182	0.1	0.01	0.01	0.01	1e-05	0.01	0.00140765	0.05	0.5	1e-04	100	5e-06	0.001
0.436	0.9	0.1	0.2008545	0.4	80	65.4	9.1	500	3.5	8.61	0.003304	0.00010191	0.00124748	2	0.15	0.1	0.00140594	0.2	0.00156559	0.45	0.01440044	2	4.5	0.001	0.59176839	0.39	1	0.00015335	0.001	0.001	0.02115956	0.26789905	0.0490008	9.99584182	0.1	0.01	0.01	0.01	1e-05	0.01	0.00140765	0.05	0.5	1e-04	100	5e-06	0.001
0.436	0.9	0.1	0.2008545	0.4	80	65.4	9.1	500	3.5	8.61	0.003304	0.00010268	0.00125845	2	0.15	0.1	0.00140336	0.2	0.00152602	0.45	0.01429026	2	4.5	0.001	0.59458039	0.39	1	0.00015335	0.001	0.001	0.02115956	0.26789905	0.0490008	9.99584182	0.1	0.01	0.01	0.01	1e-05	0.01	0.00140765	0.05	0.5	1e-04	100	5e-06	0.001
0.436	0.9	0.1	0.2008545	0.4	80	65.4	9.1	500	3.5	8.61	0.003304	0.00010423	0.00127479	2	0.15	0.1	0.00140788	0.2	0.00156183	0.45	0.01441576	2	4.5	0.001	0.58227597	0.39	1	0.00015335	0.001	0.001	0.02115956	0.26789905	0.0490008	9.99584182	0.1	0.01	0.01	0.01	1e-05	0.01	0.00140765	0.05	0.5	1e-04	100	5e-06	0.001
0.436	0.9	0.1	0.2008545	0.4	80	65.4	9.1	500	3.5	8.61	0.003304	0.00010495	0.00138715	2	0.15	0.1	0.00139046	0.2	0.00199759	0.45	0.01419431	2	4.5	0.001	0.58194254	0.39	1	0.00015335	0.001	0.001	0.02115956	0.26789905	0.0490008	9.99584182	0.1	0.01	0.01	0.01	1e-05	0.01	0.00140765	0.05	0.5	1e-04	100	5e-06	0.001
0.436	0.9	0.1	0.2008545	0.4	80	65.4	9.1	500	3.5	8.61	0.003304	0.0001019	0.00135315	2	0.15	0.1	0.00135514	0.2	0.00169154	0.45	0.01414931	2	4.5	0.001	0.5942198	0.39	1	0.00015335	0.001	0.001	0.02115956	0.26789905	0.0490008	9.99584182	0.1	0.01	0.01	0.01	1e-05	0.01	0.00140765	0.05	0.5	1e-04	100	5e-06	0.001
0.436	0.9	0.1	0.2008545	0.4	80	65.4	9.1	500	3.5	8.61	0.003304	0.00010303	0.00137705	2	0.15	0.1	0.00133218	0.2	0.00173028	0.45	0.0143586	2	4.5	0.001	0.59135564	0.39	1	0.00015335	0.001	0.001	0.02115956	0.26789905	0.0490008	9.99584182	0.1	0.01	0.01	0.01	1e-05	0.01	0.00140765	0.05	0.5	1e-04	100	5e-06	0.001
0.436	0.9	0.1	0.2008545	0.4	80	65.4	9.1	500	3.5	8.61	0.003304	0.00010228	0.00136638	2	0.15	0.1	0.00135575	0.2	0.00182298	0.45	0.0143514	2	4.5	0.001	0.59253254	0.39	1	0.00015335	0.001	0.001	0.02115956	0.26789905	0.0490008	9.99584182	0.1	0.01	0.01	0.01	1e-05	0.01	0.00140765	0.05	0.5	1e-04	100	5e-06	0.001
0.436	0.9	0.1	0.2008545	0.4	80	65.4	9.1	500	3.5	8.61	0.003304	0.00010441	0.00129047	2	0.15	0.1	0.00143602	0.2	0.00205523	0.45	0.01569163	2	4.5	0.001	0.59436338	0.39	1	0.00015335	0.001	0.001	0.02115956	0.26789905	0.0490008	9.99584182	0.1	0.01	0.01	0.01	1e-05	0.01	0.00140765	0.05	0.5	1e-04	100	5e-06	0.001
0.436	0.9	0.1	0.2008545	0.4	80	65.4	9.1	500	3.5	8.61	0.003304	0.00010612	0.00140814	2	0.15	0.1	0.00137536	0.2	0.00191643	0.45	0.01527788	2	4.5	0.001	0.5902265	0.39	1	0.00015335	0.001	0.001	0.02115956	0.26789905	0.0490008	9.99584182	0.1	0.01	0.01	0.01	1e-05	0.01	0.00140765	0.05	0.5	1e-04	100	5e-06	0.001
0.436	0.9	0.1	0.2008545	0.4	80	65.4	9.1	500	3.5	8.61	0.003304	0.0001065	0.00140065	2	0.15	0.1	0.00145026	0.2	0.0016409	0.45	0.015593	2	4.5	0.001	0.59260914	0.39	1	0.00015335	0.001	0.001	0.02115956	0.26789905	0.0490008	9.99584182	0.1	0.01	0.01	0.01	1e-05	0.01	0.00140765	0.05	0.5	1e-04	100	5e-06	0.001
0.436	0.9	0.1	0.2008545	0.4	80	65.4	9.1	500	3.5	8.61	0.003304	0.0001065	0.00129529	2	0.15	0.1	0.00145026	0.2	0.00204367	0.45	0.015593	2	4.5	0.001	0.59541002	0.39	1	0.00015335	0.001	0.001	0.02115956	0.26789905	0.0490008	9.99584182	0.1	0.01	0.01	0.01	1e-05	0.01	0.00140765	0.05	0.5	1e-04	100	5e-06	0.001
0.436	0.9	0.1	0.2008545	0.4	80	65.4	9.1	500	3.5	8.61	0.003304	0.00010283	0.0015189	2	0.15	0.1	0.00123216	0.2	0.00175223	0.45	0.01363273	2	4.5	0.001	0.47191113	0.39	1	0.00015335	0.001	0.001	0.02115956	0.26789905	0.0490008	9.99584182	0.1	0.01	0.01	0.01	1e-05	0.01	0.00140765	0.05	0.5	1e-04	100	5e-06	0.001
0.436	0.9	0.1	0.2008545	0.4	80	65.4	9.1	500	3.5	8.61	0.003304	0.00010264	0.00157672	2	0.15	0.1	0.00119965	0.2	0.00191676	0.45	0.0130697	2	4.5	0.001	0.43589844	0.39	1	0.00015335	0.001	0.001	0.02115956	0.26789905	0.0490008	9.99584182	0.1	0.01	0.01	0.01	1e-05	0.01	0.00140765	0.05	0.5	1e-04	100	5e-06	0.001
0.436	0.9	0.1	0.2008545	0.4	80	65.4	9.1	500	3.5	8.61	0.003304	0.00010287	0.00165888	2	0.15	0.1	0.00117536	0.2	0.00167003	0.45	0.01473206	2	4.5	0.001	0.39377994	0.39	1	0.00015335	0.001	0.001	0.02115956	0.26789905	0.0490008	9.99584182	0.1	0.01	0.01	0.01	1e-05	0.01	0.00140765	0.05	0.5	1e-04	100	5e-06	0.001
0.436	0.9	0.1	0.2008545	0.4	80	65.4	9.1	500	3.5	8.61	0.003304	0.00010283	0.0015189	2	0.15	0.1	0.00123216	0.2	0.00175223	0.45	0.01363273	2	4.5	0.001	0.47191113	0.39	1	0.00015335	0.001	0.001	0.02115956	0.26789905	0.0490008	9.99584182	0.1	0.01	0.01	0.01	1e-05	0.01	0.00140765	0.05	0.5	1e-04	100	5e-06	0.001
0.436	0.9	0.1	0.2008545	0.4	80	65.4	9.1	500	3.5	8.61	0.003304	0.00010264	0.00157672	2	0.15	0.1	0.00119965	0.2	0.00191676	0.45	0.0130697	2	4.5	0.001	0.43589844	0.39	1	0.00015335	0.001	0.001	0.02115956	0.26789905	0.0490008	9.99584182	0.1	0.01	0.01	0.01	1e-05	0.01	0.00140765	0.05	0.5	1e-04	100	5e-06	0.001
0.436	0.9	0.1	0.2008545	0.4	80	65.4	9.1	500	3.5	8.61	0.003304	0.00010255	0.00149475	2	0.15	0.1	0.00125753	0.2	0.00167667	0.45	0.01210054	2	4.5	0.001	0.45659626	0.39	1	0.00015335	0.001	0.001	0.02115956	0.26789905	0.0490008	9.99584182	0.1	0.01	0.01	0.01	1e-05	0.01	0.00140765	0.05	0.5	1e-04	100	5e-06	0.001
0.436	0.9	0.1	0.2008545	0.4	80	65.4	9.1	500	3.5	8.61	0.003304	0.00010263	0.00146388	2	0.15	0.1	0.00126291	0.2	0.00163906	0.45	0.01226663	2	4.5	0.001	0.46438719	0.39	1	0.00015335	0.001	0.001	0.02115956	0.26789905	0.0490008	9.99584182	0.1	0.01	0.01	0.01	1e-05	0.01	0.00140765	0.05	0.5	1e-04	100	5e-06	0.001
0.436	0.9	0.1	0.2008545	0.4	80	65.4	9.1	500	3.5	8.61	0.003304	0.00010288	0.00154785	2	0.15	0.1	0.00124932	0.2	0.00162306	0.45	0.01432445	2	4.5	0.001	0.44357713	0.39	1	0.00015335	0.001	0.001	0.02115956	0.26789905	0.0490008	9.99584182	0.1	0.01	0.01	0.01	1e-05	0.01	0.00140765	0.05	0.5	1e-04	100	5e-06	0.001
0.436	0.9	0.1	0.2008545	0.4	80	65.4	9.1	500	3.5	8.61	0.003304	0.00010287	0.00165888	2	0.15	0.1	0.00117536	0.2	0.00167003	0.45	0.01473206	2	4.5	0.001	0.39377994	0.39	1	0.00015335	0.001	0.001	0.02115956	0.26789905	0.0490008	9.99584182	0.1	0.01	0.01	0.01	1e-05	0.01	0.00140765	0.05	0.5	1e-04	100	5e-06	0.001
0.436	0.9	0.1	0.2008545	0.4	80	65.4	9.1	500	3.5	8.61	0.003304	0.00010269	0.00156021	2	0.15	0.1	0.00119247	0.2	0.00170659	0.45	0.01308209	2	4.5	0.001	0.44015508	0.39	1	0.00015335	0.001	0.001	0.02115956	0.26789905	0.0490008	9.99584182	0.1	0.01	0.01	0.01	1e-05	0.01	0.00140765	0.05	0.5	1e-04	100	5e-06	0.001
0.436	0.9	0.1	0.2008545	0.4	80	65.4	9.1	500	3.5	8.61	0.003304	0.00010268	0.00157007	2	0.15	0.1	0.00121697	0.2	0.00176045	0.45	0.01346427	2	4.5	0.001	0.43082104	0.39	1	0.00015335	0.001	0.001	0.02115956	0.26789905	0.0490008	9.99584182	0.1	0.01	0.01	0.01	1e-05	0.01	0.00140765	0.05	0.5	1e-04	100	5e-06	0.001
0.436	0.9	0.1	0.2008545	0.4	80	65.4	9.1	500	3.5	8.61	0.003304	0.00010283	0.0015189	2	0.15	0.1	0.00123216	0.2	0.00175223	0.45	0.01363273	2	4.5	0.001	0.47191113	0.39	1	0.00015335	0.001	0.001	0.02115956	0.26789905	0.0490008	9.99584182	0.1	0.01	0.01	0.01	1e-05	0.01	0.00140765	0.05	0.5	1e-04	100	5e-06	0.001
0.436	0.9	0.1	0.2008545	0.4	80	65.4	9.1	500	3.5	8.61	0.003304	0.00010265	0.00151645	2	0.15	0.1	0.00125206	0.2	0.0017825	0.45	0.01267052	2	4.5	0.001	0.45642917	0.39	1	0.00015335	0.001	0.001	0.02115956	0.26789905	0.0490008	9.99584182	0.1	0.01	0.01	0.01	1e-05	0.01	0.00140765	0.05	0.5	1e-04	100	5e-06	0.001
0.436	0.9	0.1	0.2008545	0.4	80	65.4	9.1	500	3.5	8.61	0.003304	0.00010264	0.00157672	2	0.15	0.1	0.00119965	0.2	0.00191676	0.45	0.0130697	2	4.5	0.001	0.43589844	0.39	1	0.00015335	0.001	0.001	0.02115956	0.26789905	0.0490008	9.99584182	0.1	0.01	0.01	0.01	1e-05	0.01	0.00140765	0.05	0.5	1e-04	100	5e-06	0.001
0.436	0.9	0.1	0.2008545	0.4	80	65.4	9.1	500	3.5	8.61	0.003304	0.00010255	0.00149475	2	0.15	0.1	0.00125753	0.2	0.00167667	0.45	0.01210054	2	4.5	0.001	0.45659626	0.39	1	0.00015335	0.001	0.001	0.02115956	0.26789905	0.0490008	9.99584182	0.1	0.01	0.01	0.01	1e-05	0.01	0.00140765	0.05	0.5	1e-04	100	5e-06	0.001
0.436	0.9	0.1	0.2008545	0.4	80	65.4	9.1	500	3.5	8.61	0.003304	0.00010259	0.00147838	2	0.15	0.1	0.00129286	0.2	0.00191579	0.45	0.01215832	2	4.5	0.001	0.46686394	0.39	1	0.00015335	0.001	0.001	0.02115956	0.26789905	0.0490008	9.99584182	0.1	0.01	0.01	0.01	1e-05	0.01	0.00140765	0.05	0.5	1e-04	100	5e-06	0.001
0.436	0.9	0.1	0.2008545	0.4	80	65.4	9.1	500	3.5	8.61	0.003304	0.00010288	0.00154785	2	0.15	0.1	0.00124932	0.2	0.00162306	0.45	0.01432445	2	4.5	0.001	0.44357713	0.39	1	0.00015335	0.001	0.001	0.02115956	0.26789905	0.0490008	9.99584182	0.1	0.01	0.01	0.01	1e-05	0.01	0.00140765	0.05	0.5	1e-04	100	5e-06	0.001
0.436	0.9	0.1	0.2008545	0.4	80	65.4	9.1	500	3.5	8.61	0.003304	0.00010272	0.00156204	2	0.15	0.1	0.00121156	0.2	0.00166621	0.45	0.01329008	2	4.5	0.001	0.43336376	0.39	1	0.00015335	0.001	0.001	0.02115956	0.26789905	0.0490008	9.99584182	0.1	0.01	0.01	0.01	1e-05	0.01	0.00140765	0.05	0.5	1e-04	100	5e-06	0.001
0.436	0.9	0.1	0.2008545	0.4	80	65.4	9.1	500	3.5	8.61	0.003304	0.00010268	0.00157007	2	0.15	0.1	0.00121697	0.2	0.00176045	0.45	0.01346427	2	4.5	0.001	0.43082104	0.39	1	0.00015335	0.001	0.001	0.02115956	0.26789905	0.0490008	9.99584182	0.1	0.01	0.01	0.01	1e-05	0.01	0.00140765	0.05	0.5	1e-04	100	5e-06	0.001
0.436	0.9	0.1	0.2008545	0.4	80	65.4	9.1	500	3.5	8.61	0.003304	0.00010283	0.0015189	2	0.15	0.1	0.00123216	0.2	0.00175223	0.45	0.01363273	2	4.5	0.001	0.47191113	0.39	1	0.00015335	0.001	0.001	0.02115956	0.26789905	0.0490008	9.99584182	0.1	0.01	0.01	0.01	1e-05	0.01	0.00140765	0.05	0.5	1e-04	100	5e-06	0.001
0.436	0.9	0.1	0.2008545	0.4	80	65.4	9.1	500	3.5	8.61	0.003304	0.00010276	0.00156728	2	0.15	0.1	0.00121931	0.2	0.00180878	0.45	0.01358857	2	4.5	0.001	0.43791075	0.39	1	0.00015335	0.001	0.001	0.02115956	0.26789905	0.0490008	9.99584182	0.1	0.01	0.01	0.01	1e-05	0.01	0.00140765	0.05	0.5	1e-04	100	5e-06	0.001
0.436	0.9	0.1	0.2008545	0.4	80	65.4	9.1	500	3.5	8.61	0.003304	0.0001027	0.0015426	2	0.15	0.1	0.00122528	0.2	0.00179244	0.45	0.01313638	2	4.5	0.001	0.44901502	0.39	1	0.00015335	0.001	0.001	0.02115956	0.26789905	0.0490008	9.99584182	0.1	0.01	0.01	0.01	1e-05	0.01	0.00140765	0.05	0.5	1e-04	100	5e-06	0.001
0.436	0.9	0.1	0.2008545	0.4	80	65.4	9.1	500	3.5	8.61	0.003304	0.00010274	0.00154215	2	0.15	0.1	0.00124527	0.2	0.00171143	0.45	0.01336492	2	4.5	0.001	0.44463573	0.39	1	0.00015335	0.001	0.001	0.02115956	0.26789905	0.0490008	9.99584182	0.1	0.01	0.01	0.01	1e-05	0.01	0.00140765	0.05	0.5	1e-04	100	5e-06	0.001
0.436	0.9	0.1	0.2008545	0.4	80	65.4	9.1	500	3.5	8.61	0.003304	0.00010273	0.00156848	2	0.15	0.1	0.0012236	0.2	0.00171855	0.45	0.01343529	2	4.5	0.001	0.43259578	0.39	1	0.00015335	0.001	0.001	0.02115956	0.26789905	0.0490008	9.99584182	0.1	0.01	0.01	0.01	1e-05	0.01	0.00140765	0.05	0.5	1e-04	100	5e-06	0.001
0.436	0.9	0.1	0.2008545	0.4	80	65.4	9.1	500	3.5	8.61	0.003304	0.00010359	0.00127374	2	0.15	0.1	0.00142925	0.2	0.0018453	0.45	0.01556198	2	4.5	0.001	0.58937808	0.39	1	0.00015335	0.001	0.001	0.02115956	0.26789905	0.0490008	9.99584182	0.1	0.01	0.01	0.01	1e-05	0.01	0.00140765	0.05	0.5	1e-04	100	5e-06	0.001
0.436	0.9	0.1	0.2008545	0.4	80	65.4	9.1	500	3.5	8.61	0.003304	0.00010088	0.0012297	2	0.15	0.1	0.00143896	0.2	0.0021166	0.45	0.01598808	2	4.5	0.001	0.59081637	0.39	1	0.00015335	0.001	0.001	0.02115956	0.26789905	0.0490008	9.99584182	0.1	0.01	0.01	0.01	1e-05	0.01	0.00140765	0.05	0.5	1e-04	100	5e-06	0.001
0.436	0.9	0.1	0.2008545	0.4	80	65.4	9.1	500	3.5	8.61	0.003304	0.00010501	0.0012683	2	0.15	0.1	0.00145449	0.2	0.00189142	0.45	0.01572865	2	4.5	0.001	0.58965579	0.39	1	0.00015335	0.001	0.001	0.02115956	0.26789905	0.0490008	9.99584182	0.1	0.01	0.01	0.01	1e-05	0.01	0.00140765	0.05	0.5	1e-04	100	5e-06	0.001
0.436	0.9	0.1	0.2008545	0.4	80	65.4	9.1	500	3.5	8.61	0.003304	0.00010088	0.00125662	2	0.15	0.1	0.00143896	0.2	0.00186007	0.45	0.01598808	2	4.5	0.001	0.59183048	0.39	1	0.00015335	0.001	0.001	0.02115956	0.26789905	0.0490008	9.99584182	0.1	0.01	0.01	0.01	1e-05	0.01	0.00140765	0.05	0.5	1e-04	100	5e-06	0.001
0.436	0.9	0.1	0.2008545	0.4	80	65.4	9.1	500	3.5	8.61	0.003304	0.00010501	0.00127195	2	0.15	0.1	0.00145449	0.2	0.00192189	0.45	0.01572865	2	4.5	0.001	0.58974507	0.39	1	0.00015335	0.001	0.001	0.02115956	0.26789905	0.0490008	9.99584182	0.1	0.01	0.01	0.01	1e-05	0.01	0.00140765	0.05	0.5	1e-04	100	5e-06	0.001
0.436	0.9	0.1	0.2008545	0.4	80	65.4	9.1	500	3.5	8.61	0.003304	0.00010501	0.00125628	2	0.15	0.1	0.00145449	0.2	0.00199004	0.45	0.01572865	2	4.5	0.001	0.58974707	0.39	1	0.00015335	0.001	0.001	0.02115956	0.26789905	0.0490008	9.99584182	0.1	0.01	0.01	0.01	1e-05	0.01	0.00140765	0.05	0.5	1e-04	100	5e-06	0.001
0.436	0.9	0.1	0.2008545	0.4	80	65.4	9.1	500	3.5	8.61	0.003304	0.00010345	0.0012312	2	0.15	0.1	0.0014809	0.2	0.00192603	0.45	0.01573404	2	4.5	0.001	0.59002925	0.39	1	0.00015335	0.001	0.001	0.02115956	0.26789905	0.0490008	9.99584182	0.1	0.01	0.01	0.01	1e-05	0.01	0.00140765	0.05	0.5	1e-04	100	5e-06	0.001
0.436	0.9	0.1	0.2008545	0.4	80	65.4	9.1	500	3.5	8.61	0.003304	0.00010329	0.00122963	2	0.15	0.1	0.00148131	0.2	0.00186158	0.45	0.01554388	2	4.5	0.001	0.58838775	0.39	1	0.00015335	0.001	0.001	0.02115956	0.26789905	0.0490008	9.99584182	0.1	0.01	0.01	0.01	1e-05	0.01	0.00140765	0.05	0.5	1e-04	100	5e-06	0.001
0.436	0.9	0.1	0.2008545	0.4	80	65.4	9.1	500	3.5	8.61	0.003304	0.00010501	0.00129543	2	0.15	0.1	0.00141817	0.2	0.0016144	0.45	0.01540134	2	4.5	0.001	0.58881705	0.39	1	0.00015335	0.001	0.001	0.02115956	0.26789905	0.0490008	9.99584182	0.1	0.01	0.01	0.01	1e-05	0.01	0.00140765	0.05	0.5	1e-04	100	5e-06	0.001
0.436	0.9	0.1	0.2008545	0.4	80	65.4	9.1	500	3.5	8.61	0.003304	0.00010329	0.00127974	2	0.15	0.1	0.00142078	0.2	0.00175796	0.45	0.01559126	2	4.5	0.001	0.58840142	0.39	1	0.00015335	0.001	0.001	0.02115956	0.26789905	0.0490008	9.99584182	0.1	0.01	0.01	0.01	1e-05	0.01	0.00140765	0.05	0.5	1e-04	100	5e-06	0.001
0.436	0.9	0.1	0.2008545	0.4	80	65.4	9.1	500	3.5	8.61	0.003304	0.0001021	0.00125601	2	0.15	0.1	0.00142898	0.2	0.00191143	0.45	0.01582982	2	4.5	0.001	0.5908851	0.39	1	0.00015335	0.001	0.001	0.02115956	0.26789905	0.0490008	9.99584182	0.1	0.01	0.01	0.01	1e-05	0.01	0.00140765	0.05	0.5	1e-04	100	5e-06	0.001
0.436	0.9	0.1	0.2008545	0.4	80	65.4	9.1	500	3.5	8.61	0.003304	0.00010329	0.00127926	2	0.15	0.1	0.00142078	0.2	0.00185921	0.45	0.01559126	2	4.5	0.001	0.58845413	0.39	1	0.00015335	0.001	0.001	0.02115956	0.26789905	0.0490008	9.99584182	0.1	0.01	0.01	0.01	1e-05	0.01	0.00140765	0.05	0.5	1e-04	100	5e-06	0.001
0.436	0.9	0.1	0.2008545	0.4	80	65.4	9.1	500	3.5	8.61	0.003304	0.00010359	0.00127374	2	0.15	0.1	0.00142925	0.2	0.0018453	0.45	0.01556198	2	4.5	0.001	0.58937808	0.39	1	0.00015335	0.001	0.001	0.02115956	0.26789905	0.0490008	9.99584182	0.1	0.01	0.01	0.01	1e-05	0.01	0.00140765	0.05	0.5	1e-04	100	5e-06	0.001
0.436	0.9	0.1	0.2008545	0.4	80	65.4	9.1	500	3.5	8.61	0.003304	0.00010206	0.00126185	2	0.15	0.1	0.00143355	0.2	0.00184878	0.45	0.01582557	2	4.5	0.001	0.59082998	0.39	1	0.00015335	0.001	0.001	0.02115956	0.26789905	0.0490008	9.99584182	0.1	0.01	0.01	0.01	1e-05	0.01	0.00140765	0.05	0.5	1e-04	100	5e-06	0.001
0.436	0.9	0.1	0.2008545	0.4	80	65.4	9.1	500	3.5	8.61	0.003304	0.00010355	0.0012572	2	0.15	0.1	0.00144218	0.2	0.00194925	0.45	0.01575916	2	4.5	0.001	0.58991166	0.39	1	0.00015335	0.001	0.001	0.02115956	0.26789905	0.0490008	9.99584182	0.1	0.01	0.01	0.01	1e-05	0.01	0.00140765	0.05	0.5	1e-04	100	5e-06	0.001
0.436	0.9	0.1	0.2008545	0.4	80	65.4	9.1	500	3.5	8.61	0.003304	0.00010329	0.00126475	2	0.15	0.1	0.00144349	0.2	0.00181173	0.45	0.01561879	2	4.5	0.001	0.58950737	0.39	1	0.00015335	0.001	0.001	0.02115956	0.26789905	0.0490008	9.99584182	0.1	0.01	0.01	0.01	1e-05	0.01	0.00140765	0.05	0.5	1e-04	100	5e-06	0.001
0.436	0.9	0.1	0.2008545	0.4	80	65.4	9.1	500	3.5	8.61	0.003304	0.00010384	0.00126489	2	0.15	0.1	0.00144773	0.2	0.00183762	0.45	0.0156746	2	4.5	0.001	0.58928041	0.39	1	0.00015335	0.001	0.001	0.02115956	0.26789905	0.0490008	9.99584182	0.1	0.01	0.01	0.01	1e-05	0.01	0.00140765	0.05	0.5	1e-04	100	5e-06	0.001
0.436	0.9	0.1	0.2008545	0.4	80	65.4	9.1	500	3.5	8.61	0.003304	0.00010388	0.00126452	2	0.15	0.1	0.00145019	0.2	0.00179271	0.45	0.01564249	2	4.5	0.001	0.58916999	0.39	1	0.00015335	0.001	0.001	0.02115956	0.26789905	0.0490008	9.99584182	0.1	0.01	0.01	0.01	1e-05	0.01	0.00140765	0.05	0.5	1e-04	100	5e-06	0.001
0.436	0.9	0.1	0.2008545	0.4	80	65.4	9.1	500	3.5	8.61	0.003304	0.00010501	0.0012683	2	0.15	0.1	0.00145449	0.2	0.00189142	0.45	0.01572865	2	4.5	0.001	0.58965579	0.39	1	0.00015335	0.001	0.001	0.02115956	0.26789905	0.0490008	9.99584182	0.1	0.01	0.01	0.01	1e-05	0.01	0.00140765	0.05	0.5	1e-04	100	5e-06	0.001
0.436	0.9	0.1	0.2008545	0.4	80	65.4	9.1	500	3.5	8.61	0.003304	0.00010337	0.0012512	2	0.15	0.1	0.00145643	0.2	0.00182897	0.45	0.01552463	2	4.5	0.001	0.58977225	0.39	1	0.00015335	0.001	0.001	0.02115956	0.26789905	0.0490008	9.99584182	0.1	0.01	0.01	0.01	1e-05	0.01	0.00140765	0.05	0.5	1e-04	100	5e-06	0.001
0.436	0.9	0.1	0.2008545	0.4	80	65.4	9.1	500	3.5	8.61	0.003304	0.00010342	0.00125129	2	0.15	0.1	0.00147402	0.2	0.0018887	0.45	0.01578033	2	4.5	0.001	0.58983238	0.39	1	0.00015335	0.001	0.001	0.02115956	0.26789905	0.0490008	9.99584182	0.1	0.01	0.01	0.01	1e-05	0.01	0.00140765	0.05	0.5	1e-04	100	5e-06	0.001
0.436	0.9	0.1	0.2008545	0.4	80	65.4	9.1	500	3.5	8.61	0.003304	0.00010329	0.00122963	2	0.15	0.1	0.00148131	0.2	0.00186158	0.45	0.01554388	2	4.5	0.001	0.58838775	0.39	1	0.00015335	0.001	0.001	0.02115956	0.26789905	0.0490008	9.99584182	0.1	0.01	0.01	0.01	1e-05	0.01	0.00140765	0.05	0.5	1e-04	100	5e-06	0.001
0.436	0.9	0.1	0.2008545	0.4	80	65.4	9.1	500	3.5	8.61	0.003304	0.00010346	0.00126977	2	0.15	0.1	0.00143043	0.2	0.00176563	0.45	0.01568654	2	4.5	0.001	0.5887483	0.39	1	0.00015335	0.001	0.001	0.02115956	0.26789905	0.0490008	9.99584182	0.1	0.01	0.01	0.01	1e-05	0.01	0.00140765	0.05	0.5	1e-04	100	5e-06	0.001
0.436	0.9	0.1	0.2008545	0.4	80	65.4	9.1	500	3.5	8.61	0.003304	0.00010329	0.00127974	2	0.15	0.1	0.00142078	0.2	0.00175796	0.45	0.01559126	2	4.5	0.001	0.58840142	0.39	1	0.00015335	0.001	0.001	0.02115956	0.26789905	0.0490008	9.99584182	0.1	0.01	0.01	0.01	1e-05	0.01	0.00140765	0.05	0.5	1e-04	100	5e-06	0.001
0.436	0.9	0.1	0.2008545	0.4	80	65.4	9.1	500	3.5	8.61	0.003304	0.00010305	0.00126355	2	0.15	0.1	0.00146482	0.2	0.00168964	0.45	0.01554848	2	4.5	0.001	0.58902858	0.39	1	0.00015335	0.001	0.001	0.02115956	0.26789905	0.0490008	9.99584182	0.1	0.01	0.01	0.01	1e-05	0.01	0.00140765	0.05	0.5	1e-04	100	5e-06	0.001
0.436	0.9	0.1	0.2008545	0.4	80	65.4	9.1	500	3.5	8.61	0.003304	0.00010308	0.00128754	2	0.15	0.1	0.00142489	0.2	0.00165311	0.45	0.01563489	2	4.5	0.001	0.58888297	0.39	1	0.00015335	0.001	0.001	0.02115956	0.26789905	0.0490008	9.99584182	0.1	0.01	0.01	0.01	1e-05	0.01	0.00140765	0.05	0.5	1e-04	100	5e-06	0.001
0.436	0.9	0.1	0.2008545	0.4	80	65.4	9.1	500	3.5	8.61	0.003304	0.00010893	0.00146996	2	0.15	0.1	0.00134974	0.2	0.00151768	0.45	0.01291125	2	4.5	0.001	0.54823581	0.39	1	0.00015335	0.001	0.001	0.02115956	0.26789905	0.0490008	9.99584182	0.1	0.01	0.01	0.01	1e-05	0.01	0.00140765	0.05	0.5	1e-04	100	5e-06	0.001
0.436	0.9	0.1	0.2008545	0.4	80	65.4	9.1	500	3.5	8.61	0.003304	0.00010958	0.00146315	2	0.15	0.1	0.00133619	0.2	0.00146925	0.45	0.01249627	2	4.5	0.001	0.56232143	0.39	1	0.00015335	0.001	0.001	0.02115956	0.26789905	0.0490008	9.99584182	0.1	0.01	0.01	0.01	1e-05	0.01	0.00140765	0.05	0.5	1e-04	100	5e-06	0.001
0.436	0.9	0.1	0.2008545	0.4	80	65.4	9.1	500	3.5	8.61	0.003304	0.00010896	0.00146084	2	0.15	0.1	0.00137926	0.2	0.00141854	0.45	0.01258693	2	4.5	0.001	0.55231094	0.39	1	0.00015335	0.001	0.001	0.02115956	0.26789905	0.0490008	9.99584182	0.1	0.01	0.01	0.01	1e-05	0.01	0.00140765	0.05	0.5	1e-04	100	5e-06	0.001
0.436	0.9	0.1	0.2008545	0.4	80	65.4	9.1	500	3.5	8.61	0.003304	0.00010893	0.00146996	2	0.15	0.1	0.00134974	0.2	0.00151768	0.45	0.01291125	2	4.5	0.001	0.54823581	0.39	1	0.00015335	0.001	0.001	0.02115956	0.26789905	0.0490008	9.99584182	0.1	0.01	0.01	0.01	1e-05	0.01	0.00140765	0.05	0.5	1e-04	100	5e-06	0.001
0.436	0.9	0.1	0.2008545	0.4	80	65.4	9.1	500	3.5	8.61	0.003304	0.00010834	0.00145112	2	0.15	0.1	0.00138211	0.2	0.00151626	0.45	0.01317304	2	4.5	0.001	0.5588484	0.39	1	0.00015335	0.001	0.001	0.02115956	0.26789905	0.0490008	9.99584182	0.1	0.01	0.01	0.01	1e-05	0.01	0.00140765	0.05	0.5	1e-04	100	5e-06	0.001
0.436	0.9	0.1	0.2008545	0.4	80	65.4	9.1	500	3.5	8.61	0.003304	0.00010939	0.00146502	2	0.15	0.1	0.00135588	0.2	0.00144425	0.45	0.01295782	2	4.5	0.001	0.56208477	0.39	1	0.00015335	0.001	0.001	0.02115956	0.26789905	0.0490008	9.99584182	0.1	0.01	0.01	0.01	1e-05	0.01	0.00140765	0.05	0.5	1e-04	100	5e-06	0.001
0.436	0.9	0.1	0.2008545	0.4	80	65.4	9.1	500	3.5	8.61	0.003304	0.00010949	0.00148389	2	0.15	0.1	0.00135484	0.2	0.00145161	0.45	0.01324323	2	4.5	0.001	0.55402741	0.39	1	0.00015335	0.001	0.001	0.02115956	0.26789905	0.0490008	9.99584182	0.1	0.01	0.01	0.01	1e-05	0.01	0.00140765	0.05	0.5	1e-04	100	5e-06	0.001
0.437	0.9	0.1	0.2008545	0.4	80	65.4	9.1	500	3.5	8.61	0.003304	0.00010516	0.00127701	2	0.15	0.1	0.0014217	0.2	0.00172337	0.45	0.01437358	2	4.5	0.001	0.58137487	0.39	1	0.00015335	0.001	0.001	0.02115956	0.26789905	0.0490008	9.99584182	0.1	0.01	0.01	0.01	1e-05	0.01	0.00140765	0.05	0.5	1e-04	100	5e-06	0.001
0.437	0.9	0.1	0.2008545	0.4	80	65.4	9.1	500	3.5	8.61	0.003304	0.00010516	0.00127701	2	0.15	0.1	0.0014217	0.2	0.00172337	0.45	0.01437358	2	4.5	0.001	0.58137487	0.39	1	0.00015335	0.001	0.001	0.02115956	0.26789905	0.0490008	9.99584182	0.1	0.01	0.01	0.01	1e-05	0.01	0.00140765	0.05	0.5	1e-04	100	5e-06	0.001
0.437	0.9	0.1	0.2008545	0.4	80	65.4	9.1	500	3.5	8.61	0.003304	0.00010376	0.00125466	2	0.15	0.1	0.00142381	0.2	0.00158988	0.45	0.01445759	2	4.5	0.001	0.5802457	0.39	1	0.00015335	0.001	0.001	0.02115956	0.26789905	0.0490008	9.99584182	0.1	0.01	0.01	0.01	1e-05	0.01	0.00140765	0.05	0.5	1e-04	100	5e-06	0.001
0.437	0.9	0.1	0.2008545	0.4	80	65.4	9.1	500	3.5	8.61	0.003304	0.00010304	0.00124571	2	0.15	0.1	0.00145949	0.2	0.00178361	0.45	0.01441257	2	4.5	0.001	0.58780453	0.39	1	0.00015335	0.001	0.001	0.02115956	0.26789905	0.0490008	9.99584182	0.1	0.01	0.01	0.01	1e-05	0.01	0.00140765	0.05	0.5	1e-04	100	5e-06	0.001
0.437	0.9	0.1	0.2008545	0.4	80	65.4	9.1	500	3.5	8.61	0.003304	0.00010306	0.00123535	2	0.15	0.1	0.00146511	0.2	0.00174963	0.45	0.0144116	2	4.5	0.001	0.58758439	0.39	1	0.00015335	0.001	0.001	0.02115956	0.26789905	0.0490008	9.99584182	0.1	0.01	0.01	0.01	1e-05	0.01	0.00140765	0.05	0.5	1e-04	100	5e-06	0.001
0.437	0.9	0.1	0.2008545	0.4	80	65.4	9.1	500	3.5	8.61	0.003304	0.00010387	0.00130064	2	0.15	0.1	0.00142173	0.2	0.00170119	0.45	0.01429103	2	4.5	0.001	0.58593386	0.39	1	0.00015335	0.001	0.001	0.02115956	0.26789905	0.0490008	9.99584182	0.1	0.01	0.01	0.01	1e-05	0.01	0.00140765	0.05	0.5	1e-04	100	5e-06	0.001
0.437	0.9	0.1	0.2008545	0.4	80	65.4	9.1	500	3.5	8.61	0.003304	0.00010346	0.00129263	2	0.15	0.1	0.00141629	0.2	0.00191737	0.45	0.01440022	2	4.5	0.001	0.58518446	0.39	1	0.00015335	0.001	0.001	0.02115956	0.26789905	0.0490008	9.99584182	0.1	0.01	0.01	0.01	1e-05	0.01	0.00140765	0.05	0.5	1e-04	100	5e-06	0.001
0.437	0.9	0.1	0.2008545	0.4	80	65.4	9.1	500	3.5	8.61	0.003304	0.00010301	0.0012746	2	0.15	0.1	0.00145115	0.2	0.0017874	0.45	0.01439351	2	4.5	0.001	0.58887545	0.39	1	0.00015335	0.001	0.001	0.02115956	0.26789905	0.0490008	9.99584182	0.1	0.01	0.01	0.01	1e-05	0.01	0.00140765	0.05	0.5	1e-04	100	5e-06	0.001
0.437	0.9	0.1	0.2008545	0.4	80	65.4	9.1	500	3.5	8.61	0.003304	0.00010326	0.00128829	2	0.15	0.1	0.00142998	0.2	0.00177648	0.45	0.01439163	2	4.5	0.001	0.58748624	0.39	1	0.00015335	0.001	0.001	0.02115956	0.26789905	0.0490008	9.99584182	0.1	0.01	0.01	0.01	1e-05	0.01	0.00140765	0.05	0.5	1e-04	100	5e-06	0.001
0.437	0.9	0.1	0.2008545	0.4	80	65.4	9.1	500	3.5	8.61	0.003304	0.0001065	0.00132327	2	0.15	0.1	0.00145026	0.2	0.00182908	0.45	0.015593	2	4.5	0.001	0.58887205	0.39	1	0.00015335	0.001	0.001	0.02115956	0.26789905	0.0490008	9.99584182	0.1	0.01	0.01	0.01	1e-05	0.01	0.00140765	0.05	0.5	1e-04	100	5e-06	0.001
0.437	0.9	0.1	0.2008545	0.4	80	65.4	9.1	500	3.5	8.61	0.003304	0.00010471	0.00128211	2	0.15	0.1	0.00147385	0.2	0.00196699	0.45	0.01507606	2	4.5	0.001	0.59362904	0.39	1	0.00015335	0.001	0.001	0.02115956	0.26789905	0.0490008	9.99584182	0.1	0.01	0.01	0.01	1e-05	0.01	0.00140765	0.05	0.5	1e-04	100	5e-06	0.001
0.437	0.9	0.1	0.2008545	0.4	80	65.4	9.1	500	3.5	8.61	0.003304	0.00010623	0.00129956	2	0.15	0.1	0.00146986	0.2	0.00183459	0.45	0.01557124	2	4.5	0.001	0.58993951	0.39	1	0.00015335	0.001	0.001	0.02115956	0.26789905	0.0490008	9.99584182	0.1	0.01	0.01	0.01	1e-05	0.01	0.00140765	0.05	0.5	1e-04	100	5e-06	0.001
0.437	0.9	0.1	0.2008545	0.4	80	65.4	9.1	500	3.5	8.61	0.003304	0.0001065	0.00132327	2	0.15	0.1	0.00145026	0.2	0.00182908	0.45	0.015593	2	4.5	0.001	0.58887205	0.39	1	0.00015335	0.001	0.001	0.02115956	0.26789905	0.0490008	9.99584182	0.1	0.01	0.01	0.01	1e-05	0.01	0.00140765	0.05	0.5	1e-04	100	5e-06	0.001
0.437	0.9	0.1	0.2008545	0.4	80	65.4	9.1	500	3.5	8.61	0.003304	0.00010471	0.00128203	2	0.15	0.1	0.00147385	0.2	0.00164952	0.45	0.01507606	2	4.5	0.001	0.59809638	0.39	1	0.00015335	0.001	0.001	0.02115956	0.26789905	0.0490008	9.99584182	0.1	0.01	0.01	0.01	1e-05	0.01	0.00140765	0.05	0.5	1e-04	100	5e-06	0.001
0.437	0.9	0.1	0.2008545	0.4	80	65.4	9.1	500	3.5	8.61	0.003304	0.00010471	0.00127779	2	0.15	0.1	0.00147385	0.2	0.00172198	0.45	0.01507606	2	4.5	0.001	0.58988219	0.39	1	0.00015335	0.001	0.001	0.02115956	0.26789905	0.0490008	9.99584182	0.1	0.01	0.01	0.01	1e-05	0.01	0.00140765	0.05	0.5	1e-04	100	5e-06	0.001
0.437	0.9	0.1	0.2008545	0.4	80	65.4	9.1	500	3.5	8.61	0.003304	0.0001043	0.00125079	2	0.15	0.1	0.00149161	0.2	0.00180789	0.45	0.01506058	2	4.5	0.001	0.59578818	0.39	1	0.00015335	0.001	0.001	0.02115956	0.26789905	0.0490008	9.99584182	0.1	0.01	0.01	0.01	1e-05	0.01	0.00140765	0.05	0.5	1e-04	100	5e-06	0.001
0.437	0.9	0.1	0.2008545	0.4	80	65.4	9.1	500	3.5	8.61	0.003304	0.00010405	0.00123414	2	0.15	0.1	0.00151166	0.2	0.00181068	0.45	0.01540839	2	4.5	0.001	0.59643118	0.39	1	0.00015335	0.001	0.001	0.02115956	0.26789905	0.0490008	9.99584182	0.1	0.01	0.01	0.01	1e-05	0.01	0.00140765	0.05	0.5	1e-04	100	5e-06	0.001
0.437	0.9	0.1	0.2008545	0.4	80	65.4	9.1	500	3.5	8.61	0.003304	0.00010567	0.00126564	2	0.15	0.1	0.00150905	0.2	0.00181286	0.45	0.015544	2	4.5	0.001	0.59424432	0.39	1	0.00015335	0.001	0.001	0.02115956	0.26789905	0.0490008	9.99584182	0.1	0.01	0.01	0.01	1e-05	0.01	0.00140765	0.05	0.5	1e-04	100	5e-06	0.001
0.437	0.9	0.1	0.2008545	0.4	80	65.4	9.1	500	3.5	8.61	0.003304	0.00010415	0.00121059	2	0.15	0.1	0.0015075	0.2	0.00184112	0.45	0.01529075	2	4.5	0.001	0.5939345	0.39	1	0.00015335	0.001	0.001	0.02115956	0.26789905	0.0490008	9.99584182	0.1	0.01	0.01	0.01	1e-05	0.01	0.00140765	0.05	0.5	1e-04	100	5e-06	0.001
0.437	0.9	0.1	0.2008545	0.4	80	65.4	9.1	500	3.5	8.61	0.003304	0.00010471	0.00128211	2	0.15	0.1	0.00147385	0.2	0.00196699	0.45	0.01507606	2	4.5	0.001	0.59362904	0.39	1	0.00015335	0.001	0.001	0.02115956	0.26789905	0.0490008	9.99584182	0.1	0.01	0.01	0.01	1e-05	0.01	0.00140765	0.05	0.5	1e-04	100	5e-06	0.001
0.437	0.9	0.1	0.2008545	0.4	80	65.4	9.1	500	3.5	8.61	0.003304	0.00010568	0.00128902	2	0.15	0.1	0.00150908	0.2	0.00182953	0.45	0.0155277	2	4.5	0.001	0.5948005	0.39	1	0.00015335	0.001	0.001	0.02115956	0.26789905	0.0490008	9.99584182	0.1	0.01	0.01	0.01	1e-05	0.01	0.00140765	0.05	0.5	1e-04	100	5e-06	0.001
0.437	0.9	0.1	0.2008545	0.4	80	65.4	9.1	500	3.5	8.61	0.003304	0.0001049	0.001272	2	0.15	0.1	0.00147502	0.2	0.00185148	0.45	0.01535004	2	4.5	0.001	0.59259667	0.39	1	0.00015335	0.001	0.001	0.02115956	0.26789905	0.0490008	9.99584182	0.1	0.01	0.01	0.01	1e-05	0.01	0.00140765	0.05	0.5	1e-04	100	5e-06	0.001
0.437	0.9	0.1	0.2008545	0.4	80	65.4	9.1	500	3.5	8.61	0.003304	0.0001049	0.00128647	2	0.15	0.1	0.00147428	0.2	0.00180078	0.45	0.0153902	2	4.5	0.001	0.59409815	0.39	1	0.00015335	0.001	0.001	0.02115956	0.26789905	0.0490008	9.99584182	0.1	0.01	0.01	0.01	1e-05	0.01	0.00140765	0.05	0.5	1e-04	100	5e-06	0.001
0.437	0.9	0.1	0.2008545	0.4	80	65.4	9.1	500	3.5	8.61	0.003304	0.00010471	0.00128203	2	0.15	0.1	0.00147385	0.2	0.00164952	0.45	0.01507606	2	4.5	0.001	0.59809638	0.39	1	0.00015335	0.001	0.001	0.02115956	0.26789905	0.0490008	9.99584182	0.1	0.01	0.01	0.01	1e-05	0.01	0.00140765	0.05	0.5	1e-04	100	5e-06	0.001
0.437	0.9	0.1	0.2008545	0.4	80	65.4	9.1	500	3.5	8.61	0.003304	0.00010722	0.00133442	2	0.15	0.1	0.00143018	0.2	0.00230734	0.45	0.01585538	2	4.5	0.001	0.59275239	0.39	1	0.00015335	0.001	0.001	0.02115956	0.26789905	0.0490008	9.99584182	0.1	0.01	0.01	0.01	1e-05	0.01	0.00140765	0.05	0.5	1e-04	100	5e-06	0.001
0.437	0.9	0.1	0.2008545	0.4	80	65.4	9.1	500	3.5	8.61	0.003304	0.00010543	0.00130672	2	0.15	0.1	0.00147104	0.2	0.00187668	0.45	0.01547629	2	4.5	0.001	0.59404475	0.39	1	0.00015335	0.001	0.001	0.02115956	0.26789905	0.0490008	9.99584182	0.1	0.01	0.01	0.01	1e-05	0.01	0.00140765	0.05	0.5	1e-04	100	5e-06	0.001
0.437	0.9	0.1	0.2008545	0.4	80	65.4	9.1	500	3.5	8.61	0.003304	0.00010254	0.00146818	2	0.15	0.1	0.00130694	0.2	0.00225298	0.45	0.01208785	2	4.5	0.001	0.47477904	0.39	1	0.00015335	0.001	0.001	0.02115956	0.26789905	0.0490008	9.99584182	0.1	0.01	0.01	0.01	1e-05	0.01	0.00140765	0.05	0.5	1e-04	100	5e-06	0.001
0.437	0.9	0.1	0.2008545	0.4	80	65.4	9.1	500	3.5	8.61	0.003304	0.00010256	0.00148846	2	0.15	0.1	0.00128297	0.2	0.00163706	0.45	0.01217839	2	4.5	0.001	0.46522765	0.39	1	0.00015335	0.001	0.001	0.02115956	0.26789905	0.0490008	9.99584182	0.1	0.01	0.01	0.01	1e-05	0.01	0.00140765	0.05	0.5	1e-04	100	5e-06	0.001
0.437	0.9	0.1	0.2008545	0.4	80	65.4	9.1	500	3.5	8.61	0.003304	0.00010245	0.00147644	2	0.15	0.1	0.0012328	0.2	0.00174443	0.45	0.01122296	2	4.5	0.001	0.46642005	0.39	1	0.00015335	0.001	0.001	0.02115956	0.26789905	0.0490008	9.99584182	0.1	0.01	0.01	0.01	1e-05	0.01	0.00140765	0.05	0.5	1e-04	100	5e-06	0.001
0.437	0.9	0.1	0.2008545	0.4	80	65.4	9.1	500	3.5	8.61	0.003304	0.00010254	0.00146818	2	0.15	0.1	0.00130694	0.2	0.00225298	0.45	0.01208785	2	4.5	0.001	0.47477904	0.39	1	0.00015335	0.001	0.001	0.02115956	0.26789905	0.0490008	9.99584182	0.1	0.01	0.01	0.01	1e-05	0.01	0.00140765	0.05	0.5	1e-04	100	5e-06	0.001
0.437	0.9	0.1	0.2008545	0.4	80	65.4	9.1	500	3.5	8.61	0.003304	0.00010256	0.00148846	2	0.15	0.1	0.00128297	0.2	0.00163706	0.45	0.01217839	2	4.5	0.001	0.46522765	0.39	1	0.00015335	0.001	0.001	0.02115956	0.26789905	0.0490008	9.99584182	0.1	0.01	0.01	0.01	1e-05	0.01	0.00140765	0.05	0.5	1e-04	100	5e-06	0.001
0.437	0.9	0.1	0.2008545	0.4	80	65.4	9.1	500	3.5	8.61	0.003304	0.00010276	0.00158024	2	0.15	0.1	0.00124331	0.2	0.00188712	0.45	0.01328692	2	4.5	0.001	0.42920777	0.39	1	0.00015335	0.001	0.001	0.02115956	0.26789905	0.0490008	9.99584182	0.1	0.01	0.01	0.01	1e-05	0.01	0.00140765	0.05	0.5	1e-04	100	5e-06	0.001
0.437	0.9	0.1	0.2008545	0.4	80	65.4	9.1	500	3.5	8.61	0.003304	0.00010245	0.00147644	2	0.15	0.1	0.0012328	0.2	0.00174443	0.45	0.01122296	2	4.5	0.001	0.46642005	0.39	1	0.00015335	0.001	0.001	0.02115956	0.26789905	0.0490008	9.99584182	0.1	0.01	0.01	0.01	1e-05	0.01	0.00140765	0.05	0.5	1e-04	100	5e-06	0.001
0.437	0.9	0.1	0.2008545	0.4	80	65.4	9.1	500	3.5	8.61	0.003304	0.00010254	0.00146818	2	0.15	0.1	0.00130694	0.2	0.00225298	0.45	0.01208785	2	4.5	0.001	0.47477904	0.39	1	0.00015335	0.001	0.001	0.02115956	0.26789905	0.0490008	9.99584182	0.1	0.01	0.01	0.01	1e-05	0.01	0.00140765	0.05	0.5	1e-04	100	5e-06	0.001
0.437	0.9	0.1	0.2008545	0.4	80	65.4	9.1	500	3.5	8.61	0.003304	0.0001027	0.00157058	2	0.15	0.1	0.00123185	0.2	0.00194641	0.45	0.01320543	2	4.5	0.001	0.43637918	0.39	1	0.00015335	0.001	0.001	0.02115956	0.26789905	0.0490008	9.99584182	0.1	0.01	0.01	0.01	1e-05	0.01	0.00140765	0.05	0.5	1e-04	100	5e-06	0.001
0.437	0.9	0.1	0.2008545	0.4	80	65.4	9.1	500	3.5	8.61	0.003304	0.00010256	0.00148846	2	0.15	0.1	0.00128297	0.2	0.00163706	0.45	0.01217839	2	4.5	0.001	0.46522765	0.39	1	0.00015335	0.001	0.001	0.02115956	0.26789905	0.0490008	9.99584182	0.1	0.01	0.01	0.01	1e-05	0.01	0.00140765	0.05	0.5	1e-04	100	5e-06	0.001
0.437	0.9	0.1	0.2008545	0.4	80	65.4	9.1	500	3.5	8.61	0.003304	0.0001026	0.00150988	2	0.15	0.1	0.00125351	0.2	0.00180154	0.45	0.01240651	2	4.5	0.001	0.46475536	0.39	1	0.00015335	0.001	0.001	0.02115956	0.26789905	0.0490008	9.99584182	0.1	0.01	0.01	0.01	1e-05	0.01	0.00140765	0.05	0.5	1e-04	100	5e-06	0.001
0.437	0.9	0.1	0.2008545	0.4	80	65.4	9.1	500	3.5	8.61	0.003304	0.0001027	0.00159395	2	0.15	0.1	0.00121389	0.2	0.00186443	0.45	0.01338623	2	4.5	0.001	0.42876328	0.39	1	0.00015335	0.001	0.001	0.02115956	0.26789905	0.0490008	9.99584182	0.1	0.01	0.01	0.01	1e-05	0.01	0.00140765	0.05	0.5	1e-04	100	5e-06	0.001
0.437	0.9	0.1	0.2008545	0.4	80	65.4	9.1	500	3.5	8.61	0.003304	0.00010276	0.00158024	2	0.15	0.1	0.00124331	0.2	0.00188712	0.45	0.01328692	2	4.5	0.001	0.42920777	0.39	1	0.00015335	0.001	0.001	0.02115956	0.26789905	0.0490008	9.99584182	0.1	0.01	0.01	0.01	1e-05	0.01	0.00140765	0.05	0.5	1e-04	100	5e-06	0.001
0.437	0.9	0.1	0.2008545	0.4	80	65.4	9.1	500	3.5	8.61	0.003304	0.00010423	0.00123939	2	0.15	0.1	0.00149044	0.2	0.00162399	0.45	0.01588111	2	4.5	0.001	0.58822769	0.39	1	0.00015335	0.001	0.001	0.02115956	0.26789905	0.0490008	9.99584182	0.1	0.01	0.01	0.01	1e-05	0.01	0.00140765	0.05	0.5	1e-04	100	5e-06	0.001
0.437	0.9	0.1	0.2008545	0.4	80	65.4	9.1	500	3.5	8.61	0.003304	0.00010294	0.00121564	2	0.15	0.1	0.0014774	0.2	0.00198432	0.45	0.01534492	2	4.5	0.001	0.58975903	0.39	1	0.00015335	0.001	0.001	0.02115956	0.26789905	0.0490008	9.99584182	0.1	0.01	0.01	0.01	1e-05	0.01	0.00140765	0.05	0.5	1e-04	100	5e-06	0.001
0.437	0.9	0.1	0.2008545	0.4	80	65.4	9.1	500	3.5	8.61	0.003304	0.00010294	0.00123603	2	0.15	0.1	0.0014774	0.2	0.00186778	0.45	0.01534492	2	4.5	0.001	0.59072153	0.39	1	0.00015335	0.001	0.001	0.02115956	0.26789905	0.0490008	9.99584182	0.1	0.01	0.01	0.01	1e-05	0.01	0.00140765	0.05	0.5	1e-04	100	5e-06	0.001
0.437	0.9	0.1	0.2008545	0.4	80	65.4	9.1	500	3.5	8.61	0.003304	0.00010088	0.00125677	2	0.15	0.1	0.00143896	0.2	0.0021028	0.45	0.01598808	2	4.5	0.001	0.58936489	0.39	1	0.00015335	0.001	0.001	0.02115956	0.26789905	0.0490008	9.99584182	0.1	0.01	0.01	0.01	1e-05	0.01	0.00140765	0.05	0.5	1e-04	100	5e-06	0.001
0.437	0.9	0.1	0.2008545	0.4	80	65.4	9.1	500	3.5	8.61	0.003304	0.00010423	0.00123939	2	0.15	0.1	0.00149044	0.2	0.00162399	0.45	0.01588111	2	4.5	0.001	0.58822769	0.39	1	0.00015335	0.001	0.001	0.02115956	0.26789905	0.0490008	9.99584182	0.1	0.01	0.01	0.01	1e-05	0.01	0.00140765	0.05	0.5	1e-04	100	5e-06	0.001
0.437	0.9	0.1	0.2008545	0.4	80	65.4	9.1	500	3.5	8.61	0.003304	0.00010294	0.00121564	2	0.15	0.1	0.0014774	0.2	0.00198432	0.45	0.01534492	2	4.5	0.001	0.58975903	0.39	1	0.00015335	0.001	0.001	0.02115956	0.26789905	0.0490008	9.99584182	0.1	0.01	0.01	0.01	1e-05	0.01	0.00140765	0.05	0.5	1e-04	100	5e-06	0.001
0.437	0.9	0.1	0.2008545	0.4	80	65.4	9.1	500	3.5	8.61	0.003304	0.00010334	0.00124766	2	0.15	0.1	0.00148752	0.2	0.0019731	0.45	0.01565291	2	4.5	0.001	0.59002369	0.39	1	0.00015335	0.001	0.001	0.02115956	0.26789905	0.0490008	9.99584182	0.1	0.01	0.01	0.01	1e-05	0.01	0.00140765	0.05	0.5	1e-04	100	5e-06	0.001
0.437	0.9	0.1	0.2008545	0.4	80	65.4	9.1	500	3.5	8.61	0.003304	0.00010444	0.00126037	2	0.15	0.1	0.0014597	0.2	0.00149935	0.45	0.01536307	2	4.5	0.001	0.58897534	0.39	1	0.00015335	0.001	0.001	0.02115956	0.26789905	0.0490008	9.99584182	0.1	0.01	0.01	0.01	1e-05	0.01	0.00140765	0.05	0.5	1e-04	100	5e-06	0.001
0.437	0.9	0.1	0.2008545	0.4	80	65.4	9.1	500	3.5	8.61	0.003304	0.00010358	0.00122718	2	0.15	0.1	0.00151908	0.2	0.00189867	0.45	0.0153628	2	4.5	0.001	0.59043048	0.39	1	0.00015335	0.001	0.001	0.02115956	0.26789905	0.0490008	9.99584182	0.1	0.01	0.01	0.01	1e-05	0.01	0.00140765	0.05	0.5	1e-04	100	5e-06	0.001
0.437	0.9	0.1	0.2008545	0.4	80	65.4	9.1	500	3.5	8.61	0.003304	0.00010373	0.00122773	2	0.15	0.1	0.00152768	0.2	0.00200744	0.45	0.01584934	2	4.5	0.001	0.58975176	0.39	1	0.00015335	0.001	0.001	0.02115956	0.26789905	0.0490008	9.99584182	0.1	0.01	0.01	0.01	1e-05	0.01	0.00140765	0.05	0.5	1e-04	100	5e-06	0.001
0.437	0.9	0.1	0.2008545	0.4	80	65.4	9.1	500	3.5	8.61	0.003304	0.00010433	0.0012254	2	0.15	0.1	0.00153054	0.2	0.00183821	0.45	0.01545479	2	4.5	0.001	0.58951707	0.39	1	0.00015335	0.001	0.001	0.02115956	0.26789905	0.0490008	9.99584182	0.1	0.01	0.01	0.01	1e-05	0.01	0.00140765	0.05	0.5	1e-04	100	5e-06	0.001
0.437	0.9	0.1	0.2008545	0.4	80	65.4	9.1	500	3.5	8.61	0.003304	0.00010394	0.00123985	2	0.15	0.1	0.00149592	0.2	0.00182198	0.45	0.01551355	2	4.5	0.001	0.58964561	0.39	1	0.00015335	0.001	0.001	0.02115956	0.26789905	0.0490008	9.99584182	0.1	0.01	0.01	0.01	1e-05	0.01	0.00140765	0.05	0.5	1e-04	100	5e-06	0.001
0.437	0.9	0.1	0.2008545	0.4	80	65.4	9.1	500	3.5	8.61	0.003304	0.00010423	0.00123939	2	0.15	0.1	0.00149044	0.2	0.00162399	0.45	0.01588111	2	4.5	0.001	0.58822769	0.39	1	0.00015335	0.001	0.001	0.02115956	0.26789905	0.0490008	9.99584182	0.1	0.01	0.01	0.01	1e-05	0.01	0.00140765	0.05	0.5	1e-04	100	5e-06	0.001
0.437	0.9	0.1	0.2008545	0.4	80	65.4	9.1	500	3.5	8.61	0.003304	0.00010394	0.00123985	2	0.15	0.1	0.00149592	0.2	0.00182198	0.45	0.01551355	2	4.5	0.001	0.58964561	0.39	1	0.00015335	0.001	0.001	0.02115956	0.26789905	0.0490008	9.99584182	0.1	0.01	0.01	0.01	1e-05	0.01	0.00140765	0.05	0.5	1e-04	100	5e-06	0.001
0.437	0.9	0.1	0.2008545	0.4	80	65.4	9.1	500	3.5	8.61	0.003304	0.00010826	0.00145362	2	0.15	0.1	0.00145344	0.2	0.00142792	0.45	0.01377619	2	4.5	0.001	0.55906298	0.39	1	0.00015335	0.001	0.001	0.02115956	0.26789905	0.0490008	9.99584182	0.1	0.01	0.01	0.01	1e-05	0.01	0.00140765	0.05	0.5	1e-04	100	5e-06	0.001
0.437	0.9	0.1	0.2008545	0.4	80	65.4	9.1	500	3.5	8.61	0.003304	0.00010994	0.00148037	2	0.15	0.1	0.00137657	0.2	0.00185948	0.45	0.01291762	2	4.5	0.001	0.55859851	0.39	1	0.00015335	0.001	0.001	0.02115956	0.26789905	0.0490008	9.99584182	0.1	0.01	0.01	0.01	1e-05	0.01	0.00140765	0.05	0.5	1e-04	100	5e-06	0.001
0.437	0.9	0.1	0.2008545	0.4	80	65.4	9.1	500	3.5	8.61	0.003304	0.00010826	0.00145362	2	0.15	0.1	0.00145344	0.2	0.00142792	0.45	0.01377619	2	4.5	0.001	0.55906298	0.39	1	0.00015335	0.001	0.001	0.02115956	0.26789905	0.0490008	9.99584182	0.1	0.01	0.01	0.01	1e-05	0.01	0.00140765	0.05	0.5	1e-04	100	5e-06	0.001
0.437	0.9	0.1	0.2008545	0.4	80	65.4	9.1	500	3.5	8.61	0.003304	0.0001086	0.001477	2	0.15	0.1	0.00135299	0.2	0.00122606	0.45	0.01335918	2	4.5	0.001	0.55469781	0.39	1	0.00015335	0.001	0.001	0.02115956	0.26789905	0.0490008	9.99584182	0.1	0.01	0.01	0.01	1e-05	0.01	0.00140765	0.05	0.5	1e-04	100	5e-06	0.001
0.437	0.9	0.1	0.2008545	0.4	80	65.4	9.1	500	3.5	8.61	0.003304	0.00011038	0.00151721	2	0.15	0.1	0.00129572	0.2	0.00125705	0.45	0.01332264	2	4.5	0.001	0.55180006	0.39	1	0.00015335	0.001	0.001	0.02115956	0.26789905	0.0490008	9.99584182	0.1	0.01	0.01	0.01	1e-05	0.01	0.00140765	0.05	0.5	1e-04	100	5e-06	0.001
0.437	0.9	0.1	0.2008545	0.4	80	65.4	9.1	500	3.5	8.61	0.003304	0.00010986	0.00148763	2	0.15	0.1	0.00139562	0.2	0.00140462	0.45	0.01335582	2	4.5	0.001	0.55816722	0.39	1	0.00015335	0.001	0.001	0.02115956	0.26789905	0.0490008	9.99584182	0.1	0.01	0.01	0.01	1e-05	0.01	0.00140765	0.05	0.5	1e-04	100	5e-06	0.001
0.438	0.9	0.1	0.2008545	0.4	80	65.4	9.1	500	3.5	8.61	0.003304	0.0001038	0.00138151	2	0.15	0.1	0.0014207	0.2	0.0023217	0.45	0.01431651	2	4.5	0.001	0.58372492	0.39	1	0.00015335	0.001	0.001	0.02115956	0.26789905	0.0490008	9.99584182	0.1	0.01	0.01	0.01	1e-05	0.01	0.00140765	0.05	0.5	1e-04	100	5e-06	0.001
0.438	0.9	0.1	0.2008545	0.4	80	65.4	9.1	500	3.5	8.61	0.003304	0.00010352	0.00125928	2	0.15	0.1	0.00145207	0.2	0.00217146	0.45	0.0145187	2	4.5	0.001	0.58359249	0.39	1	0.00015335	0.001	0.001	0.02115956	0.26789905	0.0490008	9.99584182	0.1	0.01	0.01	0.01	1e-05	0.01	0.00140765	0.05	0.5	1e-04	100	5e-06	0.001
0.438	0.9	0.1	0.2008545	0.4	80	65.4	9.1	500	3.5	8.61	0.003304	0.00010516	0.00132634	2	0.15	0.1	0.00144001	0.2	0.00199094	0.45	0.0145688	2	4.5	0.001	0.58435499	0.39	1	0.00015335	0.001	0.001	0.02115956	0.26789905	0.0490008	9.99584182	0.1	0.01	0.01	0.01	1e-05	0.01	0.00140765	0.05	0.5	1e-04	100	5e-06	0.001
0.438	0.9	0.1	0.2008545	0.4	80	65.4	9.1	500	3.5	8.61	0.003304	0.0001033	0.00121653	2	0.15	0.1	0.00149542	0.2	0.00179676	0.45	0.01440027	2	4.5	0.001	0.58719685	0.39	1	0.00015335	0.001	0.001	0.02115956	0.26789905	0.0490008	9.99584182	0.1	0.01	0.01	0.01	1e-05	0.01	0.00140765	0.05	0.5	1e-04	100	5e-06	0.001
0.438	0.9	0.1	0.2008545	0.4	80	65.4	9.1	500	3.5	8.61	0.003304	0.00010579	0.00128777	2	0.15	0.1	0.00145881	0.2	0.00189098	0.45	0.01433981	2	4.5	0.001	0.57148845	0.39	1	0.00015335	0.001	0.001	0.02115956	0.26789905	0.0490008	9.99584182	0.1	0.01	0.01	0.01	1e-05	0.01	0.00140765	0.05	0.5	1e-04	100	5e-06	0.001
0.438	0.9	0.1	0.2008545	0.4	80	65.4	9.1	500	3.5	8.61	0.003304	0.00010283	0.00124267	2	0.15	0.1	0.00150043	0.2	0.00184287	0.45	0.01455382	2	4.5	0.001	0.58189423	0.39	1	0.00015335	0.001	0.001	0.02115956	0.26789905	0.0490008	9.99584182	0.1	0.01	0.01	0.01	1e-05	0.01	0.00140765	0.05	0.5	1e-04	100	5e-06	0.001
0.438	0.9	0.1	0.2008545	0.4	80	65.4	9.1	500	3.5	8.61	0.003304	0.00010455	0.00126126	2	0.15	0.1	0.00151185	0.2	0.00174562	0.45	0.01418271	2	4.5	0.001	0.58827576	0.39	1	0.00015335	0.001	0.001	0.02115956	0.26789905	0.0490008	9.99584182	0.1	0.01	0.01	0.01	1e-05	0.01	0.00140765	0.05	0.5	1e-04	100	5e-06	0.001
0.438	0.9	0.1	0.2008545	0.4	80	65.4	9.1	500	3.5	8.61	0.003304	0.0001038	0.00138151	2	0.15	0.1	0.0014207	0.2	0.0023217	0.45	0.01431651	2	4.5	0.001	0.58372492	0.39	1	0.00015335	0.001	0.001	0.02115956	0.26789905	0.0490008	9.99584182	0.1	0.01	0.01	0.01	1e-05	0.01	0.00140765	0.05	0.5	1e-04	100	5e-06	0.001
0.438	0.9	0.1	0.2008545	0.4	80	65.4	9.1	500	3.5	8.61	0.003304	0.00010459	0.00130062	2	0.15	0.1	0.00145261	0.2	0.00177659	0.45	0.0142432	2	4.5	0.001	0.58465473	0.39	1	0.00015335	0.001	0.001	0.02115956	0.26789905	0.0490008	9.99584182	0.1	0.01	0.01	0.01	1e-05	0.01	0.00140765	0.05	0.5	1e-04	100	5e-06	0.001
0.438	0.9	0.1	0.2008545	0.4	80	65.4	9.1	500	3.5	8.61	0.003304	0.00010352	0.00125928	2	0.15	0.1	0.00145207	0.2	0.00217146	0.45	0.0145187	2	4.5	0.001	0.58359249	0.39	1	0.00015335	0.001	0.001	0.02115956	0.26789905	0.0490008	9.99584182	0.1	0.01	0.01	0.01	1e-05	0.01	0.00140765	0.05	0.5	1e-04	100	5e-06	0.001
0.438	0.9	0.1	0.2008545	0.4	80	65.4	9.1	500	3.5	8.61	0.003304	0.00010401	0.00130228	2	0.15	0.1	0.00145216	0.2	0.00186603	0.45	0.01432624	2	4.5	0.001	0.58448305	0.39	1	0.00015335	0.001	0.001	0.02115956	0.26789905	0.0490008	9.99584182	0.1	0.01	0.01	0.01	1e-05	0.01	0.00140765	0.05	0.5	1e-04	100	5e-06	0.001
0.438	0.9	0.1	0.2008545	0.4	80	65.4	9.1	500	3.5	8.61	0.003304	0.0001034	0.00124892	2	0.15	0.1	0.00147629	0.2	0.00193904	0.45	0.01435836	2	4.5	0.001	0.58424832	0.39	1	0.00015335	0.001	0.001	0.02115956	0.26789905	0.0490008	9.99584182	0.1	0.01	0.01	0.01	1e-05	0.01	0.00140765	0.05	0.5	1e-04	100	5e-06	0.001
0.438	0.9	0.1	0.2008545	0.4	80	65.4	9.1	500	3.5	8.61	0.003304	0.00010371	0.00126165	2	0.15	0.1	0.00148617	0.2	0.0019007	0.45	0.01436337	2	4.5	0.001	0.58545941	0.39	1	0.00015335	0.001	0.001	0.02115956	0.26789905	0.0490008	9.99584182	0.1	0.01	0.01	0.01	1e-05	0.01	0.00140765	0.05	0.5	1e-04	100	5e-06	0.001
0.438	0.9	0.1	0.2008545	0.4	80	65.4	9.1	500	3.5	8.61	0.003304	0.00010283	0.00124267	2	0.15	0.1	0.00150043	0.2	0.00184287	0.45	0.01455382	2	4.5	0.001	0.58189423	0.39	1	0.00015335	0.001	0.001	0.02115956	0.26789905	0.0490008	9.99584182	0.1	0.01	0.01	0.01	1e-05	0.01	0.00140765	0.05	0.5	1e-04	100	5e-06	0.001
0.438	0.9	0.1	0.2008545	0.4	80	65.4	9.1	500	3.5	8.61	0.003304	0.00010393	0.00129869	2	0.15	0.1	0.00144509	0.2	0.00190214	0.45	0.01429763	2	4.5	0.001	0.58612037	0.39	1	0.00015335	0.001	0.001	0.02115956	0.26789905	0.0490008	9.99584182	0.1	0.01	0.01	0.01	1e-05	0.01	0.00140765	0.05	0.5	1e-04	100	5e-06	0.001
0.438	0.9	0.1	0.2008545	0.4	80	65.4	9.1	500	3.5	8.61	0.003304	0.00010352	0.00125928	2	0.15	0.1	0.00145207	0.2	0.00217146	0.45	0.0145187	2	4.5	0.001	0.58359249	0.39	1	0.00015335	0.001	0.001	0.02115956	0.26789905	0.0490008	9.99584182	0.1	0.01	0.01	0.01	1e-05	0.01	0.00140765	0.05	0.5	1e-04	100	5e-06	0.001
0.438	0.9	0.1	0.2008545	0.4	80	65.4	9.1	500	3.5	8.61	0.003304	0.00010231	0.00115703	2	0.15	0.1	0.00151451	0.2	0.00173628	0.45	0.01453513	2	4.5	0.001	0.59880156	0.39	1	0.00015335	0.001	0.001	0.02115956	0.26789905	0.0490008	9.99584182	0.1	0.01	0.01	0.01	1e-05	0.01	0.00140765	0.05	0.5	1e-04	100	5e-06	0.001
0.438	0.9	0.1	0.2008545	0.4	80	65.4	9.1	500	3.5	8.61	0.003304	0.00010367	0.00115703	2	0.15	0.1	0.00153912	0.2	0.00173628	0.45	0.01567516	2	4.5	0.001	0.59880156	0.39	1	0.00015335	0.001	0.001	0.02115956	0.26789905	0.0490008	9.99584182	0.1	0.01	0.01	0.01	1e-05	0.01	0.00140765	0.05	0.5	1e-04	100	5e-06	0.001
0.438	0.9	0.1	0.2008545	0.4	80	65.4	9.1	500	3.5	8.61	0.003304	0.00010403	0.00121027	2	0.15	0.1	0.00156157	0.2	0.00179966	0.45	0.01504169	2	4.5	0.001	0.59254014	0.39	1	0.00015335	0.001	0.001	0.02115956	0.26789905	0.0490008	9.99584182	0.1	0.01	0.01	0.01	1e-05	0.01	0.00140765	0.05	0.5	1e-04	100	5e-06	0.001
0.438	0.9	0.1	0.2008545	0.4	80	65.4	9.1	500	3.5	8.61	0.003304	0.00010231	0.00115703	2	0.15	0.1	0.00151451	0.2	0.00173628	0.45	0.01453513	2	4.5	0.001	0.59880156	0.39	1	0.00015335	0.001	0.001	0.02115956	0.26789905	0.0490008	9.99584182	0.1	0.01	0.01	0.01	1e-05	0.01	0.00140765	0.05	0.5	1e-04	100	5e-06	0.001
0.438	0.9	0.1	0.2008545	0.4	80	65.4	9.1	500	3.5	8.61	0.003304	0.0001034	0.00115703	2	0.15	0.1	0.00157458	0.2	0.00173628	0.45	0.01567516	2	4.5	0.001	0.59880156	0.39	1	0.00015335	0.001	0.001	0.02115956	0.26789905	0.0490008	9.99584182	0.1	0.01	0.01	0.01	1e-05	0.01	0.00140765	0.05	0.5	1e-04	100	5e-06	0.001
0.438	0.9	0.1	0.2008545	0.4	80	65.4	9.1	500	3.5	8.61	0.003304	0.00010451	0.0012738	2	0.15	0.1	0.00150005	0.2	0.00189091	0.45	0.01507282	2	4.5	0.001	0.59259121	0.39	1	0.00015335	0.001	0.001	0.02115956	0.26789905	0.0490008	9.99584182	0.1	0.01	0.01	0.01	1e-05	0.01	0.00140765	0.05	0.5	1e-04	100	5e-06	0.001
0.438	0.9	0.1	0.2008545	0.4	80	65.4	9.1	500	3.5	8.61	0.003304	0.00010504	0.00128406	2	0.15	0.1	0.0015128	0.2	0.0018135	0.45	0.01548246	2	4.5	0.001	0.59379084	0.39	1	0.00015335	0.001	0.001	0.02115956	0.26789905	0.0490008	9.99584182	0.1	0.01	0.01	0.01	1e-05	0.01	0.00140765	0.05	0.5	1e-04	100	5e-06	0.001
0.438	0.9	0.1	0.2008545	0.4	80	65.4	9.1	500	3.5	8.61	0.003304	0.00010471	0.00131171	2	0.15	0.1	0.00147385	0.2	0.00180805	0.45	0.01507606	2	4.5	0.001	0.59304715	0.39	1	0.00015335	0.001	0.001	0.02115956	0.26789905	0.0490008	9.99584182	0.1	0.01	0.01	0.01	1e-05	0.01	0.00140765	0.05	0.5	1e-04	100	5e-06	0.001
0.438	0.9	0.1	0.2008545	0.4	80	65.4	9.1	500	3.5	8.61	0.003304	0.00010367	0.00115703	2	0.15	0.1	0.00153912	0.2	0.00173628	0.45	0.01567516	2	4.5	0.001	0.59880156	0.39	1	0.00015335	0.001	0.001	0.02115956	0.26789905	0.0490008	9.99584182	0.1	0.01	0.01	0.01	1e-05	0.01	0.00140765	0.05	0.5	1e-04	100	5e-06	0.001
0.438	0.9	0.1	0.2008545	0.4	80	65.4	9.1	500	3.5	8.61	0.003304	0.00010403	0.00121027	2	0.15	0.1	0.00156157	0.2	0.00179966	0.45	0.01504169	2	4.5	0.001	0.59254014	0.39	1	0.00015335	0.001	0.001	0.02115956	0.26789905	0.0490008	9.99584182	0.1	0.01	0.01	0.01	1e-05	0.01	0.00140765	0.05	0.5	1e-04	100	5e-06	0.001
0.438	0.9	0.1	0.2008545	0.4	80	65.4	9.1	500	3.5	8.61	0.003304	0.00010471	0.00131534	2	0.15	0.1	0.00147385	0.2	0.0021047	0.45	0.01507606	2	4.5	0.001	0.5988629	0.39	1	0.00015335	0.001	0.001	0.02115956	0.26789905	0.0490008	9.99584182	0.1	0.01	0.01	0.01	1e-05	0.01	0.00140765	0.05	0.5	1e-04	100	5e-06	0.001
0.438	0.9	0.1	0.2008545	0.4	80	65.4	9.1	500	3.5	8.61	0.003304	0.00010464	0.00137913	2	0.15	0.1	0.00149475	0.2	0.00169922	0.45	0.01581248	2	4.5	0.001	0.5990973	0.39	1	0.00015335	0.001	0.001	0.02115956	0.26789905	0.0490008	9.99584182	0.1	0.01	0.01	0.01	1e-05	0.01	0.00140765	0.05	0.5	1e-04	100	5e-06	0.001
0.438	0.9	0.1	0.2008545	0.4	80	65.4	9.1	500	3.5	8.61	0.003304	0.00010263	0.00162262	2	0.15	0.1	0.00119599	0.2	0.00168118	0.45	0.01323459	2	4.5	0.001	0.42773196	0.39	1	0.00015335	0.001	0.001	0.02115956	0.26789905	0.0490008	9.99584182	0.1	0.01	0.01	0.01	1e-05	0.01	0.00140765	0.05	0.5	1e-04	100	5e-06	0.001
0.438	0.9	0.1	0.2008545	0.4	80	65.4	9.1	500	3.5	8.61	0.003304	0.00010233	0.00141851	2	0.15	0.1	0.00133821	0.2	0.0017124	0.45	0.01074803	2	4.5	0.001	0.5022035	0.39	1	0.00015335	0.001	0.001	0.02115956	0.26789905	0.0490008	9.99584182	0.1	0.01	0.01	0.01	1e-05	0.01	0.00140765	0.05	0.5	1e-04	100	5e-06	0.001
0.438	0.9	0.1	0.2008545	0.4	80	65.4	9.1	500	3.5	8.61	0.003304	0.00010263	0.00162262	2	0.15	0.1	0.00119599	0.2	0.00168118	0.45	0.01323459	2	4.5	0.001	0.42773196	0.39	1	0.00015335	0.001	0.001	0.02115956	0.26789905	0.0490008	9.99584182	0.1	0.01	0.01	0.01	1e-05	0.01	0.00140765	0.05	0.5	1e-04	100	5e-06	0.001
0.438	0.9	0.1	0.2008545	0.4	80	65.4	9.1	500	3.5	8.61	0.003304	0.00010233	0.00141851	2	0.15	0.1	0.00133821	0.2	0.0017124	0.45	0.01074803	2	4.5	0.001	0.5022035	0.39	1	0.00015335	0.001	0.001	0.02115956	0.26789905	0.0490008	9.99584182	0.1	0.01	0.01	0.01	1e-05	0.01	0.00140765	0.05	0.5	1e-04	100	5e-06	0.001
0.438	0.9	0.1	0.2008545	0.4	80	65.4	9.1	500	3.5	8.61	0.003304	0.00010255	0.00151912	2	0.15	0.1	0.00127207	0.2	0.00193116	0.45	0.01221812	2	4.5	0.001	0.4702771	0.39	1	0.00015335	0.001	0.001	0.02115956	0.26789905	0.0490008	9.99584182	0.1	0.01	0.01	0.01	1e-05	0.01	0.00140765	0.05	0.5	1e-04	100	5e-06	0.001
0.438	0.9	0.1	0.2008545	0.4	80	65.4	9.1	500	3.5	8.61	0.003304	0.00010263	0.00162262	2	0.15	0.1	0.00119599	0.2	0.00168118	0.45	0.01323459	2	4.5	0.001	0.42773196	0.39	1	0.00015335	0.001	0.001	0.02115956	0.26789905	0.0490008	9.99584182	0.1	0.01	0.01	0.01	1e-05	0.01	0.00140765	0.05	0.5	1e-04	100	5e-06	0.001
0.438	0.9	0.1	0.2008545	0.4	80	65.4	9.1	500	3.5	8.61	0.003304	0.00010259	0.00156269	2	0.15	0.1	0.00122311	0.2	0.00197573	0.45	0.01249435	2	4.5	0.001	0.44843941	0.39	1	0.00015335	0.001	0.001	0.02115956	0.26789905	0.0490008	9.99584182	0.1	0.01	0.01	0.01	1e-05	0.01	0.00140765	0.05	0.5	1e-04	100	5e-06	0.001
0.438	0.9	0.1	0.2008545	0.4	80	65.4	9.1	500	3.5	8.61	0.003304	0.00010261	0.00154611	2	0.15	0.1	0.00125547	0.2	0.00190217	0.45	0.01256016	2	4.5	0.001	0.45555661	0.39	1	0.00015335	0.001	0.001	0.02115956	0.26789905	0.0490008	9.99584182	0.1	0.01	0.01	0.01	1e-05	0.01	0.00140765	0.05	0.5	1e-04	100	5e-06	0.001
0.438	0.9	0.1	0.2008545	0.4	80	65.4	9.1	500	3.5	8.61	0.003304	0.00010258	0.00153902	2	0.15	0.1	0.00127304	0.2	0.00200393	0.45	0.01244786	2	4.5	0.001	0.45467013	0.39	1	0.00015335	0.001	0.001	0.02115956	0.26789905	0.0490008	9.99584182	0.1	0.01	0.01	0.01	1e-05	0.01	0.00140765	0.05	0.5	1e-04	100	5e-06	0.001
0.438	0.9	0.1	0.2008545	0.4	80	65.4	9.1	500	3.5	8.61	0.003304	0.00010257	0.00151701	2	0.15	0.1	0.00129136	0.2	0.00183511	0.45	0.01233664	2	4.5	0.001	0.46360087	0.39	1	0.00015335	0.001	0.001	0.02115956	0.26789905	0.0490008	9.99584182	0.1	0.01	0.01	0.01	1e-05	0.01	0.00140765	0.05	0.5	1e-04	100	5e-06	0.001
0.438	0.9	0.1	0.2008545	0.4	80	65.4	9.1	500	3.5	8.61	0.003304	0.00010258	0.00153902	2	0.15	0.1	0.00127304	0.2	0.00200393	0.45	0.01244786	2	4.5	0.001	0.45467013	0.39	1	0.00015335	0.001	0.001	0.02115956	0.26789905	0.0490008	9.99584182	0.1	0.01	0.01	0.01	1e-05	0.01	0.00140765	0.05	0.5	1e-04	100	5e-06	0.001
0.438	0.9	0.1	0.2008545	0.4	80	65.4	9.1	500	3.5	8.61	0.003304	0.00010392	0.00120409	2	0.15	0.1	0.00151039	0.2	0.00174551	0.45	0.01524202	2	4.5	0.001	0.58653612	0.39	1	0.00015335	0.001	0.001	0.02115956	0.26789905	0.0490008	9.99584182	0.1	0.01	0.01	0.01	1e-05	0.01	0.00140765	0.05	0.5	1e-04	100	5e-06	0.001
0.438	0.9	0.1	0.2008545	0.4	80	65.4	9.1	500	3.5	8.61	0.003304	0.00010358	0.00120417	2	0.15	0.1	0.001489	0.2	0.00206912	0.45	0.01490935	2	4.5	0.001	0.59315257	0.39	1	0.00015335	0.001	0.001	0.02115956	0.26789905	0.0490008	9.99584182	0.1	0.01	0.01	0.01	1e-05	0.01	0.00140765	0.05	0.5	1e-04	100	5e-06	0.001
0.438	0.9	0.1	0.2008545	0.4	80	65.4	9.1	500	3.5	8.61	0.003304	0.00010574	0.00121564	2	0.15	0.1	0.00152205	0.2	0.00198432	0.45	0.01534492	2	4.5	0.001	0.59425481	0.39	1	0.00015335	0.001	0.001	0.02115956	0.26789905	0.0490008	9.99584182	0.1	0.01	0.01	0.01	1e-05	0.01	0.00140765	0.05	0.5	1e-04	100	5e-06	0.001
0.438	0.9	0.1	0.2008545	0.4	80	65.4	9.1	500	3.5	8.61	0.003304	0.00010358	0.00120417	2	0.15	0.1	0.001489	0.2	0.00206912	0.45	0.01490935	2	4.5	0.001	0.59315257	0.39	1	0.00015335	0.001	0.001	0.02115956	0.26789905	0.0490008	9.99584182	0.1	0.01	0.01	0.01	1e-05	0.01	0.00140765	0.05	0.5	1e-04	100	5e-06	0.001
0.438	0.9	0.1	0.2008545	0.4	80	65.4	9.1	500	3.5	8.61	0.003304	0.00010423	0.00124319	2	0.15	0.1	0.00153324	0.2	0.00187379	0.45	0.01559554	2	4.5	0.001	0.58967137	0.39	1	0.00015335	0.001	0.001	0.02115956	0.26789905	0.0490008	9.99584182	0.1	0.01	0.01	0.01	1e-05	0.01	0.00140765	0.05	0.5	1e-04	100	5e-06	0.001
0.438	0.9	0.1	0.2008545	0.4	80	65.4	9.1	500	3.5	8.61	0.003304	0.00010386	0.00121992	2	0.15	0.1	0.00155131	0.2	0.00189123	0.45	0.01531392	2	4.5	0.001	0.59085324	0.39	1	0.00015335	0.001	0.001	0.02115956	0.26789905	0.0490008	9.99584182	0.1	0.01	0.01	0.01	1e-05	0.01	0.00140765	0.05	0.5	1e-04	100	5e-06	0.001
0.438	0.9	0.1	0.2008545	0.4	80	65.4	9.1	500	3.5	8.61	0.003304	0.00010448	0.00122592	2	0.15	0.1	0.0015451	0.2	0.00204348	0.45	0.01549923	2	4.5	0.001	0.5911529	0.39	1	0.00015335	0.001	0.001	0.02115956	0.26789905	0.0490008	9.99584182	0.1	0.01	0.01	0.01	1e-05	0.01	0.00140765	0.05	0.5	1e-04	100	5e-06	0.001
0.438	0.9	0.1	0.2008545	0.4	80	65.4	9.1	500	3.5	8.61	0.003304	0.0001034	0.00119773	2	0.15	0.1	0.0015432	0.2	0.0019765	0.45	0.01526798	2	4.5	0.001	0.59011908	0.39	1	0.00015335	0.001	0.001	0.02115956	0.26789905	0.0490008	9.99584182	0.1	0.01	0.01	0.01	1e-05	0.01	0.00140765	0.05	0.5	1e-04	100	5e-06	0.001
0.438	0.9	0.1	0.2008545	0.4	80	65.4	9.1	500	3.5	8.61	0.003304	0.000104	0.00120691	2	0.15	0.1	0.00156405	0.2	0.00184527	0.45	0.01520643	2	4.5	0.001	0.59063912	0.39	1	0.00015335	0.001	0.001	0.02115956	0.26789905	0.0490008	9.99584182	0.1	0.01	0.01	0.01	1e-05	0.01	0.00140765	0.05	0.5	1e-04	100	5e-06	0.001
0.438	0.9	0.1	0.2008545	0.4	80	65.4	9.1	500	3.5	8.61	0.003304	0.0001027	0.0012494	2	0.15	0.1	0.00152002	0.2	0.0017063	0.45	0.015445	2	4.5	0.001	0.59034879	0.39	1	0.00015335	0.001	0.001	0.02115956	0.26789905	0.0490008	9.99584182	0.1	0.01	0.01	0.01	1e-05	0.01	0.00140765	0.05	0.5	1e-04	100	5e-06	0.001
0.438	0.9	0.1	0.2008545	0.4	80	65.4	9.1	500	3.5	8.61	0.003304	0.00010386	0.00121992	2	0.15	0.1	0.00155131	0.2	0.00189123	0.45	0.01531392	2	4.5	0.001	0.59085324	0.39	1	0.00015335	0.001	0.001	0.02115956	0.26789905	0.0490008	9.99584182	0.1	0.01	0.01	0.01	1e-05	0.01	0.00140765	0.05	0.5	1e-04	100	5e-06	0.001
0.438	0.9	0.1	0.2008545	0.4	80	65.4	9.1	500	3.5	8.61	0.003304	0.00010805	0.00142777	2	0.15	0.1	0.00139897	0.2	0.00158413	0.45	0.01128104	2	4.5	0.001	0.57368122	0.39	1	0.00015335	0.001	0.001	0.02115956	0.26789905	0.0490008	9.99584182	0.1	0.01	0.01	0.01	1e-05	0.01	0.00140765	0.05	0.5	1e-04	100	5e-06	0.001
0.438	0.9	0.1	0.2008545	0.4	80	65.4	9.1	500	3.5	8.61	0.003304	0.00010749	0.00137936	2	0.15	0.1	0.00138695	0.2	0.00160909	0.45	0.01354454	2	4.5	0.001	0.55602395	0.39	1	0.00015335	0.001	0.001	0.02115956	0.26789905	0.0490008	9.99584182	0.1	0.01	0.01	0.01	1e-05	0.01	0.00140765	0.05	0.5	1e-04	100	5e-06	0.001
0.438	0.9	0.1	0.2008545	0.4	80	65.4	9.1	500	3.5	8.61	0.003304	0.00010683	0.00132304	2	0.15	0.1	0.00141677	0.2	0.00219857	0.45	0.0141052	2	4.5	0.001	0.56538219	0.39	1	0.00015335	0.001	0.001	0.02115956	0.26789905	0.0490008	9.99584182	0.1	0.01	0.01	0.01	1e-05	0.01	0.00140765	0.05	0.5	1e-04	100	5e-06	0.001
0.438	0.9	0.1	0.2008545	0.4	80	65.4	9.1	500	3.5	8.61	0.003304	0.00010675	0.00132115	2	0.15	0.1	0.0014125	0.2	0.00212204	0.45	0.01366771	2	4.5	0.001	0.56924582	0.39	1	0.00015335	0.001	0.001	0.02115956	0.26789905	0.0490008	9.99584182	0.1	0.01	0.01	0.01	1e-05	0.01	0.00140765	0.05	0.5	1e-04	100	5e-06	0.001
0.438	0.9	0.1	0.2008545	0.4	80	65.4	9.1	500	3.5	8.61	0.003304	0.00011015	0.00150039	2	0.15	0.1	0.00132115	0.2	0.00137472	0.45	0.01246412	2	4.5	0.001	0.56555405	0.39	1	0.00015335	0.001	0.001	0.02115956	0.26789905	0.0490008	9.99584182	0.1	0.01	0.01	0.01	1e-05	0.01	0.00140765	0.05	0.5	1e-04	100	5e-06	0.001
0.438	0.9	0.1	0.2008545	0.4	80	65.4	9.1	500	3.5	8.61	0.003304	0.00010805	0.00142777	2	0.15	0.1	0.00139897	0.2	0.00158413	0.45	0.01128104	2	4.5	0.001	0.57368122	0.39	1	0.00015335	0.001	0.001	0.02115956	0.26789905	0.0490008	9.99584182	0.1	0.01	0.01	0.01	1e-05	0.01	0.00140765	0.05	0.5	1e-04	100	5e-06	0.001
0.438	0.9	0.1	0.2008545	0.4	80	65.4	9.1	500	3.5	8.61	0.003304	0.00010749	0.00137936	2	0.15	0.1	0.00138695	0.2	0.00160909	0.45	0.01354454	2	4.5	0.001	0.55602395	0.39	1	0.00015335	0.001	0.001	0.02115956	0.26789905	0.0490008	9.99584182	0.1	0.01	0.01	0.01	1e-05	0.01	0.00140765	0.05	0.5	1e-04	100	5e-06	0.001
0.438	0.9	0.1	0.2008545	0.4	80	65.4	9.1	500	3.5	8.61	0.003304	0.00010683	0.00132304	2	0.15	0.1	0.00141677	0.2	0.00219857	0.45	0.0141052	2	4.5	0.001	0.56538219	0.39	1	0.00015335	0.001	0.001	0.02115956	0.26789905	0.0490008	9.99584182	0.1	0.01	0.01	0.01	1e-05	0.01	0.00140765	0.05	0.5	1e-04	100	5e-06	0.001
0.438	0.9	0.1	0.2008545	0.4	80	65.4	9.1	500	3.5	8.61	0.003304	0.00010675	0.00132115	2	0.15	0.1	0.0014125	0.2	0.00212204	0.45	0.01366771	2	4.5	0.001	0.56924582	0.39	1	0.00015335	0.001	0.001	0.02115956	0.26789905	0.0490008	9.99584182	0.1	0.01	0.01	0.01	1e-05	0.01	0.00140765	0.05	0.5	1e-04	100	5e-06	0.001
0.438	0.9	0.1	0.2008545	0.4	80	65.4	9.1	500	3.5	8.61	0.003304	0.00010804	0.00140696	2	0.15	0.1	0.00139591	0.2	0.0016093	0.45	0.01427227	2	4.5	0.001	0.54512771	0.39	1	0.00015335	0.001	0.001	0.02115956	0.26789905	0.0490008	9.99584182	0.1	0.01	0.01	0.01	1e-05	0.01	0.00140765	0.05	0.5	1e-04	100	5e-06	0.001
0.439	0.9	0.1	0.2008545	0.4	80	65.4	9.1	500	3.5	8.61	0.003304	0.00010379	0.00120046	2	0.15	0.1	0.00154044	0.2	0.00187496	0.45	0.01452551	2	4.5	0.001	0.5897256	0.39	1	0.00015335	0.001	0.001	0.02115956	0.26789905	0.0490008	9.99584182	0.1	0.01	0.01	0.01	1e-05	0.01	0.00140765	0.05	0.5	1e-04	100	5e-06	0.001
0.439	0.9	0.1	0.2008545	0.4	80	65.4	9.1	500	3.5	8.61	0.003304	0.00010281	0.00123529	2	0.15	0.1	0.00151537	0.2	0.00236166	0.45	0.01428034	2	4.5	0.001	0.59743523	0.39	1	0.00015335	0.001	0.001	0.02115956	0.26789905	0.0490008	9.99584182	0.1	0.01	0.01	0.01	1e-05	0.01	0.00140765	0.05	0.5	1e-04	100	5e-06	0.001
0.439	0.9	0.1	0.2008545	0.4	80	65.4	9.1	500	3.5	8.61	0.003304	0.00010286	0.00120123	2	0.15	0.1	0.00151274	0.2	0.00165474	0.45	0.01434985	2	4.5	0.001	0.58373905	0.39	1	0.00015335	0.001	0.001	0.02115956	0.26789905	0.0490008	9.99584182	0.1	0.01	0.01	0.01	1e-05	0.01	0.00140765	0.05	0.5	1e-04	100	5e-06	0.001
0.439	0.9	0.1	0.2008545	0.4	80	65.4	9.1	500	3.5	8.61	0.003304	0.00010379	0.00120046	2	0.15	0.1	0.00154044	0.2	0.00187496	0.45	0.01452551	2	4.5	0.001	0.5897256	0.39	1	0.00015335	0.001	0.001	0.02115956	0.26789905	0.0490008	9.99584182	0.1	0.01	0.01	0.01	1e-05	0.01	0.00140765	0.05	0.5	1e-04	100	5e-06	0.001
0.439	0.9	0.1	0.2008545	0.4	80	65.4	9.1	500	3.5	8.61	0.003304	0.00010281	0.00123529	2	0.15	0.1	0.00151537	0.2	0.00236166	0.45	0.01428034	2	4.5	0.001	0.59743523	0.39	1	0.00015335	0.001	0.001	0.02115956	0.26789905	0.0490008	9.99584182	0.1	0.01	0.01	0.01	1e-05	0.01	0.00140765	0.05	0.5	1e-04	100	5e-06	0.001
0.439	0.9	0.1	0.2008545	0.4	80	65.4	9.1	500	3.5	8.61	0.003304	0.0001029	0.00119968	2	0.15	0.1	0.00155723	0.2	0.00190293	0.45	0.01432851	2	4.5	0.001	0.58863956	0.39	1	0.00015335	0.001	0.001	0.02115956	0.26789905	0.0490008	9.99584182	0.1	0.01	0.01	0.01	1e-05	0.01	0.00140765	0.05	0.5	1e-04	100	5e-06	0.001
0.439	0.9	0.1	0.2008545	0.4	80	65.4	9.1	500	3.5	8.61	0.003304	0.00010368	0.00121139	2	0.15	0.1	0.00153065	0.2	0.00200251	0.45	0.01419937	2	4.5	0.001	0.58603608	0.39	1	0.00015335	0.001	0.001	0.02115956	0.26789905	0.0490008	9.99584182	0.1	0.01	0.01	0.01	1e-05	0.01	0.00140765	0.05	0.5	1e-04	100	5e-06	0.001
0.439	0.9	0.1	0.2008545	0.4	80	65.4	9.1	500	3.5	8.61	0.003304	0.00010375	0.0012054	2	0.15	0.1	0.00155277	0.2	0.00192475	0.45	0.01439812	2	4.5	0.001	0.58467416	0.39	1	0.00015335	0.001	0.001	0.02115956	0.26789905	0.0490008	9.99584182	0.1	0.01	0.01	0.01	1e-05	0.01	0.00140765	0.05	0.5	1e-04	100	5e-06	0.001
0.439	0.9	0.1	0.2008545	0.4	80	65.4	9.1	500	3.5	8.61	0.003304	0.00010367	0.00120775	2	0.15	0.1	0.00151016	0.2	0.00186095	0.45	0.01425293	2	4.5	0.001	0.58829917	0.39	1	0.00015335	0.001	0.001	0.02115956	0.26789905	0.0490008	9.99584182	0.1	0.01	0.01	0.01	1e-05	0.01	0.00140765	0.05	0.5	1e-04	100	5e-06	0.001
0.439	0.9	0.1	0.2008545	0.4	80	65.4	9.1	500	3.5	8.61	0.003304	0.00010286	0.00120123	2	0.15	0.1	0.00151274	0.2	0.00165474	0.45	0.01434985	2	4.5	0.001	0.58373905	0.39	1	0.00015335	0.001	0.001	0.02115956	0.26789905	0.0490008	9.99584182	0.1	0.01	0.01	0.01	1e-05	0.01	0.00140765	0.05	0.5	1e-04	100	5e-06	0.001
0.439	0.9	0.1	0.2008545	0.4	80	65.4	9.1	500	3.5	8.61	0.003304	0.0001046	0.0012926	2	0.15	0.1	0.00148659	0.2	0.00209913	0.45	0.01430027	2	4.5	0.001	0.58317529	0.39	1	0.00015335	0.001	0.001	0.02115956	0.26789905	0.0490008	9.99584182	0.1	0.01	0.01	0.01	1e-05	0.01	0.00140765	0.05	0.5	1e-04	100	5e-06	0.001
0.439	0.9	0.1	0.2008545	0.4	80	65.4	9.1	500	3.5	8.61	0.003304	0.00010423	0.00128256	2	0.15	0.1	0.00151223	0.2	0.0016229	0.45	0.01367903	2	4.5	0.001	0.59368388	0.39	1	0.00015335	0.001	0.001	0.02115956	0.26789905	0.0490008	9.99584182	0.1	0.01	0.01	0.01	1e-05	0.01	0.00140765	0.05	0.5	1e-04	100	5e-06	0.001
0.439	0.9	0.1	0.2008545	0.4	80	65.4	9.1	500	3.5	8.61	0.003304	0.00010365	0.00139296	2	0.15	0.1	0.00141606	0.2	0.00198252	0.45	0.01451199	2	4.5	0.001	0.58538809	0.39	1	0.00015335	0.001	0.001	0.02115956	0.26789905	0.0490008	9.99584182	0.1	0.01	0.01	0.01	1e-05	0.01	0.00140765	0.05	0.5	1e-04	100	5e-06	0.001
0.439	0.9	0.1	0.2008545	0.4	80	65.4	9.1	500	3.5	8.61	0.003304	0.00010496	0.00128256	2	0.15	0.1	0.00151449	0.2	0.0016229	0.45	0.01439345	2	4.5	0.001	0.59368388	0.39	1	0.00015335	0.001	0.001	0.02115956	0.26789905	0.0490008	9.99584182	0.1	0.01	0.01	0.01	1e-05	0.01	0.00140765	0.05	0.5	1e-04	100	5e-06	0.001
0.439	0.9	0.1	0.2008545	0.4	80	65.4	9.1	500	3.5	8.61	0.003304	0.00010386	0.0012997	2	0.15	0.1	0.00149212	0.2	0.00197931	0.45	0.01448086	2	4.5	0.001	0.59390608	0.39	1	0.00015335	0.001	0.001	0.02115956	0.26789905	0.0490008	9.99584182	0.1	0.01	0.01	0.01	1e-05	0.01	0.00140765	0.05	0.5	1e-04	100	5e-06	0.001
0.439	0.9	0.1	0.2008545	0.4	80	65.4	9.1	500	3.5	8.61	0.003304	0.00010153	0.00115703	2	0.15	0.1	0.00148144	0.2	0.00173628	0.45	0.01357083	2	4.5	0.001	0.59880156	0.39	1	0.00015335	0.001	0.001	0.02115956	0.26789905	0.0490008	9.99584182	0.1	0.01	0.01	0.01	1e-05	0.01	0.00140765	0.05	0.5	1e-04	100	5e-06	0.001
0.439	0.9	0.1	0.2008545	0.4	80	65.4	9.1	500	3.5	8.61	0.003304	0.00010531	0.00115703	2	0.15	0.1	0.00157355	0.2	0.00173628	0.45	0.01567516	2	4.5	0.001	0.59880156	0.39	1	0.00015335	0.001	0.001	0.02115956	0.26789905	0.0490008	9.99584182	0.1	0.01	0.01	0.01	1e-05	0.01	0.00140765	0.05	0.5	1e-04	100	5e-06	0.001
0.439	0.9	0.1	0.2008545	0.4	80	65.4	9.1	500	3.5	8.61	0.003304	0.00010464	0.00115703	2	0.15	0.1	0.00159342	0.2	0.00173628	0.45	0.01567516	2	4.5	0.001	0.59880156	0.39	1	0.00015335	0.001	0.001	0.02115956	0.26789905	0.0490008	9.99584182	0.1	0.01	0.01	0.01	1e-05	0.01	0.00140765	0.05	0.5	1e-04	100	5e-06	0.001
0.439	0.9	0.1	0.2008545	0.4	80	65.4	9.1	500	3.5	8.61	0.003304	0.00010423	0.00128256	2	0.15	0.1	0.00151223	0.2	0.0016229	0.45	0.01367903	2	4.5	0.001	0.59368388	0.39	1	0.00015335	0.001	0.001	0.02115956	0.26789905	0.0490008	9.99584182	0.1	0.01	0.01	0.01	1e-05	0.01	0.00140765	0.05	0.5	1e-04	100	5e-06	0.001
0.439	0.9	0.1	0.2008545	0.4	80	65.4	9.1	500	3.5	8.61	0.003304	0.00010365	0.00139296	2	0.15	0.1	0.00141606	0.2	0.00198252	0.45	0.01451199	2	4.5	0.001	0.58538809	0.39	1	0.00015335	0.001	0.001	0.02115956	0.26789905	0.0490008	9.99584182	0.1	0.01	0.01	0.01	1e-05	0.01	0.00140765	0.05	0.5	1e-04	100	5e-06	0.001
0.439	0.9	0.1	0.2008545	0.4	80	65.4	9.1	500	3.5	8.61	0.003304	0.00010464	0.00115703	2	0.15	0.1	0.00159342	0.2	0.00173628	0.45	0.01567516	2	4.5	0.001	0.59880156	0.39	1	0.00015335	0.001	0.001	0.02115956	0.26789905	0.0490008	9.99584182	0.1	0.01	0.01	0.01	1e-05	0.01	0.00140765	0.05	0.5	1e-04	100	5e-06	0.001
0.439	0.9	0.1	0.2008545	0.4	80	65.4	9.1	500	3.5	8.61	0.003304	0.00010247	0.00149687	2	0.15	0.1	0.00130471	0.2	0.00195638	0.45	0.01157984	2	4.5	0.001	0.47714119	0.39	1	0.00015335	0.001	0.001	0.02115956	0.26789905	0.0490008	9.99584182	0.1	0.01	0.01	0.01	1e-05	0.01	0.00140765	0.05	0.5	1e-04	100	5e-06	0.001
0.439	0.9	0.1	0.2008545	0.4	80	65.4	9.1	500	3.5	8.61	0.003304	0.00010247	0.00150106	2	0.15	0.1	0.00130654	0.2	0.00188626	0.45	0.01179681	2	4.5	0.001	0.48082032	0.39	1	0.00015335	0.001	0.001	0.02115956	0.26789905	0.0490008	9.99584182	0.1	0.01	0.01	0.01	1e-05	0.01	0.00140765	0.05	0.5	1e-04	100	5e-06	0.001
0.439	0.9	0.1	0.2008545	0.4	80	65.4	9.1	500	3.5	8.61	0.003304	0.00010259	0.00157371	2	0.15	0.1	0.00121737	0.2	0.00193897	0.45	0.0126284	2	4.5	0.001	0.45574976	0.39	1	0.00015335	0.001	0.001	0.02115956	0.26789905	0.0490008	9.99584182	0.1	0.01	0.01	0.01	1e-05	0.01	0.00140765	0.05	0.5	1e-04	100	5e-06	0.001
0.439	0.9	0.1	0.2008545	0.4	80	65.4	9.1	500	3.5	8.61	0.003304	0.00010249	0.00155437	2	0.15	0.1	0.00121939	0.2	0.00208601	0.45	0.01177307	2	4.5	0.001	0.46201575	0.39	1	0.00015335	0.001	0.001	0.02115956	0.26789905	0.0490008	9.99584182	0.1	0.01	0.01	0.01	1e-05	0.01	0.00140765	0.05	0.5	1e-04	100	5e-06	0.001
0.439	0.9	0.1	0.2008545	0.4	80	65.4	9.1	500	3.5	8.61	0.003304	0.00010247	0.00149687	2	0.15	0.1	0.00130471	0.2	0.00195638	0.45	0.01157984	2	4.5	0.001	0.47714119	0.39	1	0.00015335	0.001	0.001	0.02115956	0.26789905	0.0490008	9.99584182	0.1	0.01	0.01	0.01	1e-05	0.01	0.00140765	0.05	0.5	1e-04	100	5e-06	0.001
0.439	0.9	0.1	0.2008545	0.4	80	65.4	9.1	500	3.5	8.61	0.003304	0.00010259	0.00156124	2	0.15	0.1	0.00123142	0.2	0.00213528	0.45	0.01233267	2	4.5	0.001	0.46223337	0.39	1	0.00015335	0.001	0.001	0.02115956	0.26789905	0.0490008	9.99584182	0.1	0.01	0.01	0.01	1e-05	0.01	0.00140765	0.05	0.5	1e-04	100	5e-06	0.001
0.439	0.9	0.1	0.2008545	0.4	80	65.4	9.1	500	3.5	8.61	0.003304	0.00010248	0.00149715	2	0.15	0.1	0.00131813	0.2	0.00198902	0.45	0.01170809	2	4.5	0.001	0.47779313	0.39	1	0.00015335	0.001	0.001	0.02115956	0.26789905	0.0490008	9.99584182	0.1	0.01	0.01	0.01	1e-05	0.01	0.00140765	0.05	0.5	1e-04	100	5e-06	0.001
0.439	0.9	0.1	0.2008545	0.4	80	65.4	9.1	500	3.5	8.61	0.003304	0.00010257	0.00153604	2	0.15	0.1	0.00126741	0.2	0.0019236	0.45	0.0120995	2	4.5	0.001	0.46967221	0.39	1	0.00015335	0.001	0.001	0.02115956	0.26789905	0.0490008	9.99584182	0.1	0.01	0.01	0.01	1e-05	0.01	0.00140765	0.05	0.5	1e-04	100	5e-06	0.001
0.439	0.9	0.1	0.2008545	0.4	80	65.4	9.1	500	3.5	8.61	0.003304	0.00010258	0.00156515	2	0.15	0.1	0.00126926	0.2	0.00205695	0.45	0.01232653	2	4.5	0.001	0.45132441	0.39	1	0.00015335	0.001	0.001	0.02115956	0.26789905	0.0490008	9.99584182	0.1	0.01	0.01	0.01	1e-05	0.01	0.00140765	0.05	0.5	1e-04	100	5e-06	0.001
0.439	0.9	0.1	0.2008545	0.4	80	65.4	9.1	500	3.5	8.61	0.003304	0.00010251	0.00152999	2	0.15	0.1	0.00130289	0.2	0.00210126	0.45	0.01196043	2	4.5	0.001	0.46403782	0.39	1	0.00015335	0.001	0.001	0.02115956	0.26789905	0.0490008	9.99584182	0.1	0.01	0.01	0.01	1e-05	0.01	0.00140765	0.05	0.5	1e-04	100	5e-06	0.001
0.439	0.9	0.1	0.2008545	0.4	80	65.4	9.1	500	3.5	8.61	0.003304	0.00010248	0.00150075	2	0.15	0.1	0.00128721	0.2	0.00196581	0.45	0.01153516	2	4.5	0.001	0.47582466	0.39	1	0.00015335	0.001	0.001	0.02115956	0.26789905	0.0490008	9.99584182	0.1	0.01	0.01	0.01	1e-05	0.01	0.00140765	0.05	0.5	1e-04	100	5e-06	0.001
0.439	0.9	0.1	0.2008545	0.4	80	65.4	9.1	500	3.5	8.61	0.003304	0.00010482	0.00116532	2	0.15	0.1	0.0015367	0.2	0.00183805	0.45	0.0149735	2	4.5	0.001	0.58958149	0.39	1	0.00015335	0.001	0.001	0.02115956	0.26789905	0.0490008	9.99584182	0.1	0.01	0.01	0.01	1e-05	0.01	0.00140765	0.05	0.5	1e-04	100	5e-06	0.001
0.439	0.9	0.1	0.2008545	0.4	80	65.4	9.1	500	3.5	8.61	0.003304	0.00010497	0.0012551	2	0.15	0.1	0.00158717	0.2	0.00187384	0.45	0.01589238	2	4.5	0.001	0.5889918	0.39	1	0.00015335	0.001	0.001	0.02115956	0.26789905	0.0490008	9.99584182	0.1	0.01	0.01	0.01	1e-05	0.01	0.00140765	0.05	0.5	1e-04	100	5e-06	0.001
0.439	0.9	0.1	0.2008545	0.4	80	65.4	9.1	500	3.5	8.61	0.003304	0.00010462	0.00123799	2	0.15	0.1	0.00156475	0.2	0.00198166	0.45	0.014994	2	4.5	0.001	0.59011305	0.39	1	0.00015335	0.001	0.001	0.02115956	0.26789905	0.0490008	9.99584182	0.1	0.01	0.01	0.01	1e-05	0.01	0.00140765	0.05	0.5	1e-04	100	5e-06	0.001
0.439	0.9	0.1	0.2008545	0.4	80	65.4	9.1	500	3.5	8.61	0.003304	0.00010424	0.00121275	2	0.15	0.1	0.00160354	0.2	0.00186501	0.45	0.01520482	2	4.5	0.001	0.59160302	0.39	1	0.00015335	0.001	0.001	0.02115956	0.26789905	0.0490008	9.99584182	0.1	0.01	0.01	0.01	1e-05	0.01	0.00140765	0.05	0.5	1e-04	100	5e-06	0.001
0.439	0.9	0.1	0.2008545	0.4	80	65.4	9.1	500	3.5	8.61	0.003304	0.00010503	0.00120303	2	0.15	0.1	0.00159321	0.2	0.00177833	0.45	0.0151557	2	4.5	0.001	0.58955808	0.39	1	0.00015335	0.001	0.001	0.02115956	0.26789905	0.0490008	9.99584182	0.1	0.01	0.01	0.01	1e-05	0.01	0.00140765	0.05	0.5	1e-04	100	5e-06	0.001
0.439	0.9	0.1	0.2008545	0.4	80	65.4	9.1	500	3.5	8.61	0.003304	0.00010441	0.00119733	2	0.15	0.1	0.00160499	0.2	0.00176081	0.45	0.01512493	2	4.5	0.001	0.59018986	0.39	1	0.00015335	0.001	0.001	0.02115956	0.26789905	0.0490008	9.99584182	0.1	0.01	0.01	0.01	1e-05	0.01	0.00140765	0.05	0.5	1e-04	100	5e-06	0.001
0.439	0.9	0.1	0.2008545	0.4	80	65.4	9.1	500	3.5	8.61	0.003304	0.00010482	0.00116532	2	0.15	0.1	0.0015367	0.2	0.00183805	0.45	0.0149735	2	4.5	0.001	0.58958149	0.39	1	0.00015335	0.001	0.001	0.02115956	0.26789905	0.0490008	9.99584182	0.1	0.01	0.01	0.01	1e-05	0.01	0.00140765	0.05	0.5	1e-04	100	5e-06	0.001
0.439	0.9	0.1	0.2008545	0.4	80	65.4	9.1	500	3.5	8.61	0.003304	0.00010424	0.00120564	2	0.15	0.1	0.00158056	0.2	0.00197298	0.45	0.01513354	2	4.5	0.001	0.59080278	0.39	1	0.00015335	0.001	0.001	0.02115956	0.26789905	0.0490008	9.99584182	0.1	0.01	0.01	0.01	1e-05	0.01	0.00140765	0.05	0.5	1e-04	100	5e-06	0.001
0.439	0.9	0.1	0.2008545	0.4	80	65.4	9.1	500	3.5	8.61	0.003304	0.00010672	0.00133453	2	0.15	0.1	0.00142736	0.2	0.00178117	0.45	0.01279142	2	4.5	0.001	0.56705595	0.39	1	0.00015335	0.001	0.001	0.02115956	0.26789905	0.0490008	9.99584182	0.1	0.01	0.01	0.01	1e-05	0.01	0.00140765	0.05	0.5	1e-04	100	5e-06	0.001
0.439	0.9	0.1	0.2008545	0.4	80	65.4	9.1	500	3.5	8.61	0.003304	0.00010716	0.00133573	2	0.15	0.1	0.00143862	0.2	0.00197613	0.45	0.01360958	2	4.5	0.001	0.55367972	0.39	1	0.00015335	0.001	0.001	0.02115956	0.26789905	0.0490008	9.99584182	0.1	0.01	0.01	0.01	1e-05	0.01	0.00140765	0.05	0.5	1e-04	100	5e-06	0.001
0.439	0.9	0.1	0.2008545	0.4	80	65.4	9.1	500	3.5	8.61	0.003304	0.00010751	0.00136053	2	0.15	0.1	0.00136318	0.2	0.00127827	0.45	0.01357263	2	4.5	0.001	0.55787386	0.39	1	0.00015335	0.001	0.001	0.02115956	0.26789905	0.0490008	9.99584182	0.1	0.01	0.01	0.01	1e-05	0.01	0.00140765	0.05	0.5	1e-04	100	5e-06	0.001
0.439	0.9	0.1	0.2008545	0.4	80	65.4	9.1	500	3.5	8.61	0.003304	0.00010652	0.00134119	2	0.15	0.1	0.00140633	0.2	0.00183513	0.45	0.01311176	2	4.5	0.001	0.56325587	0.39	1	0.00015335	0.001	0.001	0.02115956	0.26789905	0.0490008	9.99584182	0.1	0.01	0.01	0.01	1e-05	0.01	0.00140765	0.05	0.5	1e-04	100	5e-06	0.001
0.439	0.9	0.1	0.2008545	0.4	80	65.4	9.1	500	3.5	8.61	0.003304	0.00010826	0.00131737	2	0.15	0.1	0.00145344	0.2	0.00159355	0.45	0.01377619	2	4.5	0.001	0.55733431	0.39	1	0.00015335	0.001	0.001	0.02115956	0.26789905	0.0490008	9.99584182	0.1	0.01	0.01	0.01	1e-05	0.01	0.00140765	0.05	0.5	1e-04	100	5e-06	0.001
0.439	0.9	0.1	0.2008545	0.4	80	65.4	9.1	500	3.5	8.61	0.003304	0.00010672	0.00133453	2	0.15	0.1	0.00142736	0.2	0.00178117	0.45	0.01279142	2	4.5	0.001	0.56705595	0.39	1	0.00015335	0.001	0.001	0.02115956	0.26789905	0.0490008	9.99584182	0.1	0.01	0.01	0.01	1e-05	0.01	0.00140765	0.05	0.5	1e-04	100	5e-06	0.001
0.439	0.9	0.1	0.2008545	0.4	80	65.4	9.1	500	3.5	8.61	0.003304	0.00010716	0.00133573	2	0.15	0.1	0.00143862	0.2	0.00197613	0.45	0.01360958	2	4.5	0.001	0.55367972	0.39	1	0.00015335	0.001	0.001	0.02115956	0.26789905	0.0490008	9.99584182	0.1	0.01	0.01	0.01	1e-05	0.01	0.00140765	0.05	0.5	1e-04	100	5e-06	0.001
0.439	0.9	0.1	0.2008545	0.4	80	65.4	9.1	500	3.5	8.61	0.003304	0.00010652	0.00134119	2	0.15	0.1	0.00140633	0.2	0.00183513	0.45	0.01311176	2	4.5	0.001	0.56325587	0.39	1	0.00015335	0.001	0.001	0.02115956	0.26789905	0.0490008	9.99584182	0.1	0.01	0.01	0.01	1e-05	0.01	0.00140765	0.05	0.5	1e-04	100	5e-06	0.001
0.439	0.9	0.1	0.2008545	0.4	80	65.4	9.1	500	3.5	8.61	0.003304	0.00010766	0.00137947	2	0.15	0.1	0.00141251	0.2	0.00177401	0.45	0.0136094	2	4.5	0.001	0.56268609	0.39	1	0.00015335	0.001	0.001	0.02115956	0.26789905	0.0490008	9.99584182	0.1	0.01	0.01	0.01	1e-05	0.01	0.00140765	0.05	0.5	1e-04	100	5e-06	0.001
0.44	0.9	0.1	0.2008545	0.4	80	65.4	9.1	500	3.5	8.61	0.003304	0.00010338	0.00116998	2	0.15	0.1	0.0015346	0.2	0.00173225	0.45	0.01422474	2	4.5	0.001	0.58232248	0.39	1	0.00015335	0.001	0.001	0.02115956	0.26789905	0.0490008	9.99584182	0.1	0.01	0.01	0.01	1e-05	0.01	0.00140765	0.05	0.5	1e-04	100	5e-06	0.001
0.44	0.9	0.1	0.2008545	0.4	80	65.4	9.1	500	3.5	8.61	0.003304	0.00010261	0.0011929	2	0.15	0.1	0.00158605	0.2	0.00175575	0.45	0.01427236	2	4.5	0.001	0.58919537	0.39	1	0.00015335	0.001	0.001	0.02115956	0.26789905	0.0490008	9.99584182	0.1	0.01	0.01	0.01	1e-05	0.01	0.00140765	0.05	0.5	1e-04	100	5e-06	0.001
0.44	0.9	0.1	0.2008545	0.4	80	65.4	9.1	500	3.5	8.61	0.003304	0.00010351	0.00119913	2	0.15	0.1	0.00156139	0.2	0.00199737	0.45	0.01438221	2	4.5	0.001	0.58476608	0.39	1	0.00015335	0.001	0.001	0.02115956	0.26789905	0.0490008	9.99584182	0.1	0.01	0.01	0.01	1e-05	0.01	0.00140765	0.05	0.5	1e-04	100	5e-06	0.001
0.44	0.9	0.1	0.2008545	0.4	80	65.4	9.1	500	3.5	8.61	0.003304	0.00010436	0.00126839	2	0.15	0.1	0.00152371	0.2	0.00223876	0.45	0.01424031	2	4.5	0.001	0.57304679	0.39	1	0.00015335	0.001	0.001	0.02115956	0.26789905	0.0490008	9.99584182	0.1	0.01	0.01	0.01	1e-05	0.01	0.00140765	0.05	0.5	1e-04	100	5e-06	0.001
0.44	0.9	0.1	0.2008545	0.4	80	65.4	9.1	500	3.5	8.61	0.003304	0.00010587	0.00115703	2	0.15	0.1	0.00161337	0.2	0.00173628	0.45	0.01521828	2	4.5	0.001	0.59880156	0.39	1	0.00015335	0.001	0.001	0.02115956	0.26789905	0.0490008	9.99584182	0.1	0.01	0.01	0.01	1e-05	0.01	0.00140765	0.05	0.5	1e-04	100	5e-06	0.001
0.44	0.9	0.1	0.2008545	0.4	80	65.4	9.1	500	3.5	8.61	0.003304	0.00010425	0.00115023	2	0.15	0.1	0.00155766	0.2	0.00160401	0.45	0.015525	2	4.5	0.001	0.59500648	0.39	1	0.00015335	0.001	0.001	0.02115956	0.26789905	0.0490008	9.99584182	0.1	0.01	0.01	0.01	1e-05	0.01	0.00140765	0.05	0.5	1e-04	100	5e-06	0.001
0.44	0.9	0.1	0.2008545	0.4	80	65.4	9.1	500	3.5	8.61	0.003304	0.00010587	0.00115703	2	0.15	0.1	0.00161337	0.2	0.00173628	0.45	0.01521828	2	4.5	0.001	0.59880156	0.39	1	0.00015335	0.001	0.001	0.02115956	0.26789905	0.0490008	9.99584182	0.1	0.01	0.01	0.01	1e-05	0.01	0.00140765	0.05	0.5	1e-04	100	5e-06	0.001
0.44	0.9	0.1	0.2008545	0.4	80	65.4	9.1	500	3.5	8.61	0.003304	0.00010425	0.00115023	2	0.15	0.1	0.00155766	0.2	0.00160401	0.45	0.015525	2	4.5	0.001	0.59500648	0.39	1	0.00015335	0.001	0.001	0.02115956	0.26789905	0.0490008	9.99584182	0.1	0.01	0.01	0.01	1e-05	0.01	0.00140765	0.05	0.5	1e-04	100	5e-06	0.001
0.44	0.9	0.1	0.2008545	0.4	80	65.4	9.1	500	3.5	8.61	0.003304	0.00010187	0.00115703	2	0.15	0.1	0.00165069	0.2	0.00173628	0.45	0.01536549	2	4.5	0.001	0.59880156	0.39	1	0.00015335	0.001	0.001	0.02115956	0.26789905	0.0490008	9.99584182	0.1	0.01	0.01	0.01	1e-05	0.01	0.00140765	0.05	0.5	1e-04	100	5e-06	0.001
0.44	0.9	0.1	0.2008545	0.4	80	65.4	9.1	500	3.5	8.61	0.003304	0.00010358	0.00115703	2	0.15	0.1	0.00162949	0.2	0.00173628	0.45	0.0152035	2	4.5	0.001	0.59880156	0.39	1	0.00015335	0.001	0.001	0.02115956	0.26789905	0.0490008	9.99584182	0.1	0.01	0.01	0.01	1e-05	0.01	0.00140765	0.05	0.5	1e-04	100	5e-06	0.001
0.44	0.9	0.1	0.2008545	0.4	80	65.4	9.1	500	3.5	8.61	0.003304	0.00010494	0.00115703	2	0.15	0.1	0.00162962	0.2	0.00173628	0.45	0.0155234	2	4.5	0.001	0.59880156	0.39	1	0.00015335	0.001	0.001	0.02115956	0.26789905	0.0490008	9.99584182	0.1	0.01	0.01	0.01	1e-05	0.01	0.00140765	0.05	0.5	1e-04	100	5e-06	0.001
0.44	0.9	0.1	0.2008545	0.4	80	65.4	9.1	500	3.5	8.61	0.003304	0.00010449	0.00125208	2	0.15	0.1	0.001596	0.2	0.00195847	0.45	0.01460575	2	4.5	0.001	0.58993775	0.39	1	0.00015335	0.001	0.001	0.02115956	0.26789905	0.0490008	9.99584182	0.1	0.01	0.01	0.01	1e-05	0.01	0.00140765	0.05	0.5	1e-04	100	5e-06	0.001
0.44	0.9	0.1	0.2008545	0.4	80	65.4	9.1	500	3.5	8.61	0.003304	0.00010242	0.00148196	2	0.15	0.1	0.0013613	0.2	0.00210991	0.45	0.01140601	2	4.5	0.001	0.48887199	0.39	1	0.00015335	0.001	0.001	0.02115956	0.26789905	0.0490008	9.99584182	0.1	0.01	0.01	0.01	1e-05	0.01	0.00140765	0.05	0.5	1e-04	100	5e-06	0.001
0.44	0.9	0.1	0.2008545	0.4	80	65.4	9.1	500	3.5	8.61	0.003304	0.00010259	0.00155727	2	0.15	0.1	0.00130338	0.2	0.00227419	0.45	0.01248551	2	4.5	0.001	0.4566009	0.39	1	0.00015335	0.001	0.001	0.02115956	0.26789905	0.0490008	9.99584182	0.1	0.01	0.01	0.01	1e-05	0.01	0.00140765	0.05	0.5	1e-04	100	5e-06	0.001
0.44	0.9	0.1	0.2008545	0.4	80	65.4	9.1	500	3.5	8.61	0.003304	0.00010231	0.00144069	2	0.15	0.1	0.00128498	0.2	0.00214867	0.45	0.01010879	2	4.5	0.001	0.52009895	0.39	1	0.00015335	0.001	0.001	0.02115956	0.26789905	0.0490008	9.99584182	0.1	0.01	0.01	0.01	1e-05	0.01	0.00140765	0.05	0.5	1e-04	100	5e-06	0.001
0.44	0.9	0.1	0.2008545	0.4	80	65.4	9.1	500	3.5	8.61	0.003304	0.00010242	0.00148196	2	0.15	0.1	0.0013613	0.2	0.00210991	0.45	0.01140601	2	4.5	0.001	0.48887199	0.39	1	0.00015335	0.001	0.001	0.02115956	0.26789905	0.0490008	9.99584182	0.1	0.01	0.01	0.01	1e-05	0.01	0.00140765	0.05	0.5	1e-04	100	5e-06	0.001
0.44	0.9	0.1	0.2008545	0.4	80	65.4	9.1	500	3.5	8.61	0.003304	0.00010259	0.00155727	2	0.15	0.1	0.00130338	0.2	0.00227419	0.45	0.01248551	2	4.5	0.001	0.4566009	0.39	1	0.00015335	0.001	0.001	0.02115956	0.26789905	0.0490008	9.99584182	0.1	0.01	0.01	0.01	1e-05	0.01	0.00140765	0.05	0.5	1e-04	100	5e-06	0.001
0.44	0.9	0.1	0.2008545	0.4	80	65.4	9.1	500	3.5	8.61	0.003304	0.00010237	0.00157332	2	0.15	0.1	0.00119402	0.2	0.00223485	0.45	0.01107325	2	4.5	0.001	0.46496483	0.39	1	0.00015335	0.001	0.001	0.02115956	0.26789905	0.0490008	9.99584182	0.1	0.01	0.01	0.01	1e-05	0.01	0.00140765	0.05	0.5	1e-04	100	5e-06	0.001
0.44	0.9	0.1	0.2008545	0.4	80	65.4	9.1	500	3.5	8.61	0.003304	0.00010242	0.00148539	2	0.15	0.1	0.0013613	0.2	0.0019621	0.45	0.01140601	2	4.5	0.001	0.48968943	0.39	1	0.00015335	0.001	0.001	0.02115956	0.26789905	0.0490008	9.99584182	0.1	0.01	0.01	0.01	1e-05	0.01	0.00140765	0.05	0.5	1e-04	100	5e-06	0.001
0.44	0.9	0.1	0.2008545	0.4	80	65.4	9.1	500	3.5	8.61	0.003304	0.0001024	0.00147867	2	0.15	0.1	0.00129948	0.2	0.00202985	0.45	0.01081326	2	4.5	0.001	0.49270605	0.39	1	0.00015335	0.001	0.001	0.02115956	0.26789905	0.0490008	9.99584182	0.1	0.01	0.01	0.01	1e-05	0.01	0.00140765	0.05	0.5	1e-04	100	5e-06	0.001
0.44	0.9	0.1	0.2008545	0.4	80	65.4	9.1	500	3.5	8.61	0.003304	0.00010231	0.00144069	2	0.15	0.1	0.00128498	0.2	0.00214867	0.45	0.01010879	2	4.5	0.001	0.52009895	0.39	1	0.00015335	0.001	0.001	0.02115956	0.26789905	0.0490008	9.99584182	0.1	0.01	0.01	0.01	1e-05	0.01	0.00140765	0.05	0.5	1e-04	100	5e-06	0.001
0.44	0.9	0.1	0.2008545	0.4	80	65.4	9.1	500	3.5	8.61	0.003304	0.00010242	0.00148196	2	0.15	0.1	0.0013613	0.2	0.00210991	0.45	0.01140601	2	4.5	0.001	0.48887199	0.39	1	0.00015335	0.001	0.001	0.02115956	0.26789905	0.0490008	9.99584182	0.1	0.01	0.01	0.01	1e-05	0.01	0.00140765	0.05	0.5	1e-04	100	5e-06	0.001
0.44	0.9	0.1	0.2008545	0.4	80	65.4	9.1	500	3.5	8.61	0.003304	0.00010255	0.0015909	2	0.15	0.1	0.0012057	0.2	0.00206637	0.45	0.0124315	2	4.5	0.001	0.46101673	0.39	1	0.00015335	0.001	0.001	0.02115956	0.26789905	0.0490008	9.99584182	0.1	0.01	0.01	0.01	1e-05	0.01	0.00140765	0.05	0.5	1e-04	100	5e-06	0.001
0.44	0.9	0.1	0.2008545	0.4	80	65.4	9.1	500	3.5	8.61	0.003304	0.00010259	0.00155727	2	0.15	0.1	0.00130338	0.2	0.00227419	0.45	0.01248551	2	4.5	0.001	0.4566009	0.39	1	0.00015335	0.001	0.001	0.02115956	0.26789905	0.0490008	9.99584182	0.1	0.01	0.01	0.01	1e-05	0.01	0.00140765	0.05	0.5	1e-04	100	5e-06	0.001
0.44	0.9	0.1	0.2008545	0.4	80	65.4	9.1	500	3.5	8.61	0.003304	0.00010237	0.00157332	2	0.15	0.1	0.00119402	0.2	0.00223485	0.45	0.01107325	2	4.5	0.001	0.46496483	0.39	1	0.00015335	0.001	0.001	0.02115956	0.26789905	0.0490008	9.99584182	0.1	0.01	0.01	0.01	1e-05	0.01	0.00140765	0.05	0.5	1e-04	100	5e-06	0.001
0.44	0.9	0.1	0.2008545	0.4	80	65.4	9.1	500	3.5	8.61	0.003304	0.00010242	0.00148539	2	0.15	0.1	0.0013613	0.2	0.0019621	0.45	0.01140601	2	4.5	0.001	0.48968943	0.39	1	0.00015335	0.001	0.001	0.02115956	0.26789905	0.0490008	9.99584182	0.1	0.01	0.01	0.01	1e-05	0.01	0.00140765	0.05	0.5	1e-04	100	5e-06	0.001
0.44	0.9	0.1	0.2008545	0.4	80	65.4	9.1	500	3.5	8.61	0.003304	0.0001024	0.00147867	2	0.15	0.1	0.00129948	0.2	0.00202985	0.45	0.01081326	2	4.5	0.001	0.49270605	0.39	1	0.00015335	0.001	0.001	0.02115956	0.26789905	0.0490008	9.99584182	0.1	0.01	0.01	0.01	1e-05	0.01	0.00140765	0.05	0.5	1e-04	100	5e-06	0.001
0.44	0.9	0.1	0.2008545	0.4	80	65.4	9.1	500	3.5	8.61	0.003304	0.00010251	0.00156133	2	0.15	0.1	0.00124318	0.2	0.00205243	0.45	0.01203429	2	4.5	0.001	0.46329795	0.39	1	0.00015335	0.001	0.001	0.02115956	0.26789905	0.0490008	9.99584182	0.1	0.01	0.01	0.01	1e-05	0.01	0.00140765	0.05	0.5	1e-04	100	5e-06	0.001
0.44	0.9	0.1	0.2008545	0.4	80	65.4	9.1	500	3.5	8.61	0.003304	0.00010259	0.00155727	2	0.15	0.1	0.00130338	0.2	0.00227419	0.45	0.01248551	2	4.5	0.001	0.4566009	0.39	1	0.00015335	0.001	0.001	0.02115956	0.26789905	0.0490008	9.99584182	0.1	0.01	0.01	0.01	1e-05	0.01	0.00140765	0.05	0.5	1e-04	100	5e-06	0.001
0.44	0.9	0.1	0.2008545	0.4	80	65.4	9.1	500	3.5	8.61	0.003304	0.00010249	0.00153237	2	0.15	0.1	0.00126164	0.2	0.00184814	0.45	0.01144075	2	4.5	0.001	0.47443027	0.39	1	0.00015335	0.001	0.001	0.02115956	0.26789905	0.0490008	9.99584182	0.1	0.01	0.01	0.01	1e-05	0.01	0.00140765	0.05	0.5	1e-04	100	5e-06	0.001
0.44	0.9	0.1	0.2008545	0.4	80	65.4	9.1	500	3.5	8.61	0.003304	0.00010242	0.00148539	2	0.15	0.1	0.0013613	0.2	0.0019621	0.45	0.01140601	2	4.5	0.001	0.48968943	0.39	1	0.00015335	0.001	0.001	0.02115956	0.26789905	0.0490008	9.99584182	0.1	0.01	0.01	0.01	1e-05	0.01	0.00140765	0.05	0.5	1e-04	100	5e-06	0.001
0.44	0.9	0.1	0.2008545	0.4	80	65.4	9.1	500	3.5	8.61	0.003304	0.00010242	0.00148539	2	0.15	0.1	0.0013613	0.2	0.0019621	0.45	0.01140601	2	4.5	0.001	0.48968943	0.39	1	0.00015335	0.001	0.001	0.02115956	0.26789905	0.0490008	9.99584182	0.1	0.01	0.01	0.01	1e-05	0.01	0.00140765	0.05	0.5	1e-04	100	5e-06	0.001
0.44	0.9	0.1	0.2008545	0.4	80	65.4	9.1	500	3.5	8.61	0.003304	0.00010572	0.00119408	2	0.15	0.1	0.00154483	0.2	0.00164318	0.45	0.01468107	2	4.5	0.001	0.58967199	0.39	1	0.00015335	0.001	0.001	0.02115956	0.26789905	0.0490008	9.99584182	0.1	0.01	0.01	0.01	1e-05	0.01	0.00140765	0.05	0.5	1e-04	100	5e-06	0.001
0.44	0.9	0.1	0.2008545	0.4	80	65.4	9.1	500	3.5	8.61	0.003304	0.00010412	0.00118032	2	0.15	0.1	0.0016207	0.2	0.0018089	0.45	0.01521743	2	4.5	0.001	0.59020746	0.39	1	0.00015335	0.001	0.001	0.02115956	0.26789905	0.0490008	9.99584182	0.1	0.01	0.01	0.01	1e-05	0.01	0.00140765	0.05	0.5	1e-04	100	5e-06	0.001
0.44	0.9	0.1	0.2008545	0.4	80	65.4	9.1	500	3.5	8.61	0.003304	0.00010346	0.00119787	2	0.15	0.1	0.00161854	0.2	0.00200037	0.45	0.01512786	2	4.5	0.001	0.59142996	0.39	1	0.00015335	0.001	0.001	0.02115956	0.26789905	0.0490008	9.99584182	0.1	0.01	0.01	0.01	1e-05	0.01	0.00140765	0.05	0.5	1e-04	100	5e-06	0.001
0.44	0.9	0.1	0.2008545	0.4	80	65.4	9.1	500	3.5	8.61	0.003304	0.00010836	0.00122661	2	0.15	0.1	0.00159717	0.2	0.00168568	0.45	0.01511313	2	4.5	0.001	0.58927595	0.39	1	0.00015335	0.001	0.001	0.02115956	0.26789905	0.0490008	9.99584182	0.1	0.01	0.01	0.01	1e-05	0.01	0.00140765	0.05	0.5	1e-04	100	5e-06	0.001
0.44	0.9	0.1	0.2008545	0.4	80	65.4	9.1	500	3.5	8.61	0.003304	0.00010454	0.00119787	2	0.15	0.1	0.00164436	0.2	0.00200037	0.45	0.01486844	2	4.5	0.001	0.59142996	0.39	1	0.00015335	0.001	0.001	0.02115956	0.26789905	0.0490008	9.99584182	0.1	0.01	0.01	0.01	1e-05	0.01	0.00140765	0.05	0.5	1e-04	100	5e-06	0.001
0.44	0.9	0.1	0.2008545	0.4	80	65.4	9.1	500	3.5	8.61	0.003304	0.00010317	0.00117134	2	0.15	0.1	0.00158817	0.2	0.00210177	0.45	0.01523241	2	4.5	0.001	0.5897669	0.39	1	0.00015335	0.001	0.001	0.02115956	0.26789905	0.0490008	9.99584182	0.1	0.01	0.01	0.01	1e-05	0.01	0.00140765	0.05	0.5	1e-04	100	5e-06	0.001
0.44	0.9	0.1	0.2008545	0.4	80	65.4	9.1	500	3.5	8.61	0.003304	0.00010572	0.00119408	2	0.15	0.1	0.00154483	0.2	0.00164318	0.45	0.01468107	2	4.5	0.001	0.58967199	0.39	1	0.00015335	0.001	0.001	0.02115956	0.26789905	0.0490008	9.99584182	0.1	0.01	0.01	0.01	1e-05	0.01	0.00140765	0.05	0.5	1e-04	100	5e-06	0.001
0.44	0.9	0.1	0.2008545	0.4	80	65.4	9.1	500	3.5	8.61	0.003304	0.00010412	0.00118032	2	0.15	0.1	0.0016207	0.2	0.0018089	0.45	0.01521743	2	4.5	0.001	0.59020746	0.39	1	0.00015335	0.001	0.001	0.02115956	0.26789905	0.0490008	9.99584182	0.1	0.01	0.01	0.01	1e-05	0.01	0.00140765	0.05	0.5	1e-04	100	5e-06	0.001
0.44	0.9	0.1	0.2008545	0.4	80	65.4	9.1	500	3.5	8.61	0.003304	0.00010513	0.00121377	2	0.15	0.1	0.00160334	0.2	0.00215416	0.45	0.01525762	2	4.5	0.001	0.59185077	0.39	1	0.00015335	0.001	0.001	0.02115956	0.26789905	0.0490008	9.99584182	0.1	0.01	0.01	0.01	1e-05	0.01	0.00140765	0.05	0.5	1e-04	100	5e-06	0.001
0.44	0.9	0.1	0.2008545	0.4	80	65.4	9.1	500	3.5	8.61	0.003304	0.00010346	0.00119787	2	0.15	0.1	0.00161854	0.2	0.00200037	0.45	0.01512786	2	4.5	0.001	0.59142996	0.39	1	0.00015335	0.001	0.001	0.02115956	0.26789905	0.0490008	9.99584182	0.1	0.01	0.01	0.01	1e-05	0.01	0.00140765	0.05	0.5	1e-04	100	5e-06	0.001
0.44	0.9	0.1	0.2008545	0.4	80	65.4	9.1	500	3.5	8.61	0.003304	0.00010836	0.00122661	2	0.15	0.1	0.00159717	0.2	0.00168568	0.45	0.01511313	2	4.5	0.001	0.58927595	0.39	1	0.00015335	0.001	0.001	0.02115956	0.26789905	0.0490008	9.99584182	0.1	0.01	0.01	0.01	1e-05	0.01	0.00140765	0.05	0.5	1e-04	100	5e-06	0.001
0.44	0.9	0.1	0.2008545	0.4	80	65.4	9.1	500	3.5	8.61	0.003304	0.00010118	0.00122371	2	0.15	0.1	0.00160698	0.2	0.00163031	0.45	0.01520967	2	4.5	0.001	0.59181346	0.39	1	0.00015335	0.001	0.001	0.02115956	0.26789905	0.0490008	9.99584182	0.1	0.01	0.01	0.01	1e-05	0.01	0.00140765	0.05	0.5	1e-04	100	5e-06	0.001
0.44	0.9	0.1	0.2008545	0.4	80	65.4	9.1	500	3.5	8.61	0.003304	0.00010454	0.00119787	2	0.15	0.1	0.00164436	0.2	0.00200037	0.45	0.01486844	2	4.5	0.001	0.59142996	0.39	1	0.00015335	0.001	0.001	0.02115956	0.26789905	0.0490008	9.99584182	0.1	0.01	0.01	0.01	1e-05	0.01	0.00140765	0.05	0.5	1e-04	100	5e-06	0.001
0.44	0.9	0.1	0.2008545	0.4	80	65.4	9.1	500	3.5	8.61	0.003304	0.00010118	0.00122371	2	0.15	0.1	0.00160698	0.2	0.00163031	0.45	0.01520967	2	4.5	0.001	0.59181346	0.39	1	0.00015335	0.001	0.001	0.02115956	0.26789905	0.0490008	9.99584182	0.1	0.01	0.01	0.01	1e-05	0.01	0.00140765	0.05	0.5	1e-04	100	5e-06	0.001
0.44	0.9	0.1	0.2008545	0.4	80	65.4	9.1	500	3.5	8.61	0.003304	0.00010787	0.00141661	2	0.15	0.1	0.00140901	0.2	0.00160631	0.45	0.01328675	2	4.5	0.001	0.54210291	0.39	1	0.00015335	0.001	0.001	0.02115956	0.26789905	0.0490008	9.99584182	0.1	0.01	0.01	0.01	1e-05	0.01	0.00140765	0.05	0.5	1e-04	100	5e-06	0.001
0.44	0.9	0.1	0.2008545	0.4	80	65.4	9.1	500	3.5	8.61	0.003304	0.00010787	0.00141661	2	0.15	0.1	0.00140901	0.2	0.00160631	0.45	0.01328675	2	4.5	0.001	0.54210291	0.39	1	0.00015335	0.001	0.001	0.02115956	0.26789905	0.0490008	9.99584182	0.1	0.01	0.01	0.01	1e-05	0.01	0.00140765	0.05	0.5	1e-04	100	5e-06	0.001
0.44	0.9	0.1	0.2008545	0.4	80	65.4	9.1	500	3.5	8.61	0.003304	0.0001053	0.00124132	2	0.15	0.1	0.00148415	0.2	0.00174069	0.45	0.01348034	2	4.5	0.001	0.56312038	0.39	1	0.00015335	0.001	0.001	0.02115956	0.26789905	0.0490008	9.99584182	0.1	0.01	0.01	0.01	1e-05	0.01	0.00140765	0.05	0.5	1e-04	100	5e-06	0.001
0.44	0.9	0.1	0.2008545	0.4	80	65.4	9.1	500	3.5	8.61	0.003304	0.00010787	0.00141661	2	0.15	0.1	0.00140901	0.2	0.00160631	0.45	0.01328675	2	4.5	0.001	0.54210291	0.39	1	0.00015335	0.001	0.001	0.02115956	0.26789905	0.0490008	9.99584182	0.1	0.01	0.01	0.01	1e-05	0.01	0.00140765	0.05	0.5	1e-04	100	5e-06	0.001
0.44	0.9	0.1	0.2008545	0.4	80	65.4	9.1	500	3.5	8.61	0.003304	0.00010645	0.00130031	2	0.15	0.1	0.0014951	0.2	0.00202957	0.45	0.01383495	2	4.5	0.001	0.56276832	0.39	1	0.00015335	0.001	0.001	0.02115956	0.26789905	0.0490008	9.99584182	0.1	0.01	0.01	0.01	1e-05	0.01	0.00140765	0.05	0.5	1e-04	100	5e-06	0.001
0.44	0.9	0.1	0.2008545	0.4	80	65.4	9.1	500	3.5	8.61	0.003304	0.00010667	0.00134751	2	0.15	0.1	0.00144683	0.2	0.00183479	0.45	0.0126031	2	4.5	0.001	0.56958916	0.39	1	0.00015335	0.001	0.001	0.02115956	0.26789905	0.0490008	9.99584182	0.1	0.01	0.01	0.01	1e-05	0.01	0.00140765	0.05	0.5	1e-04	100	5e-06	0.001
0.44	0.9	0.1	0.2008545	0.4	80	65.4	9.1	500	3.5	8.61	0.003304	0.0001053	0.00124132	2	0.15	0.1	0.00148415	0.2	0.00174069	0.45	0.01348034	2	4.5	0.001	0.56312038	0.39	1	0.00015335	0.001	0.001	0.02115956	0.26789905	0.0490008	9.99584182	0.1	0.01	0.01	0.01	1e-05	0.01	0.00140765	0.05	0.5	1e-04	100	5e-06	0.001
0.44	0.9	0.1	0.2008545	0.4	80	65.4	9.1	500	3.5	8.61	0.003304	0.00010732	0.00136428	2	0.15	0.1	0.00143986	0.2	0.00217908	0.45	0.01331101	2	4.5	0.001	0.56490721	0.39	1	0.00015335	0.001	0.001	0.02115956	0.26789905	0.0490008	9.99584182	0.1	0.01	0.01	0.01	1e-05	0.01	0.00140765	0.05	0.5	1e-04	100	5e-06	0.001
0.44	0.9	0.1	0.2008545	0.4	80	65.4	9.1	500	3.5	8.61	0.003304	0.00010645	0.00130031	2	0.15	0.1	0.0014951	0.2	0.00202957	0.45	0.01383495	2	4.5	0.001	0.56276832	0.39	1	0.00015335	0.001	0.001	0.02115956	0.26789905	0.0490008	9.99584182	0.1	0.01	0.01	0.01	1e-05	0.01	0.00140765	0.05	0.5	1e-04	100	5e-06	0.001
0.44	0.9	0.1	0.2008545	0.4	80	65.4	9.1	500	3.5	8.61	0.003304	0.00010702	0.00133245	2	0.15	0.1	0.00148289	0.2	0.00193178	0.45	0.01341883	2	4.5	0.001	0.56139003	0.39	1	0.00015335	0.001	0.001	0.02115956	0.26789905	0.0490008	9.99584182	0.1	0.01	0.01	0.01	1e-05	0.01	0.00140765	0.05	0.5	1e-04	100	5e-06	0.001
0.441	0.9	0.1	0.2008545	0.4	80	65.4	9.1	500	3.5	8.61	0.003304	0.00010458	0.00128924	2	0.15	0.1	0.00152983	0.2	0.0023726	0.45	0.01422572	2	4.5	0.001	0.58569978	0.39	1	0.00015335	0.001	0.001	0.02115956	0.26789905	0.0490008	9.99584182	0.1	0.01	0.01	0.01	1e-05	0.01	0.00140765	0.05	0.5	1e-04	100	5e-06	0.001
0.441	0.9	0.1	0.2008545	0.4	80	65.4	9.1	500	3.5	8.61	0.003304	0.00010353	0.00120469	2	0.15	0.1	0.00154866	0.2	0.0022375	0.45	0.01457725	2	4.5	0.001	0.57039353	0.39	1	0.00015335	0.001	0.001	0.02115956	0.26789905	0.0490008	9.99584182	0.1	0.01	0.01	0.01	1e-05	0.01	0.00140765	0.05	0.5	1e-04	100	5e-06	0.001
0.441	0.9	0.1	0.2008545	0.4	80	65.4	9.1	500	3.5	8.61	0.003304	0.00010288	0.00116111	2	0.15	0.1	0.00152003	0.2	0.00145867	0.45	0.01437543	2	4.5	0.001	0.58789706	0.39	1	0.00015335	0.001	0.001	0.02115956	0.26789905	0.0490008	9.99584182	0.1	0.01	0.01	0.01	1e-05	0.01	0.00140765	0.05	0.5	1e-04	100	5e-06	0.001
0.441	0.9	0.1	0.2008545	0.4	80	65.4	9.1	500	3.5	8.61	0.003304	0.00010298	0.00115177	2	0.15	0.1	0.00162077	0.2	0.00190865	0.45	0.01443281	2	4.5	0.001	0.58809766	0.39	1	0.00015335	0.001	0.001	0.02115956	0.26789905	0.0490008	9.99584182	0.1	0.01	0.01	0.01	1e-05	0.01	0.00140765	0.05	0.5	1e-04	100	5e-06	0.001
0.441	0.9	0.1	0.2008545	0.4	80	65.4	9.1	500	3.5	8.61	0.003304	0.00010189	0.0011193	2	0.15	0.1	0.00153674	0.2	0.00156079	0.45	0.0142877	2	4.5	0.001	0.59748745	0.39	1	0.00015335	0.001	0.001	0.02115956	0.26789905	0.0490008	9.99584182	0.1	0.01	0.01	0.01	1e-05	0.01	0.00140765	0.05	0.5	1e-04	100	5e-06	0.001
0.441	0.9	0.1	0.2008545	0.4	80	65.4	9.1	500	3.5	8.61	0.003304	0.00010482	0.00119883	2	0.15	0.1	0.00161601	0.2	0.00179403	0.45	0.01424743	2	4.5	0.001	0.57675011	0.39	1	0.00015335	0.001	0.001	0.02115956	0.26789905	0.0490008	9.99584182	0.1	0.01	0.01	0.01	1e-05	0.01	0.00140765	0.05	0.5	1e-04	100	5e-06	0.001
0.441	0.9	0.1	0.2008545	0.4	80	65.4	9.1	500	3.5	8.61	0.003304	0.00010458	0.00128924	2	0.15	0.1	0.00152983	0.2	0.0023726	0.45	0.01422572	2	4.5	0.001	0.58569978	0.39	1	0.00015335	0.001	0.001	0.02115956	0.26789905	0.0490008	9.99584182	0.1	0.01	0.01	0.01	1e-05	0.01	0.00140765	0.05	0.5	1e-04	100	5e-06	0.001
0.441	0.9	0.1	0.2008545	0.4	80	65.4	9.1	500	3.5	8.61	0.003304	0.00010353	0.00120469	2	0.15	0.1	0.00154866	0.2	0.0022375	0.45	0.01457725	2	4.5	0.001	0.57039353	0.39	1	0.00015335	0.001	0.001	0.02115956	0.26789905	0.0490008	9.99584182	0.1	0.01	0.01	0.01	1e-05	0.01	0.00140765	0.05	0.5	1e-04	100	5e-06	0.001
0.441	0.9	0.1	0.2008545	0.4	80	65.4	9.1	500	3.5	8.61	0.003304	0.00010249	0.0011688	2	0.15	0.1	0.00166799	0.2	0.00182776	0.45	0.01436139	2	4.5	0.001	0.58785732	0.39	1	0.00015335	0.001	0.001	0.02115956	0.26789905	0.0490008	9.99584182	0.1	0.01	0.01	0.01	1e-05	0.01	0.00140765	0.05	0.5	1e-04	100	5e-06	0.001
0.441	0.9	0.1	0.2008545	0.4	80	65.4	9.1	500	3.5	8.61	0.003304	0.00010269	0.00115703	2	0.15	0.1	0.00164259	0.2	0.00173628	0.45	0.0139377	2	4.5	0.001	0.59880156	0.39	1	0.00015335	0.001	0.001	0.02115956	0.26789905	0.0490008	9.99584182	0.1	0.01	0.01	0.01	1e-05	0.01	0.00140765	0.05	0.5	1e-04	100	5e-06	0.001
0.441	0.9	0.1	0.2008545	0.4	80	65.4	9.1	500	3.5	8.61	0.003304	0.00010317	0.00122638	2	0.15	0.1	0.00160892	0.2	0.00194736	0.45	0.01407593	2	4.5	0.001	0.59068233	0.39	1	0.00015335	0.001	0.001	0.02115956	0.26789905	0.0490008	9.99584182	0.1	0.01	0.01	0.01	1e-05	0.01	0.00140765	0.05	0.5	1e-04	100	5e-06	0.001
0.441	0.9	0.1	0.2008545	0.4	80	65.4	9.1	500	3.5	8.61	0.003304	0.00010217	0.00141926	2	0.15	0.1	0.00137779	0.2	0.00211461	0.45	0.01002258	2	4.5	0.001	0.52611566	0.39	1	0.00015335	0.001	0.001	0.02115956	0.26789905	0.0490008	9.99584182	0.1	0.01	0.01	0.01	1e-05	0.01	0.00140765	0.05	0.5	1e-04	100	5e-06	0.001
0.441	0.9	0.1	0.2008545	0.4	80	65.4	9.1	500	3.5	8.61	0.003304	0.00010244	0.0014761	2	0.15	0.1	0.00137248	0.2	0.0019514	0.45	0.01167247	2	4.5	0.001	0.5012329	0.39	1	0.00015335	0.001	0.001	0.02115956	0.26789905	0.0490008	9.99584182	0.1	0.01	0.01	0.01	1e-05	0.01	0.00140765	0.05	0.5	1e-04	100	5e-06	0.001
0.441	0.9	0.1	0.2008545	0.4	80	65.4	9.1	500	3.5	8.61	0.003304	0.00010217	0.00141926	2	0.15	0.1	0.00137779	0.2	0.00211461	0.45	0.01002258	2	4.5	0.001	0.52611566	0.39	1	0.00015335	0.001	0.001	0.02115956	0.26789905	0.0490008	9.99584182	0.1	0.01	0.01	0.01	1e-05	0.01	0.00140765	0.05	0.5	1e-04	100	5e-06	0.001
0.441	0.9	0.1	0.2008545	0.4	80	65.4	9.1	500	3.5	8.61	0.003304	0.00010259	0.00159267	2	0.15	0.1	0.00130338	0.2	0.00216716	0.45	0.01248551	2	4.5	0.001	0.43549174	0.39	1	0.00015335	0.001	0.001	0.02115956	0.26789905	0.0490008	9.99584182	0.1	0.01	0.01	0.01	1e-05	0.01	0.00140765	0.05	0.5	1e-04	100	5e-06	0.001
0.441	0.9	0.1	0.2008545	0.4	80	65.4	9.1	500	3.5	8.61	0.003304	0.00010217	0.00141926	2	0.15	0.1	0.00137779	0.2	0.00211461	0.45	0.01002258	2	4.5	0.001	0.52611566	0.39	1	0.00015335	0.001	0.001	0.02115956	0.26789905	0.0490008	9.99584182	0.1	0.01	0.01	0.01	1e-05	0.01	0.00140765	0.05	0.5	1e-04	100	5e-06	0.001
0.441	0.9	0.1	0.2008545	0.4	80	65.4	9.1	500	3.5	8.61	0.003304	0.00010251	0.00158641	2	0.15	0.1	0.00122546	0.2	0.00200699	0.45	0.01216219	2	4.5	0.001	0.46393616	0.39	1	0.00015335	0.001	0.001	0.02115956	0.26789905	0.0490008	9.99584182	0.1	0.01	0.01	0.01	1e-05	0.01	0.00140765	0.05	0.5	1e-04	100	5e-06	0.001
0.441	0.9	0.1	0.2008545	0.4	80	65.4	9.1	500	3.5	8.61	0.003304	0.00010707	0.0012357	2	0.15	0.1	0.00154089	0.2	0.00138695	0.45	0.01526005	2	4.5	0.001	0.58823817	0.39	1	0.00015335	0.001	0.001	0.02115956	0.26789905	0.0490008	9.99584182	0.1	0.01	0.01	0.01	1e-05	0.01	0.00140765	0.05	0.5	1e-04	100	5e-06	0.001
0.441	0.9	0.1	0.2008545	0.4	80	65.4	9.1	500	3.5	8.61	0.003304	0.00010603	0.00117717	2	0.15	0.1	0.00166916	0.2	0.00184462	0.45	0.01485351	2	4.5	0.001	0.59143767	0.39	1	0.00015335	0.001	0.001	0.02115956	0.26789905	0.0490008	9.99584182	0.1	0.01	0.01	0.01	1e-05	0.01	0.00140765	0.05	0.5	1e-04	100	5e-06	0.001
0.441	0.9	0.1	0.2008545	0.4	80	65.4	9.1	500	3.5	8.61	0.003304	0.0001045	0.00118065	2	0.15	0.1	0.00166853	0.2	0.00190463	0.45	0.01492285	2	4.5	0.001	0.59245821	0.39	1	0.00015335	0.001	0.001	0.02115956	0.26789905	0.0490008	9.99584182	0.1	0.01	0.01	0.01	1e-05	0.01	0.00140765	0.05	0.5	1e-04	100	5e-06	0.001
0.441	0.9	0.1	0.2008545	0.4	80	65.4	9.1	500	3.5	8.61	0.003304	0.00010485	0.00118762	2	0.15	0.1	0.00166826	0.2	0.00181346	0.45	0.01477852	2	4.5	0.001	0.59190178	0.39	1	0.00015335	0.001	0.001	0.02115956	0.26789905	0.0490008	9.99584182	0.1	0.01	0.01	0.01	1e-05	0.01	0.00140765	0.05	0.5	1e-04	100	5e-06	0.001
0.441	0.9	0.1	0.2008545	0.4	80	65.4	9.1	500	3.5	8.61	0.003304	0.00010409	0.00117706	2	0.15	0.1	0.00166204	0.2	0.00205199	0.45	0.01474255	2	4.5	0.001	0.59182358	0.39	1	0.00015335	0.001	0.001	0.02115956	0.26789905	0.0490008	9.99584182	0.1	0.01	0.01	0.01	1e-05	0.01	0.00140765	0.05	0.5	1e-04	100	5e-06	0.001
0.441	0.9	0.1	0.2008545	0.4	80	65.4	9.1	500	3.5	8.61	0.003304	0.00010603	0.00117717	2	0.15	0.1	0.00166916	0.2	0.00184462	0.45	0.01485351	2	4.5	0.001	0.59143767	0.39	1	0.00015335	0.001	0.001	0.02115956	0.26789905	0.0490008	9.99584182	0.1	0.01	0.01	0.01	1e-05	0.01	0.00140765	0.05	0.5	1e-04	100	5e-06	0.001
0.441	0.9	0.1	0.2008545	0.4	80	65.4	9.1	500	3.5	8.61	0.003304	0.00010649	0.00131825	2	0.15	0.1	0.00147196	0.2	0.00217509	0.45	0.01248417	2	4.5	0.001	0.5709223	0.39	1	0.00015335	0.001	0.001	0.02115956	0.26789905	0.0490008	9.99584182	0.1	0.01	0.01	0.01	1e-05	0.01	0.00140765	0.05	0.5	1e-04	100	5e-06	0.001
0.441	0.9	0.1	0.2008545	0.4	80	65.4	9.1	500	3.5	8.61	0.003304	0.00010649	0.00131825	2	0.15	0.1	0.00147196	0.2	0.00217509	0.45	0.01248417	2	4.5	0.001	0.5709223	0.39	1	0.00015335	0.001	0.001	0.02115956	0.26789905	0.0490008	9.99584182	0.1	0.01	0.01	0.01	1e-05	0.01	0.00140765	0.05	0.5	1e-04	100	5e-06	0.001
0.441	0.9	0.1	0.2008545	0.4	80	65.4	9.1	500	3.5	8.61	0.003304	0.00010662	0.0012629	2	0.15	0.1	0.00149904	0.2	0.00250104	0.45	0.01497843	2	4.5	0.001	0.5587475	0.39	1	0.00015335	0.001	0.001	0.02115956	0.26789905	0.0490008	9.99584182	0.1	0.01	0.01	0.01	1e-05	0.01	0.00140765	0.05	0.5	1e-04	100	5e-06	0.001
0.441	0.9	0.1	0.2008545	0.4	80	65.4	9.1	500	3.5	8.61	0.003304	0.0001049	0.00120517	2	0.15	0.1	0.00148544	0.2	0.00219092	0.45	0.01391728	2	4.5	0.001	0.57343508	0.39	1	0.00015335	0.001	0.001	0.02115956	0.26789905	0.0490008	9.99584182	0.1	0.01	0.01	0.01	1e-05	0.01	0.00140765	0.05	0.5	1e-04	100	5e-06	0.001
0.441	0.9	0.1	0.2008545	0.4	80	65.4	9.1	500	3.5	8.61	0.003304	0.00010649	0.00131825	2	0.15	0.1	0.00147196	0.2	0.00217509	0.45	0.01248417	2	4.5	0.001	0.5709223	0.39	1	0.00015335	0.001	0.001	0.02115956	0.26789905	0.0490008	9.99584182	0.1	0.01	0.01	0.01	1e-05	0.01	0.00140765	0.05	0.5	1e-04	100	5e-06	0.001
0.441	0.9	0.1	0.2008545	0.4	80	65.4	9.1	500	3.5	8.61	0.003304	0.00010634	0.00130773	2	0.15	0.1	0.0015107	0.2	0.00217458	0.45	0.01310678	2	4.5	0.001	0.566118	0.39	1	0.00015335	0.001	0.001	0.02115956	0.26789905	0.0490008	9.99584182	0.1	0.01	0.01	0.01	1e-05	0.01	0.00140765	0.05	0.5	1e-04	100	5e-06	0.001
0.441	0.9	0.1	0.2008545	0.4	80	65.4	9.1	500	3.5	8.61	0.003304	0.00010695	0.00132316	2	0.15	0.1	0.00150065	0.2	0.00188872	0.45	0.0132986	2	4.5	0.001	0.56423397	0.39	1	0.00015335	0.001	0.001	0.02115956	0.26789905	0.0490008	9.99584182	0.1	0.01	0.01	0.01	1e-05	0.01	0.00140765	0.05	0.5	1e-04	100	5e-06	0.001
0.441	0.9	0.1	0.2008545	0.4	80	65.4	9.1	500	3.5	8.61	0.003304	0.00010634	0.00130773	2	0.15	0.1	0.0015107	0.2	0.00217458	0.45	0.01310678	2	4.5	0.001	0.566118	0.39	1	0.00015335	0.001	0.001	0.02115956	0.26789905	0.0490008	9.99584182	0.1	0.01	0.01	0.01	1e-05	0.01	0.00140765	0.05	0.5	1e-04	100	5e-06	0.001
0.441	0.9	0.1	0.2008545	0.4	80	65.4	9.1	500	3.5	8.61	0.003304	0.00010634	0.00130773	2	0.15	0.1	0.0015107	0.2	0.00217458	0.45	0.01310678	2	4.5	0.001	0.566118	0.39	1	0.00015335	0.001	0.001	0.02115956	0.26789905	0.0490008	9.99584182	0.1	0.01	0.01	0.01	1e-05	0.01	0.00140765	0.05	0.5	1e-04	100	5e-06	0.001
0.442	0.9	0.1	0.2008545	0.4	80	65.4	9.1	500	3.5	8.61	0.003304	0.00010288	0.00118378	2	0.15	0.1	0.00152003	0.2	0.0014164	0.45	0.01437543	2	4.5	0.001	0.57700304	0.39	1	0.00015335	0.001	0.001	0.02115956	0.26789905	0.0490008	9.99584182	0.1	0.01	0.01	0.01	1e-05	0.01	0.00140765	0.05	0.5	1e-04	100	5e-06	0.001
0.442	0.9	0.1	0.2008545	0.4	80	65.4	9.1	500	3.5	8.61	0.003304	0.00010222	0.0011407	2	0.15	0.1	0.00166167	0.2	0.00204219	0.45	0.01439553	2	4.5	0.001	0.59060804	0.39	1	0.00015335	0.001	0.001	0.02115956	0.26789905	0.0490008	9.99584182	0.1	0.01	0.01	0.01	1e-05	0.01	0.00140765	0.05	0.5	1e-04	100	5e-06	0.001
0.442	0.9	0.1	0.2008545	0.4	80	65.4	9.1	500	3.5	8.61	0.003304	0.00010485	0.00122826	2	0.15	0.1	0.00158934	0.2	0.00247066	0.45	0.0144794	2	4.5	0.001	0.5733541	0.39	1	0.00015335	0.001	0.001	0.02115956	0.26789905	0.0490008	9.99584182	0.1	0.01	0.01	0.01	1e-05	0.01	0.00140765	0.05	0.5	1e-04	100	5e-06	0.001
0.442	0.9	0.1	0.2008545	0.4	80	65.4	9.1	500	3.5	8.61	0.003304	0.00010248	0.00115703	2	0.15	0.1	0.00164455	0.2	0.00173628	0.45	0.01356848	2	4.5	0.001	0.59880156	0.39	1	0.00015335	0.001	0.001	0.02115956	0.26789905	0.0490008	9.99584182	0.1	0.01	0.01	0.01	1e-05	0.01	0.00140765	0.05	0.5	1e-04	100	5e-06	0.001
0.442	0.9	0.1	0.2008545	0.4	80	65.4	9.1	500	3.5	8.61	0.003304	0.00010381	0.00123556	2	0.15	0.1	0.00163095	0.2	0.00161913	0.45	0.01379213	2	4.5	0.001	0.58575979	0.39	1	0.00015335	0.001	0.001	0.02115956	0.26789905	0.0490008	9.99584182	0.1	0.01	0.01	0.01	1e-05	0.01	0.00140765	0.05	0.5	1e-04	100	5e-06	0.001
0.442	0.9	0.1	0.2008545	0.4	80	65.4	9.1	500	3.5	8.61	0.003304	0.00010248	0.00115703	2	0.15	0.1	0.00164455	0.2	0.00173628	0.45	0.01356848	2	4.5	0.001	0.59880156	0.39	1	0.00015335	0.001	0.001	0.02115956	0.26789905	0.0490008	9.99584182	0.1	0.01	0.01	0.01	1e-05	0.01	0.00140765	0.05	0.5	1e-04	100	5e-06	0.001
0.442	0.9	0.1	0.2008545	0.4	80	65.4	9.1	500	3.5	8.61	0.003304	0.00010691	0.00115703	2	0.15	0.1	0.00164711	0.2	0.00173628	0.45	0.01521828	2	4.5	0.001	0.59182951	0.39	1	0.00015335	0.001	0.001	0.02115956	0.26789905	0.0490008	9.99584182	0.1	0.01	0.01	0.01	1e-05	0.01	0.00140765	0.05	0.5	1e-04	100	5e-06	0.001
0.442	0.9	0.1	0.2008545	0.4	80	65.4	9.1	500	3.5	8.61	0.003304	0.00010381	0.00123556	2	0.15	0.1	0.00163095	0.2	0.00161913	0.45	0.01379213	2	4.5	0.001	0.58575979	0.39	1	0.00015335	0.001	0.001	0.02115956	0.26789905	0.0490008	9.99584182	0.1	0.01	0.01	0.01	1e-05	0.01	0.00140765	0.05	0.5	1e-04	100	5e-06	0.001
0.442	0.9	0.1	0.2008545	0.4	80	65.4	9.1	500	3.5	8.61	0.003304	0.00010781	0.00135528	2	0.15	0.1	0.00157204	0.2	0.00151065	0.45	0.01496481	2	4.5	0.001	0.58962192	0.39	1	0.00015335	0.001	0.001	0.02115956	0.26789905	0.0490008	9.99584182	0.1	0.01	0.01	0.01	1e-05	0.01	0.00140765	0.05	0.5	1e-04	100	5e-06	0.001
0.442	0.9	0.1	0.2008545	0.4	80	65.4	9.1	500	3.5	8.61	0.003304	0.00010381	0.00123556	2	0.15	0.1	0.00163095	0.2	0.00161913	0.45	0.01379213	2	4.5	0.001	0.58575979	0.39	1	0.00015335	0.001	0.001	0.02115956	0.26789905	0.0490008	9.99584182	0.1	0.01	0.01	0.01	1e-05	0.01	0.00140765	0.05	0.5	1e-04	100	5e-06	0.001
0.442	0.9	0.1	0.2008545	0.4	80	65.4	9.1	500	3.5	8.61	0.003304	0.00010251	0.00117631	2	0.15	0.1	0.00172211	0.2	0.00187197	0.45	0.01483797	2	4.5	0.001	0.59347893	0.39	1	0.00015335	0.001	0.001	0.02115956	0.26789905	0.0490008	9.99584182	0.1	0.01	0.01	0.01	1e-05	0.01	0.00140765	0.05	0.5	1e-04	100	5e-06	0.001
0.442	0.9	0.1	0.2008545	0.4	80	65.4	9.1	500	3.5	8.61	0.003304	0.00010242	0.00115127	2	0.15	0.1	0.00169662	0.2	0.00226441	0.45	0.01497983	2	4.5	0.001	0.5940491	0.39	1	0.00015335	0.001	0.001	0.02115956	0.26789905	0.0490008	9.99584182	0.1	0.01	0.01	0.01	1e-05	0.01	0.00140765	0.05	0.5	1e-04	100	5e-06	0.001
0.442	0.9	0.1	0.2008545	0.4	80	65.4	9.1	500	3.5	8.61	0.003304	0.00010242	0.00115127	2	0.15	0.1	0.00169662	0.2	0.00226441	0.45	0.01497983	2	4.5	0.001	0.5940491	0.39	1	0.00015335	0.001	0.001	0.02115956	0.26789905	0.0490008	9.99584182	0.1	0.01	0.01	0.01	1e-05	0.01	0.00140765	0.05	0.5	1e-04	100	5e-06	0.001
0.442	0.9	0.1	0.2008545	0.4	80	65.4	9.1	500	3.5	8.61	0.003304	0.00010527	0.00121546	2	0.15	0.1	0.00155627	0.2	0.00239498	0.45	0.01434043	2	4.5	0.001	0.57276941	0.39	1	0.00015335	0.001	0.001	0.02115956	0.26789905	0.0490008	9.99584182	0.1	0.01	0.01	0.01	1e-05	0.01	0.00140765	0.05	0.5	1e-04	100	5e-06	0.001
0.442	0.9	0.1	0.2008545	0.4	80	65.4	9.1	500	3.5	8.61	0.003304	0.00010514	0.00122698	2	0.15	0.1	0.00152199	0.2	0.00253823	0.45	0.0144538	2	4.5	0.001	0.56015943	0.39	1	0.00015335	0.001	0.001	0.02115956	0.26789905	0.0490008	9.99584182	0.1	0.01	0.01	0.01	1e-05	0.01	0.00140765	0.05	0.5	1e-04	100	5e-06	0.001
0.442	0.9	0.1	0.2008545	0.4	80	65.4	9.1	500	3.5	8.61	0.003304	0.00010527	0.00121546	2	0.15	0.1	0.00155627	0.2	0.00239498	0.45	0.01434043	2	4.5	0.001	0.57276941	0.39	1	0.00015335	0.001	0.001	0.02115956	0.26789905	0.0490008	9.99584182	0.1	0.01	0.01	0.01	1e-05	0.01	0.00140765	0.05	0.5	1e-04	100	5e-06	0.001
0.442	0.9	0.1	0.2008545	0.4	80	65.4	9.1	500	3.5	8.61	0.003304	0.00010514	0.00122698	2	0.15	0.1	0.00152199	0.2	0.00253823	0.45	0.0144538	2	4.5	0.001	0.56015943	0.39	1	0.00015335	0.001	0.001	0.02115956	0.26789905	0.0490008	9.99584182	0.1	0.01	0.01	0.01	1e-05	0.01	0.00140765	0.05	0.5	1e-04	100	5e-06	0.001
0.442	0.9	0.1	0.2008545	0.4	80	65.4	9.1	500	3.5	8.61	0.003304	0.00010671	0.00134659	2	0.15	0.1	0.0014688	0.2	0.00130578	0.45	0.01275891	2	4.5	0.001	0.56847455	0.39	1	0.00015335	0.001	0.001	0.02115956	0.26789905	0.0490008	9.99584182	0.1	0.01	0.01	0.01	1e-05	0.01	0.00140765	0.05	0.5	1e-04	100	5e-06	0.001
0.442	0.9	0.1	0.2008545	0.4	80	65.4	9.1	500	3.5	8.61	0.003304	0.00010649	0.0013182	2	0.15	0.1	0.00147196	0.2	0.00266178	0.45	0.01248417	2	4.5	0.001	0.56690764	0.39	1	0.00015335	0.001	0.001	0.02115956	0.26789905	0.0490008	9.99584182	0.1	0.01	0.01	0.01	1e-05	0.01	0.00140765	0.05	0.5	1e-04	100	5e-06	0.001
0.442	0.9	0.1	0.2008545	0.4	80	65.4	9.1	500	3.5	8.61	0.003304	0.00010596	0.00126587	2	0.15	0.1	0.00158894	0.2	0.00221476	0.45	0.01387644	2	4.5	0.001	0.56285859	0.39	1	0.00015335	0.001	0.001	0.02115956	0.26789905	0.0490008	9.99584182	0.1	0.01	0.01	0.01	1e-05	0.01	0.00140765	0.05	0.5	1e-04	100	5e-06	0.001
0.442	0.9	0.1	0.2008545	0.4	80	65.4	9.1	500	3.5	8.61	0.003304	0.00010674	0.00132113	2	0.15	0.1	0.00147524	0.2	0.00265687	0.45	0.01287581	2	4.5	0.001	0.56941635	0.39	1	0.00015335	0.001	0.001	0.02115956	0.26789905	0.0490008	9.99584182	0.1	0.01	0.01	0.01	1e-05	0.01	0.00140765	0.05	0.5	1e-04	100	5e-06	0.001
0.442	0.9	0.1	0.2008545	0.4	80	65.4	9.1	500	3.5	8.61	0.003304	0.00010642	0.00130165	2	0.15	0.1	0.00153515	0.2	0.00208403	0.45	0.01333823	2	4.5	0.001	0.56128234	0.39	1	0.00015335	0.001	0.001	0.02115956	0.26789905	0.0490008	9.99584182	0.1	0.01	0.01	0.01	1e-05	0.01	0.00140765	0.05	0.5	1e-04	100	5e-06	0.001
0.442	0.9	0.1	0.2008545	0.4	80	65.4	9.1	500	3.5	8.61	0.003304	0.00010649	0.0013182	2	0.15	0.1	0.00147196	0.2	0.00266178	0.45	0.01248417	2	4.5	0.001	0.56690764	0.39	1	0.00015335	0.001	0.001	0.02115956	0.26789905	0.0490008	9.99584182	0.1	0.01	0.01	0.01	1e-05	0.01	0.00140765	0.05	0.5	1e-04	100	5e-06	0.001
0.442	0.9	0.1	0.2008545	0.4	80	65.4	9.1	500	3.5	8.61	0.003304	0.00010604	0.00127515	2	0.15	0.1	0.00155718	0.2	0.00232449	0.45	0.0135644	2	4.5	0.001	0.56521477	0.39	1	0.00015335	0.001	0.001	0.02115956	0.26789905	0.0490008	9.99584182	0.1	0.01	0.01	0.01	1e-05	0.01	0.00140765	0.05	0.5	1e-04	100	5e-06	0.001
0.442	0.9	0.1	0.2008545	0.4	80	65.4	9.1	500	3.5	8.61	0.003304	0.00010911	0.00145739	2	0.15	0.1	0.00143714	0.2	0.00239223	0.45	0.01430865	2	4.5	0.001	0.53814307	0.39	1	0.00015335	0.001	0.001	0.02115956	0.26789905	0.0490008	9.99584182	0.1	0.01	0.01	0.01	1e-05	0.01	0.00140765	0.05	0.5	1e-04	100	5e-06	0.001
0.442	0.9	0.1	0.2008545	0.4	80	65.4	9.1	500	3.5	8.61	0.003304	0.00010911	0.00145739	2	0.15	0.1	0.00143714	0.2	0.00239223	0.45	0.01430865	2	4.5	0.001	0.53814307	0.39	1	0.00015335	0.001	0.001	0.02115956	0.26789905	0.0490008	9.99584182	0.1	0.01	0.01	0.01	1e-05	0.01	0.00140765	0.05	0.5	1e-04	100	5e-06	0.001
0.443	0.9	0.1	0.2008545	0.4	80	65.4	9.1	500	3.5	8.61	0.003304	0.00010258	0.00111491	2	0.15	0.1	0.00164251	0.2	0.00202199	0.45	0.01442748	2	4.5	0.001	0.58606812	0.39	1	0.00015335	0.001	0.001	0.02115956	0.26789905	0.0490008	9.99584182	0.1	0.01	0.01	0.01	1e-05	0.01	0.00140765	0.05	0.5	1e-04	100	5e-06	0.001
0.443	0.9	0.1	0.2008545	0.4	80	65.4	9.1	500	3.5	8.61	0.003304	0.00010237	0.0011484	2	0.15	0.1	0.00169465	0.2	0.00169872	0.45	0.01419384	2	4.5	0.001	0.59080828	0.39	1	0.00015335	0.001	0.001	0.02115956	0.26789905	0.0490008	9.99584182	0.1	0.01	0.01	0.01	1e-05	0.01	0.00140765	0.05	0.5	1e-04	100	5e-06	0.001
0.443	0.9	0.1	0.2008545	0.4	80	65.4	9.1	500	3.5	8.61	0.003304	0.00010281	0.00110096	2	0.15	0.1	0.00158667	0.2	0.00181319	0.45	0.01419705	2	4.5	0.001	0.59477632	0.39	1	0.00015335	0.001	0.001	0.02115956	0.26789905	0.0490008	9.99584182	0.1	0.01	0.01	0.01	1e-05	0.01	0.00140765	0.05	0.5	1e-04	100	5e-06	0.001
0.443	0.9	0.1	0.2008545	0.4	80	65.4	9.1	500	3.5	8.61	0.003304	0.00010258	0.00111491	2	0.15	0.1	0.00164251	0.2	0.00202199	0.45	0.01442748	2	4.5	0.001	0.58606812	0.39	1	0.00015335	0.001	0.001	0.02115956	0.26789905	0.0490008	9.99584182	0.1	0.01	0.01	0.01	1e-05	0.01	0.00140765	0.05	0.5	1e-04	100	5e-06	0.001
0.443	0.9	0.1	0.2008545	0.4	80	65.4	9.1	500	3.5	8.61	0.003304	0.00010222	0.00115595	2	0.15	0.1	0.00166167	0.2	0.00235247	0.45	0.01439553	2	4.5	0.001	0.58017909	0.39	1	0.00015335	0.001	0.001	0.02115956	0.26789905	0.0490008	9.99584182	0.1	0.01	0.01	0.01	1e-05	0.01	0.00140765	0.05	0.5	1e-04	100	5e-06	0.001
0.443	0.9	0.1	0.2008545	0.4	80	65.4	9.1	500	3.5	8.61	0.003304	0.00010241	0.00112647	2	0.15	0.1	0.00171143	0.2	0.00198402	0.45	0.01443188	2	4.5	0.001	0.585105	0.39	1	0.00015335	0.001	0.001	0.02115956	0.26789905	0.0490008	9.99584182	0.1	0.01	0.01	0.01	1e-05	0.01	0.00140765	0.05	0.5	1e-04	100	5e-06	0.001
0.443	0.9	0.1	0.2008545	0.4	80	65.4	9.1	500	3.5	8.61	0.003304	0.00010281	0.00110096	2	0.15	0.1	0.00158667	0.2	0.00181319	0.45	0.01419705	2	4.5	0.001	0.59477632	0.39	1	0.00015335	0.001	0.001	0.02115956	0.26789905	0.0490008	9.99584182	0.1	0.01	0.01	0.01	1e-05	0.01	0.00140765	0.05	0.5	1e-04	100	5e-06	0.001
0.443	0.9	0.1	0.2008545	0.4	80	65.4	9.1	500	3.5	8.61	0.003304	0.00010617	0.00125159	2	0.15	0.1	0.00151395	0.2	0.00123444	0.45	0.01451935	2	4.5	0.001	0.59639414	0.39	1	0.00015335	0.001	0.001	0.02115956	0.26789905	0.0490008	9.99584182	0.1	0.01	0.01	0.01	1e-05	0.01	0.00140765	0.05	0.5	1e-04	100	5e-06	0.001
0.443	0.9	0.1	0.2008545	0.4	80	65.4	9.1	500	3.5	8.61	0.003304	0.00010418	0.00121891	2	0.15	0.1	0.0016911	0.2	0.00163604	0.45	0.01345803	2	4.5	0.001	0.58873018	0.39	1	0.00015335	0.001	0.001	0.02115956	0.26789905	0.0490008	9.99584182	0.1	0.01	0.01	0.01	1e-05	0.01	0.00140765	0.05	0.5	1e-04	100	5e-06	0.001
0.443	0.9	0.1	0.2008545	0.4	80	65.4	9.1	500	3.5	8.61	0.003304	0.00010399	0.00118751	2	0.15	0.1	0.0017017	0.2	0.00180612	0.45	0.01394209	2	4.5	0.001	0.58751716	0.39	1	0.00015335	0.001	0.001	0.02115956	0.26789905	0.0490008	9.99584182	0.1	0.01	0.01	0.01	1e-05	0.01	0.00140765	0.05	0.5	1e-04	100	5e-06	0.001
0.443	0.9	0.1	0.2008545	0.4	80	65.4	9.1	500	3.5	8.61	0.003304	0.00010367	0.0011506	2	0.15	0.1	0.00171869	0.2	0.0017945	0.45	0.01421676	2	4.5	0.001	0.59015631	0.39	1	0.00015335	0.001	0.001	0.02115956	0.26789905	0.0490008	9.99584182	0.1	0.01	0.01	0.01	1e-05	0.01	0.00140765	0.05	0.5	1e-04	100	5e-06	0.001
0.443	0.9	0.1	0.2008545	0.4	80	65.4	9.1	500	3.5	8.61	0.003304	0.00010418	0.00121891	2	0.15	0.1	0.0016911	0.2	0.00163604	0.45	0.01345803	2	4.5	0.001	0.58873018	0.39	1	0.00015335	0.001	0.001	0.02115956	0.26789905	0.0490008	9.99584182	0.1	0.01	0.01	0.01	1e-05	0.01	0.00140765	0.05	0.5	1e-04	100	5e-06	0.001
0.443	0.9	0.1	0.2008545	0.4	80	65.4	9.1	500	3.5	8.61	0.003304	0.00010399	0.00118751	2	0.15	0.1	0.0017017	0.2	0.00180612	0.45	0.01394209	2	4.5	0.001	0.58751716	0.39	1	0.00015335	0.001	0.001	0.02115956	0.26789905	0.0490008	9.99584182	0.1	0.01	0.01	0.01	1e-05	0.01	0.00140765	0.05	0.5	1e-04	100	5e-06	0.001
0.443	0.9	0.1	0.2008545	0.4	80	65.4	9.1	500	3.5	8.61	0.003304	0.00010263	0.00144744	2	0.15	0.1	0.00130602	0.2	0.00138724	0.45	0.01248924	2	4.5	0.001	0.4620919	0.39	1	0.00015335	0.001	0.001	0.02115956	0.26789905	0.0490008	9.99584182	0.1	0.01	0.01	0.01	1e-05	0.01	0.00140765	0.05	0.5	1e-04	100	5e-06	0.001
0.443	0.9	0.1	0.2008545	0.4	80	65.4	9.1	500	3.5	8.61	0.003304	0.00010259	0.001434	2	0.15	0.1	0.00130338	0.2	0.00243614	0.45	0.01248551	2	4.5	0.001	0.46624012	0.39	1	0.00015335	0.001	0.001	0.02115956	0.26789905	0.0490008	9.99584182	0.1	0.01	0.01	0.01	1e-05	0.01	0.00140765	0.05	0.5	1e-04	100	5e-06	0.001
0.443	0.9	0.1	0.2008545	0.4	80	65.4	9.1	500	3.5	8.61	0.003304	0.00010213	0.00139452	2	0.15	0.1	0.00141785	0.2	0.00184376	0.45	0.0090461	2	4.5	0.001	0.53636443	0.39	1	0.00015335	0.001	0.001	0.02115956	0.26789905	0.0490008	9.99584182	0.1	0.01	0.01	0.01	1e-05	0.01	0.00140765	0.05	0.5	1e-04	100	5e-06	0.001
0.443	0.9	0.1	0.2008545	0.4	80	65.4	9.1	500	3.5	8.61	0.003304	0.00010292	0.00167542	2	0.15	0.1	0.00118135	0.2	0.00198693	0.45	0.01398729	2	4.5	0.001	0.43803411	0.39	1	0.00015335	0.001	0.001	0.02115956	0.26789905	0.0490008	9.99584182	0.1	0.01	0.01	0.01	1e-05	0.01	0.00140765	0.05	0.5	1e-04	100	5e-06	0.001
0.443	0.9	0.1	0.2008545	0.4	80	65.4	9.1	500	3.5	8.61	0.003304	0.00010255	0.00150931	2	0.15	0.1	0.00126484	0.2	0.00198026	0.45	0.0122745	2	4.5	0.001	0.43988497	0.39	1	0.00015335	0.001	0.001	0.02115956	0.26789905	0.0490008	9.99584182	0.1	0.01	0.01	0.01	1e-05	0.01	0.00140765	0.05	0.5	1e-04	100	5e-06	0.001
0.443	0.9	0.1	0.2008545	0.4	80	65.4	9.1	500	3.5	8.61	0.003304	0.00010532	0.00116538	2	0.15	0.1	0.00169126	0.2	0.00170629	0.45	0.01428086	2	4.5	0.001	0.59185778	0.39	1	0.00015335	0.001	0.001	0.02115956	0.26789905	0.0490008	9.99584182	0.1	0.01	0.01	0.01	1e-05	0.01	0.00140765	0.05	0.5	1e-04	100	5e-06	0.001
0.443	0.9	0.1	0.2008545	0.4	80	65.4	9.1	500	3.5	8.61	0.003304	0.0001031	0.00115225	2	0.15	0.1	0.00161734	0.2	0.00149897	0.45	0.01432647	2	4.5	0.001	0.59139979	0.39	1	0.00015335	0.001	0.001	0.02115956	0.26789905	0.0490008	9.99584182	0.1	0.01	0.01	0.01	1e-05	0.01	0.00140765	0.05	0.5	1e-04	100	5e-06	0.001
0.443	0.9	0.1	0.2008545	0.4	80	65.4	9.1	500	3.5	8.61	0.003304	0.00010843	0.00115964	2	0.15	0.1	0.00163352	0.2	0.00186172	0.45	0.01462557	2	4.5	0.001	0.58844662	0.39	1	0.00015335	0.001	0.001	0.02115956	0.26789905	0.0490008	9.99584182	0.1	0.01	0.01	0.01	1e-05	0.01	0.00140765	0.05	0.5	1e-04	100	5e-06	0.001
0.443	0.9	0.1	0.2008545	0.4	80	65.4	9.1	500	3.5	8.61	0.003304	0.00010533	0.0011813	2	0.15	0.1	0.00176805	0.2	0.00191372	0.45	0.01460311	2	4.5	0.001	0.59313766	0.39	1	0.00015335	0.001	0.001	0.02115956	0.26789905	0.0490008	9.99584182	0.1	0.01	0.01	0.01	1e-05	0.01	0.00140765	0.05	0.5	1e-04	100	5e-06	0.001
0.443	0.9	0.1	0.2008545	0.4	80	65.4	9.1	500	3.5	8.61	0.003304	0.00010577	0.00117887	2	0.15	0.1	0.00176044	0.2	0.00190142	0.45	0.01442294	2	4.5	0.001	0.59409956	0.39	1	0.00015335	0.001	0.001	0.02115956	0.26789905	0.0490008	9.99584182	0.1	0.01	0.01	0.01	1e-05	0.01	0.00140765	0.05	0.5	1e-04	100	5e-06	0.001
0.443	0.9	0.1	0.2008545	0.4	80	65.4	9.1	500	3.5	8.61	0.003304	0.00010403	0.00112476	2	0.15	0.1	0.00164589	0.2	0.00191845	0.45	0.01399632	2	4.5	0.001	0.59355021	0.39	1	0.00015335	0.001	0.001	0.02115956	0.26789905	0.0490008	9.99584182	0.1	0.01	0.01	0.01	1e-05	0.01	0.00140765	0.05	0.5	1e-04	100	5e-06	0.001
0.443	0.9	0.1	0.2008545	0.4	80	65.4	9.1	500	3.5	8.61	0.003304	0.00010547	0.00120403	2	0.15	0.1	0.00177431	0.2	0.00201178	0.45	0.01476302	2	4.5	0.001	0.5922412	0.39	1	0.00015335	0.001	0.001	0.02115956	0.26789905	0.0490008	9.99584182	0.1	0.01	0.01	0.01	1e-05	0.01	0.00140765	0.05	0.5	1e-04	100	5e-06	0.001
0.443	0.9	0.1	0.2008545	0.4	80	65.4	9.1	500	3.5	8.61	0.003304	0.00010532	0.00116538	2	0.15	0.1	0.00169126	0.2	0.00170629	0.45	0.01428086	2	4.5	0.001	0.59185778	0.39	1	0.00015335	0.001	0.001	0.02115956	0.26789905	0.0490008	9.99584182	0.1	0.01	0.01	0.01	1e-05	0.01	0.00140765	0.05	0.5	1e-04	100	5e-06	0.001
0.443	0.9	0.1	0.2008545	0.4	80	65.4	9.1	500	3.5	8.61	0.003304	0.00010718	0.00131799	2	0.15	0.1	0.0015529	0.2	0.00282885	0.45	0.01428613	2	4.5	0.001	0.563964	0.39	1	0.00015335	0.001	0.001	0.02115956	0.26789905	0.0490008	9.99584182	0.1	0.01	0.01	0.01	1e-05	0.01	0.00140765	0.05	0.5	1e-04	100	5e-06	0.001
0.443	0.9	0.1	0.2008545	0.4	80	65.4	9.1	500	3.5	8.61	0.003304	0.00010397	0.00115939	2	0.15	0.1	0.00158069	0.2	0.00277143	0.45	0.01428386	2	4.5	0.001	0.58355072	0.39	1	0.00015335	0.001	0.001	0.02115956	0.26789905	0.0490008	9.99584182	0.1	0.01	0.01	0.01	1e-05	0.01	0.00140765	0.05	0.5	1e-04	100	5e-06	0.001
0.443	0.9	0.1	0.2008545	0.4	80	65.4	9.1	500	3.5	8.61	0.003304	0.00010599	0.00126242	2	0.15	0.1	0.00161006	0.2	0.00204934	0.45	0.01380169	2	4.5	0.001	0.55997799	0.39	1	0.00015335	0.001	0.001	0.02115956	0.26789905	0.0490008	9.99584182	0.1	0.01	0.01	0.01	1e-05	0.01	0.00140765	0.05	0.5	1e-04	100	5e-06	0.001
0.443	0.9	0.1	0.2008545	0.4	80	65.4	9.1	500	3.5	8.61	0.003304	0.00010824	0.00142622	2	0.15	0.1	0.00150021	0.2	0.00161916	0.45	0.01344895	2	4.5	0.001	0.55039442	0.39	1	0.00015335	0.001	0.001	0.02115956	0.26789905	0.0490008	9.99584182	0.1	0.01	0.01	0.01	1e-05	0.01	0.00140765	0.05	0.5	1e-04	100	5e-06	0.001
0.443	0.9	0.1	0.2008545	0.4	80	65.4	9.1	500	3.5	8.61	0.003304	0.00010571	0.00124752	2	0.15	0.1	0.00152395	0.2	0.00264959	0.45	0.0134513	2	4.5	0.001	0.56240429	0.39	1	0.00015335	0.001	0.001	0.02115956	0.26789905	0.0490008	9.99584182	0.1	0.01	0.01	0.01	1e-05	0.01	0.00140765	0.05	0.5	1e-04	100	5e-06	0.001
0.443	0.9	0.1	0.2008545	0.4	80	65.4	9.1	500	3.5	8.61	0.003304	0.00010718	0.00131799	2	0.15	0.1	0.0015529	0.2	0.00282885	0.45	0.01428613	2	4.5	0.001	0.563964	0.39	1	0.00015335	0.001	0.001	0.02115956	0.26789905	0.0490008	9.99584182	0.1	0.01	0.01	0.01	1e-05	0.01	0.00140765	0.05	0.5	1e-04	100	5e-06	0.001
0.443	0.9	0.1	0.2008545	0.4	80	65.4	9.1	500	3.5	8.61	0.003304	0.00010672	0.00130182	2	0.15	0.1	0.00157681	0.2	0.00220751	0.45	0.0131978	2	4.5	0.001	0.55970862	0.39	1	0.00015335	0.001	0.001	0.02115956	0.26789905	0.0490008	9.99584182	0.1	0.01	0.01	0.01	1e-05	0.01	0.00140765	0.05	0.5	1e-04	100	5e-06	0.001
0.443	0.9	0.1	0.2008545	0.4	80	65.4	9.1	500	3.5	8.61	0.003304	0.00010397	0.00115939	2	0.15	0.1	0.00158069	0.2	0.00277143	0.45	0.01428386	2	4.5	0.001	0.58355072	0.39	1	0.00015335	0.001	0.001	0.02115956	0.26789905	0.0490008	9.99584182	0.1	0.01	0.01	0.01	1e-05	0.01	0.00140765	0.05	0.5	1e-04	100	5e-06	0.001
0.443	0.9	0.1	0.2008545	0.4	80	65.4	9.1	500	3.5	8.61	0.003304	0.00010541	0.00124729	2	0.15	0.1	0.00158207	0.2	0.00229709	0.45	0.01392143	2	4.5	0.001	0.56243955	0.39	1	0.00015335	0.001	0.001	0.02115956	0.26789905	0.0490008	9.99584182	0.1	0.01	0.01	0.01	1e-05	0.01	0.00140765	0.05	0.5	1e-04	100	5e-06	0.001
0.443	0.9	0.1	0.2008545	0.4	80	65.4	9.1	500	3.5	8.61	0.003304	0.00010397	0.00115939	2	0.15	0.1	0.00158069	0.2	0.00277143	0.45	0.01428386	2	4.5	0.001	0.58355072	0.39	1	0.00015335	0.001	0.001	0.02115956	0.26789905	0.0490008	9.99584182	0.1	0.01	0.01	0.01	1e-05	0.01	0.00140765	0.05	0.5	1e-04	100	5e-06	0.001
