OBJ_Critical= 0.480953815352742 0.4641
fOBJ	LF0	r0	fRa	fINP	VP	KP1	fKM	PAR2	Qmax	Kba	Kdes	rE	pEP	fpEM	fD	gD	Vg	alpha	KD	Yg	Ygsl	Q10	gamma	beta	WPA2D	tau	wdorm	VNup_MB	KsNH4_MB	KsNO3_MB	VNif	VNit	VDenit1	fpENZN	KsNif	KsNit	KsDenit1	KsDenit2	VNup_VG	KsNH4_VG	KsNO3_VG	rNleach	bNup_VG	Qmax_NH4	Kba_NH4	Kp2u	Ku2p
0.464	0.9	0.1	0.1069	0.2	80	65.4	9.1	500	3.5	8.61	0.003304	0.00010095	0.00379724	2	0.15	0.1	0.00115075	0.2	0.00140101	0.45	0.00107497	2	4.5	0.001	0.03855255	0.39	1	0.00023852	0.001	0.00177971	0.07234141	0.59697257	0.09998312	8.51307552	0.1	0.01	0.01	0.01	1e-05	0.01	0.001	0.05	0.5	1e-04	100	5e-06	0.001
0.464	0.9	0.1	0.1069	0.2	80	65.4	9.1	500	3.5	8.61	0.003304	0.00010096	0.00380455	2	0.15	0.1	0.00114558	0.2	0.0013631	0.45	0.00106506	2	4.5	0.001	0.03857054	0.39	1	0.00023852	0.001	0.00177971	0.07234141	0.59697257	0.09998312	8.51307552	0.1	0.01	0.01	0.01	1e-05	0.01	0.001	0.05	0.5	1e-04	100	5e-06	0.001
0.464	0.9	0.1	0.1069	0.2	80	65.4	9.1	500	3.5	8.61	0.003304	0.00010095	0.00379724	2	0.15	0.1	0.00115075	0.2	0.00140101	0.45	0.00107497	2	4.5	0.001	0.03855255	0.39	1	0.00023852	0.001	0.00177971	0.07234141	0.59697257	0.09998312	8.51307552	0.1	0.01	0.01	0.01	1e-05	0.01	0.001	0.05	0.5	1e-04	100	5e-06	0.001
0.464	0.9	0.1	0.1069	0.2	80	65.4	9.1	500	3.5	8.61	0.003304	0.000101	0.00379112	2	0.15	0.1	0.00114769	0.2	0.00144962	0.45	0.00104786	2	4.5	0.001	0.03900947	0.39	1	0.00023852	0.001	0.00177971	0.07234141	0.59697257	0.09998312	8.51307552	0.1	0.01	0.01	0.01	1e-05	0.01	0.001	0.05	0.5	1e-04	100	5e-06	0.001
0.464	0.9	0.1	0.1069	0.2	80	65.4	9.1	500	3.5	8.61	0.003304	0.00010094	0.00379582	2	0.15	0.1	0.00114464	0.2	0.00141201	0.45	0.00107811	2	4.5	0.001	0.03893891	0.39	1	0.00023852	0.001	0.00177971	0.07234141	0.59697257	0.09998312	8.51307552	0.1	0.01	0.01	0.01	1e-05	0.01	0.001	0.05	0.5	1e-04	100	5e-06	0.001
0.464	0.9	0.1	0.1069	0.2	80	65.4	9.1	500	3.5	8.61	0.003304	0.00010128	0.00382709	2	0.15	0.1	0.00115902	0.2	0.00156157	0.45	0.00107007	2	4.5	0.001	0.03823239	0.39	1	0.00023852	0.001	0.00177971	0.07234141	0.59697257	0.09998312	8.51307552	0.1	0.01	0.01	0.01	1e-05	0.01	0.001	0.05	0.5	1e-04	100	5e-06	0.001
0.464	0.9	0.1	0.1069	0.2	80	65.4	9.1	500	3.5	8.61	0.003304	0.00010128	0.00382709	2	0.15	0.1	0.00115902	0.2	0.00156157	0.45	0.00107007	2	4.5	0.001	0.03823239	0.39	1	0.00023852	0.001	0.00177971	0.07234141	0.59697257	0.09998312	8.51307552	0.1	0.01	0.01	0.01	1e-05	0.01	0.001	0.05	0.5	1e-04	100	5e-06	0.001
0.464	0.9	0.1	0.1069	0.2	80	65.4	9.1	500	3.5	8.61	0.003304	0.00010141	0.00383276	2	0.15	0.1	0.00116228	0.2	0.0015242	0.45	0.00103556	2	4.5	0.001	0.03797176	0.39	1	0.00023852	0.001	0.00177971	0.07234141	0.59697257	0.09998312	8.51307552	0.1	0.01	0.01	0.01	1e-05	0.01	0.001	0.05	0.5	1e-04	100	5e-06	0.001
0.464	0.9	0.1	0.1069	0.2	80	65.4	9.1	500	3.5	8.61	0.003304	0.0001014	0.00384469	2	0.15	0.1	0.00115992	0.2	0.00148748	0.45	0.00111335	2	4.5	0.001	0.03770492	0.39	1	0.00023852	0.001	0.00177971	0.07234141	0.59697257	0.09998312	8.51307552	0.1	0.01	0.01	0.01	1e-05	0.01	0.001	0.05	0.5	1e-04	100	5e-06	0.001
0.464	0.9	0.1	0.1069	0.2	80	65.4	9.1	500	3.5	8.61	0.003304	0.00010138	0.00382922	2	0.15	0.1	0.0011636	0.2	0.0014932	0.45	0.00104341	2	4.5	0.001	0.03790035	0.39	1	0.00023852	0.001	0.00177971	0.07234141	0.59697257	0.09998312	8.51307552	0.1	0.01	0.01	0.01	1e-05	0.01	0.001	0.05	0.5	1e-04	100	5e-06	0.001
0.464	0.9	0.1	0.1069	0.2	80	65.4	9.1	500	3.5	8.61	0.003304	0.00010109	0.00381999	2	0.15	0.1	0.00116091	0.2	0.00162133	0.45	0.00102616	2	4.5	0.001	0.03819312	0.39	1	0.00023852	0.001	0.00177971	0.07234141	0.59697257	0.09998312	8.51307552	0.1	0.01	0.01	0.01	1e-05	0.01	0.001	0.05	0.5	1e-04	100	5e-06	0.001
0.464	0.9	0.1	0.1069	0.2	80	65.4	9.1	500	3.5	8.61	0.003304	0.00010103	0.00382973	2	0.15	0.1	0.0011623	0.2	0.00157893	0.45	0.00109337	2	4.5	0.001	0.03774795	0.39	1	0.00023852	0.001	0.00177971	0.07234141	0.59697257	0.09998312	8.51307552	0.1	0.01	0.01	0.01	1e-05	0.01	0.001	0.05	0.5	1e-04	100	5e-06	0.001
0.464	0.9	0.1	0.1069	0.2	80	65.4	9.1	500	3.5	8.61	0.003304	0.00010128	0.00382709	2	0.15	0.1	0.00115902	0.2	0.00156157	0.45	0.00107007	2	4.5	0.001	0.03823239	0.39	1	0.00023852	0.001	0.00177971	0.07234141	0.59697257	0.09998312	8.51307552	0.1	0.01	0.01	0.01	1e-05	0.01	0.001	0.05	0.5	1e-04	100	5e-06	0.001
0.464	0.9	0.1	0.1069	0.2	80	65.4	9.1	500	3.5	8.61	0.003304	0.00010122	0.00381497	2	0.15	0.1	0.00115287	0.2	0.00165994	0.45	0.0010057	2	4.5	0.001	0.03893457	0.39	1	0.00023852	0.001	0.00177971	0.07234141	0.59697257	0.09998312	8.51307552	0.1	0.01	0.01	0.01	1e-05	0.01	0.001	0.05	0.5	1e-04	100	5e-06	0.001
0.464	0.9	0.1	0.1069	0.2	80	65.4	9.1	500	3.5	8.61	0.003304	0.00010116	0.00383645	2	0.15	0.1	0.00116042	0.2	0.00150739	0.45	0.00119362	2	4.5	0.001	0.037714	0.39	1	0.00023852	0.001	0.00177971	0.07234141	0.59697257	0.09998312	8.51307552	0.1	0.01	0.01	0.01	1e-05	0.01	0.001	0.05	0.5	1e-04	100	5e-06	0.001
0.465	0.9	0.1	0.1069	0.2	80	65.4	9.1	500	3.5	8.61	0.003304	0.00010122	0.00376256	2	0.15	0.1	0.0011445	0.2	0.00146105	0.45	0.00104902	2	4.5	0.001	0.04019829	0.39	1	0.00023852	0.001	0.00177971	0.07234141	0.59697257	0.09998312	8.51307552	0.1	0.01	0.01	0.01	1e-05	0.01	0.001	0.05	0.5	1e-04	100	5e-06	0.001
0.465	0.9	0.1	0.1069	0.2	80	65.4	9.1	500	3.5	8.61	0.003304	0.00010089	0.00378897	2	0.15	0.1	0.00114685	0.2	0.00126536	0.45	0.00102986	2	4.5	0.001	0.03842321	0.39	1	0.00023852	0.001	0.00177971	0.07234141	0.59697257	0.09998312	8.51307552	0.1	0.01	0.01	0.01	1e-05	0.01	0.001	0.05	0.5	1e-04	100	5e-06	0.001
0.465	0.9	0.1	0.1069	0.2	80	65.4	9.1	500	3.5	8.61	0.003304	0.00010122	0.00376256	2	0.15	0.1	0.0011445	0.2	0.00146105	0.45	0.00104902	2	4.5	0.001	0.04019829	0.39	1	0.00023852	0.001	0.00177971	0.07234141	0.59697257	0.09998312	8.51307552	0.1	0.01	0.01	0.01	1e-05	0.01	0.001	0.05	0.5	1e-04	100	5e-06	0.001
0.465	0.9	0.1	0.1069	0.2	80	65.4	9.1	500	3.5	8.61	0.003304	0.00010086	0.00378268	2	0.15	0.1	0.00114358	0.2	0.00161131	0.45	0.0010573	2	4.5	0.001	0.03974497	0.39	1	0.00023852	0.001	0.00177971	0.07234141	0.59697257	0.09998312	8.51307552	0.1	0.01	0.01	0.01	1e-05	0.01	0.001	0.05	0.5	1e-04	100	5e-06	0.001
0.465	0.9	0.1	0.1069	0.2	80	65.4	9.1	500	3.5	8.61	0.003304	0.00010093	0.00377564	2	0.15	0.1	0.00114112	0.2	0.00153433	0.45	0.00105585	2	4.5	0.001	0.03997694	0.39	1	0.00023852	0.001	0.00177971	0.07234141	0.59697257	0.09998312	8.51307552	0.1	0.01	0.01	0.01	1e-05	0.01	0.001	0.05	0.5	1e-04	100	5e-06	0.001
0.465	0.9	0.1	0.1069	0.2	80	65.4	9.1	500	3.5	8.61	0.003304	0.00010089	0.00378897	2	0.15	0.1	0.00114685	0.2	0.00126536	0.45	0.00102986	2	4.5	0.001	0.03842321	0.39	1	0.00023852	0.001	0.00177971	0.07234141	0.59697257	0.09998312	8.51307552	0.1	0.01	0.01	0.01	1e-05	0.01	0.001	0.05	0.5	1e-04	100	5e-06	0.001
0.465	0.9	0.1	0.1069	0.2	80	65.4	9.1	500	3.5	8.61	0.003304	0.00010108	0.00378143	2	0.15	0.1	0.00114469	0.2	0.00149208	0.45	0.00109577	2	4.5	0.001	0.039674	0.39	1	0.00023852	0.001	0.00177971	0.07234141	0.59697257	0.09998312	8.51307552	0.1	0.01	0.01	0.01	1e-05	0.01	0.001	0.05	0.5	1e-04	100	5e-06	0.001
0.465	0.9	0.1	0.1069	0.2	80	65.4	9.1	500	3.5	8.61	0.003304	0.00010098	0.00378778	2	0.15	0.1	0.00114324	0.2	0.00136732	0.45	0.00107249	2	4.5	0.001	0.03923243	0.39	1	0.00023852	0.001	0.00177971	0.07234141	0.59697257	0.09998312	8.51307552	0.1	0.01	0.01	0.01	1e-05	0.01	0.001	0.05	0.5	1e-04	100	5e-06	0.001
0.465	0.9	0.1	0.1069	0.2	80	65.4	9.1	500	3.5	8.61	0.003304	0.00010122	0.00376256	2	0.15	0.1	0.0011445	0.2	0.00146105	0.45	0.00104902	2	4.5	0.001	0.04019829	0.39	1	0.00023852	0.001	0.00177971	0.07234141	0.59697257	0.09998312	8.51307552	0.1	0.01	0.01	0.01	1e-05	0.01	0.001	0.05	0.5	1e-04	100	5e-06	0.001
0.465	0.9	0.1	0.1069	0.2	80	65.4	9.1	500	3.5	8.61	0.003304	0.00010123	0.00377788	2	0.15	0.1	0.00114481	0.2	0.00174916	0.45	0.00113422	2	4.5	0.001	0.04065268	0.39	1	0.00023852	0.001	0.00177971	0.07234141	0.59697257	0.09998312	8.51307552	0.1	0.01	0.01	0.01	1e-05	0.01	0.001	0.05	0.5	1e-04	100	5e-06	0.001
0.465	0.9	0.1	0.1069	0.2	80	65.4	9.1	500	3.5	8.61	0.003304	0.00010117	0.00376036	2	0.15	0.1	0.00114647	0.2	0.00156458	0.45	0.00108696	2	4.5	0.001	0.0405476	0.39	1	0.00023852	0.001	0.00177971	0.07234141	0.59697257	0.09998312	8.51307552	0.1	0.01	0.01	0.01	1e-05	0.01	0.001	0.05	0.5	1e-04	100	5e-06	0.001
0.465	0.9	0.1	0.1069	0.2	80	65.4	9.1	500	3.5	8.61	0.003304	0.00010118	0.00375282	2	0.15	0.1	0.00114324	0.2	0.00158668	0.45	0.0010774	2	4.5	0.001	0.04090679	0.39	1	0.00023852	0.001	0.00177971	0.07234141	0.59697257	0.09998312	8.51307552	0.1	0.01	0.01	0.01	1e-05	0.01	0.001	0.05	0.5	1e-04	100	5e-06	0.001
0.465	0.9	0.1	0.1069	0.2	80	65.4	9.1	500	3.5	8.61	0.003304	0.00010088	0.00380406	2	0.15	0.1	0.00114459	0.2	0.00126283	0.45	0.00104515	2	4.5	0.001	0.03820336	0.39	1	0.00023852	0.001	0.00177971	0.07234141	0.59697257	0.09998312	8.51307552	0.1	0.01	0.01	0.01	1e-05	0.01	0.001	0.05	0.5	1e-04	100	5e-06	0.001
0.465	0.9	0.1	0.1069	0.2	80	65.4	9.1	500	3.5	8.61	0.003304	0.00010086	0.00378268	2	0.15	0.1	0.00114358	0.2	0.00161131	0.45	0.0010573	2	4.5	0.001	0.03974497	0.39	1	0.00023852	0.001	0.00177971	0.07234141	0.59697257	0.09998312	8.51307552	0.1	0.01	0.01	0.01	1e-05	0.01	0.001	0.05	0.5	1e-04	100	5e-06	0.001
0.465	0.9	0.1	0.1069	0.2	80	65.4	9.1	500	3.5	8.61	0.003304	0.00010106	0.00378334	2	0.15	0.1	0.00114617	0.2	0.00158107	0.45	0.00104111	2	4.5	0.001	0.03966661	0.39	1	0.00023852	0.001	0.00177971	0.07234141	0.59697257	0.09998312	8.51307552	0.1	0.01	0.01	0.01	1e-05	0.01	0.001	0.05	0.5	1e-04	100	5e-06	0.001
0.465	0.9	0.1	0.1069	0.2	80	65.4	9.1	500	3.5	8.61	0.003304	0.00010093	0.00377564	2	0.15	0.1	0.00114112	0.2	0.00153433	0.45	0.00105585	2	4.5	0.001	0.03997694	0.39	1	0.00023852	0.001	0.00177971	0.07234141	0.59697257	0.09998312	8.51307552	0.1	0.01	0.01	0.01	1e-05	0.01	0.001	0.05	0.5	1e-04	100	5e-06	0.001
0.465	0.9	0.1	0.1069	0.2	80	65.4	9.1	500	3.5	8.61	0.003304	0.00010089	0.00378897	2	0.15	0.1	0.00114685	0.2	0.00126536	0.45	0.00102986	2	4.5	0.001	0.03842321	0.39	1	0.00023852	0.001	0.00177971	0.07234141	0.59697257	0.09998312	8.51307552	0.1	0.01	0.01	0.01	1e-05	0.01	0.001	0.05	0.5	1e-04	100	5e-06	0.001
0.465	0.9	0.1	0.1069	0.2	80	65.4	9.1	500	3.5	8.61	0.003304	0.00010108	0.00378143	2	0.15	0.1	0.00114469	0.2	0.00149208	0.45	0.00109577	2	4.5	0.001	0.039674	0.39	1	0.00023852	0.001	0.00177971	0.07234141	0.59697257	0.09998312	8.51307552	0.1	0.01	0.01	0.01	1e-05	0.01	0.001	0.05	0.5	1e-04	100	5e-06	0.001
0.465	0.9	0.1	0.1069	0.2	80	65.4	9.1	500	3.5	8.61	0.003304	0.00010098	0.00378778	2	0.15	0.1	0.00114324	0.2	0.00136732	0.45	0.00107249	2	4.5	0.001	0.03923243	0.39	1	0.00023852	0.001	0.00177971	0.07234141	0.59697257	0.09998312	8.51307552	0.1	0.01	0.01	0.01	1e-05	0.01	0.001	0.05	0.5	1e-04	100	5e-06	0.001
0.465	0.9	0.1	0.1069	0.2	80	65.4	9.1	500	3.5	8.61	0.003304	0.0001011	0.00377436	2	0.15	0.1	0.00114972	0.2	0.00159861	0.45	0.00105813	2	4.5	0.001	0.03993787	0.39	1	0.00023852	0.001	0.00177971	0.07234141	0.59697257	0.09998312	8.51307552	0.1	0.01	0.01	0.01	1e-05	0.01	0.001	0.05	0.5	1e-04	100	5e-06	0.001
0.465	0.9	0.1	0.1069	0.2	80	65.4	9.1	500	3.5	8.61	0.003304	0.00010106	0.0037763	2	0.15	0.1	0.00114532	0.2	0.00147465	0.45	0.00107084	2	4.5	0.001	0.03973202	0.39	1	0.00023852	0.001	0.00177971	0.07234141	0.59697257	0.09998312	8.51307552	0.1	0.01	0.01	0.01	1e-05	0.01	0.001	0.05	0.5	1e-04	100	5e-06	0.001
0.465	0.9	0.1	0.1069	0.2	80	65.4	9.1	500	3.5	8.61	0.003304	0.00010108	0.00376856	2	0.15	0.1	0.00114385	0.2	0.00152796	0.45	0.00107455	2	4.5	0.001	0.04019425	0.39	1	0.00023852	0.001	0.00177971	0.07234141	0.59697257	0.09998312	8.51307552	0.1	0.01	0.01	0.01	1e-05	0.01	0.001	0.05	0.5	1e-04	100	5e-06	0.001
0.465	0.9	0.1	0.1069	0.2	80	65.4	9.1	500	3.5	8.61	0.003304	0.0001011	0.00376502	2	0.15	0.1	0.00114443	0.2	0.00152106	0.45	0.00107214	2	4.5	0.001	0.04024293	0.39	1	0.00023852	0.001	0.00177971	0.07234141	0.59697257	0.09998312	8.51307552	0.1	0.01	0.01	0.01	1e-05	0.01	0.001	0.05	0.5	1e-04	100	5e-06	0.001
0.465	0.9	0.1	0.1069	0.2	80	65.4	9.1	500	3.5	8.61	0.003304	0.00010115	0.00375972	2	0.15	0.1	0.00114329	0.2	0.00157294	0.45	0.00106215	2	4.5	0.001	0.04058618	0.39	1	0.00023852	0.001	0.00177971	0.07234141	0.59697257	0.09998312	8.51307552	0.1	0.01	0.01	0.01	1e-05	0.01	0.001	0.05	0.5	1e-04	100	5e-06	0.001
0.465	0.9	0.1	0.1069	0.2	80	65.4	9.1	500	3.5	8.61	0.003304	0.00010113	0.00376275	2	0.15	0.1	0.00114503	0.2	0.00155118	0.45	0.00107162	2	4.5	0.001	0.04040771	0.39	1	0.00023852	0.001	0.00177971	0.07234141	0.59697257	0.09998312	8.51307552	0.1	0.01	0.01	0.01	1e-05	0.01	0.001	0.05	0.5	1e-04	100	5e-06	0.001
0.465	0.9	0.1	0.1069	0.2	80	65.4	9.1	500	3.5	8.61	0.003304	0.00010116	0.00375822	2	0.15	0.1	0.00114604	0.2	0.00158993	0.45	0.00106488	2	4.5	0.001	0.0405286	0.39	1	0.00023852	0.001	0.00177971	0.07234141	0.59697257	0.09998312	8.51307552	0.1	0.01	0.01	0.01	1e-05	0.01	0.001	0.05	0.5	1e-04	100	5e-06	0.001
0.465	0.9	0.1	0.1069	0.2	80	65.4	9.1	500	3.5	8.61	0.003304	0.00010122	0.00376256	2	0.15	0.1	0.0011445	0.2	0.00146105	0.45	0.00104902	2	4.5	0.001	0.04019829	0.39	1	0.00023852	0.001	0.00177971	0.07234141	0.59697257	0.09998312	8.51307552	0.1	0.01	0.01	0.01	1e-05	0.01	0.001	0.05	0.5	1e-04	100	5e-06	0.001
0.465	0.9	0.1	0.1069	0.2	80	65.4	9.1	500	3.5	8.61	0.003304	0.00010118	0.00375926	2	0.15	0.1	0.00114468	0.2	0.00153252	0.45	0.00107475	2	4.5	0.001	0.04051658	0.39	1	0.00023852	0.001	0.00177971	0.07234141	0.59697257	0.09998312	8.51307552	0.1	0.01	0.01	0.01	1e-05	0.01	0.001	0.05	0.5	1e-04	100	5e-06	0.001
0.465	0.9	0.1	0.1069	0.2	80	65.4	9.1	500	3.5	8.61	0.003304	0.00010123	0.00377788	2	0.15	0.1	0.00114481	0.2	0.00174916	0.45	0.00113422	2	4.5	0.001	0.04065268	0.39	1	0.00023852	0.001	0.00177971	0.07234141	0.59697257	0.09998312	8.51307552	0.1	0.01	0.01	0.01	1e-05	0.01	0.001	0.05	0.5	1e-04	100	5e-06	0.001
0.465	0.9	0.1	0.1069	0.2	80	65.4	9.1	500	3.5	8.61	0.003304	0.00010117	0.00376036	2	0.15	0.1	0.00114647	0.2	0.00156458	0.45	0.00108696	2	4.5	0.001	0.0405476	0.39	1	0.00023852	0.001	0.00177971	0.07234141	0.59697257	0.09998312	8.51307552	0.1	0.01	0.01	0.01	1e-05	0.01	0.001	0.05	0.5	1e-04	100	5e-06	0.001
0.465	0.9	0.1	0.1069	0.2	80	65.4	9.1	500	3.5	8.61	0.003304	0.00010103	0.00374899	2	0.15	0.1	0.00113962	0.2	0.00185632	0.45	0.00102671	2	4.5	0.001	0.0416805	0.39	1	0.00023852	0.001	0.00177971	0.07234141	0.59697257	0.09998312	8.51307552	0.1	0.01	0.01	0.01	1e-05	0.01	0.001	0.05	0.5	1e-04	100	5e-06	0.001
0.465	0.9	0.1	0.1069	0.2	80	65.4	9.1	500	3.5	8.61	0.003304	0.00010114	0.00380819	2	0.15	0.1	0.00115995	0.2	0.00156968	0.45	0.00117508	2	4.5	0.001	0.0386201	0.39	1	0.00023852	0.001	0.00177971	0.07234141	0.59697257	0.09998312	8.51307552	0.1	0.01	0.01	0.01	1e-05	0.01	0.001	0.05	0.5	1e-04	100	5e-06	0.001
0.465	0.9	0.1	0.1069	0.2	80	65.4	9.1	500	3.5	8.61	0.003304	0.00010061	0.0038077	2	0.15	0.1	0.00117004	0.2	0.00161082	0.45	0.00133477	2	4.5	0.001	0.03768207	0.39	1	0.00023852	0.001	0.00177971	0.07234141	0.59697257	0.09998312	8.51307552	0.1	0.01	0.01	0.01	1e-05	0.01	0.001	0.05	0.5	1e-04	100	5e-06	0.001
0.465	0.9	0.1	0.1069	0.2	80	65.4	9.1	500	3.5	8.61	0.003304	0.00010104	0.00378135	2	0.15	0.1	0.0011583	0.2	0.00160226	0.45	0.00121223	2	4.5	0.001	0.03944853	0.39	1	0.00023852	0.001	0.00177971	0.07234141	0.59697257	0.09998312	8.51307552	0.1	0.01	0.01	0.01	1e-05	0.01	0.001	0.05	0.5	1e-04	100	5e-06	0.001
0.465	0.9	0.1	0.1069	0.2	80	65.4	9.1	500	3.5	8.61	0.003304	0.00010144	0.0038115	2	0.15	0.1	0.00115879	0.2	0.00170952	0.45	0.00102044	2	4.5	0.001	0.0391457	0.39	1	0.00023852	0.001	0.00177971	0.07234141	0.59697257	0.09998312	8.51307552	0.1	0.01	0.01	0.01	1e-05	0.01	0.001	0.05	0.5	1e-04	100	5e-06	0.001
0.465	0.9	0.1	0.1069	0.2	80	65.4	9.1	500	3.5	8.61	0.003304	0.00010114	0.00380819	2	0.15	0.1	0.00115995	0.2	0.00156968	0.45	0.00117508	2	4.5	0.001	0.0386201	0.39	1	0.00023852	0.001	0.00177971	0.07234141	0.59697257	0.09998312	8.51307552	0.1	0.01	0.01	0.01	1e-05	0.01	0.001	0.05	0.5	1e-04	100	5e-06	0.001
0.465	0.9	0.1	0.1069	0.2	80	65.4	9.1	500	3.5	8.61	0.003304	0.00010075	0.0038285	2	0.15	0.1	0.00116676	0.2	0.00155894	0.45	0.00131156	2	4.5	0.001	0.03733105	0.39	1	0.00023852	0.001	0.00177971	0.07234141	0.59697257	0.09998312	8.51307552	0.1	0.01	0.01	0.01	1e-05	0.01	0.001	0.05	0.5	1e-04	100	5e-06	0.001
0.465	0.9	0.1	0.1069	0.2	80	65.4	9.1	500	3.5	8.61	0.003304	0.00010079	0.00379666	2	0.15	0.1	0.00115771	0.2	0.00171092	0.45	0.00112907	2	4.5	0.001	0.0388862	0.39	1	0.00023852	0.001	0.00177971	0.07234141	0.59697257	0.09998312	8.51307552	0.1	0.01	0.01	0.01	1e-05	0.01	0.001	0.05	0.5	1e-04	100	5e-06	0.001
0.465	0.9	0.1	0.1069	0.2	80	65.4	9.1	500	3.5	8.61	0.003304	0.00010111	0.00381085	2	0.15	0.1	0.00115703	0.2	0.00166156	0.45	0.00117536	2	4.5	0.001	0.03884082	0.39	1	0.00023852	0.001	0.00177971	0.07234141	0.59697257	0.09998312	8.51307552	0.1	0.01	0.01	0.01	1e-05	0.01	0.001	0.05	0.5	1e-04	100	5e-06	0.001
0.465	0.9	0.1	0.1069	0.2	80	65.4	9.1	500	3.5	8.61	0.003304	0.000101	0.00381948	2	0.15	0.1	0.00116929	0.2	0.00157672	0.45	0.00134188	2	4.5	0.001	0.03778388	0.39	1	0.00023852	0.001	0.00177971	0.07234141	0.59697257	0.09998312	8.51307552	0.1	0.01	0.01	0.01	1e-05	0.01	0.001	0.05	0.5	1e-04	100	5e-06	0.001
0.465	0.9	0.1	0.1069	0.2	80	65.4	9.1	500	3.5	8.61	0.003304	0.00010061	0.0038077	2	0.15	0.1	0.00117004	0.2	0.00161082	0.45	0.00133477	2	4.5	0.001	0.03768207	0.39	1	0.00023852	0.001	0.00177971	0.07234141	0.59697257	0.09998312	8.51307552	0.1	0.01	0.01	0.01	1e-05	0.01	0.001	0.05	0.5	1e-04	100	5e-06	0.001
0.465	0.9	0.1	0.1069	0.2	80	65.4	9.1	500	3.5	8.61	0.003304	0.00010104	0.00378135	2	0.15	0.1	0.0011583	0.2	0.00160226	0.45	0.00121223	2	4.5	0.001	0.03944853	0.39	1	0.00023852	0.001	0.00177971	0.07234141	0.59697257	0.09998312	8.51307552	0.1	0.01	0.01	0.01	1e-05	0.01	0.001	0.05	0.5	1e-04	100	5e-06	0.001
0.465	0.9	0.1	0.1069	0.2	80	65.4	9.1	500	3.5	8.61	0.003304	0.0001007	0.00378191	2	0.15	0.1	0.00115932	0.2	0.00180831	0.45	0.00114695	2	4.5	0.001	0.03928054	0.39	1	0.00023852	0.001	0.00177971	0.07234141	0.59697257	0.09998312	8.51307552	0.1	0.01	0.01	0.01	1e-05	0.01	0.001	0.05	0.5	1e-04	100	5e-06	0.001
0.465	0.9	0.1	0.1069	0.2	80	65.4	9.1	500	3.5	8.61	0.003304	0.00010121	0.00381759	2	0.15	0.1	0.00115822	0.2	0.00154357	0.45	0.00112863	2	4.5	0.001	0.03842026	0.39	1	0.00023852	0.001	0.00177971	0.07234141	0.59697257	0.09998312	8.51307552	0.1	0.01	0.01	0.01	1e-05	0.01	0.001	0.05	0.5	1e-04	100	5e-06	0.001
0.465	0.9	0.1	0.1069	0.2	80	65.4	9.1	500	3.5	8.61	0.003304	0.00010104	0.00377911	2	0.15	0.1	0.00114897	0.2	0.00166349	0.45	0.00100083	2	4.5	0.001	0.03986997	0.39	1	0.00023852	0.001	0.00177971	0.07234141	0.59697257	0.09998312	8.51307552	0.1	0.01	0.01	0.01	1e-05	0.01	0.001	0.05	0.5	1e-04	100	5e-06	0.001
0.465	0.9	0.1	0.1069	0.2	80	65.4	9.1	500	3.5	8.61	0.003304	0.00010113	0.00381829	2	0.15	0.1	0.00116216	0.2	0.00162186	0.45	0.00113851	2	4.5	0.001	0.03824162	0.39	1	0.00023852	0.001	0.00177971	0.07234141	0.59697257	0.09998312	8.51307552	0.1	0.01	0.01	0.01	1e-05	0.01	0.001	0.05	0.5	1e-04	100	5e-06	0.001
0.465	0.9	0.1	0.1069	0.2	80	65.4	9.1	500	3.5	8.61	0.003304	0.00010088	0.00382641	2	0.15	0.1	0.00116899	0.2	0.0015918	0.45	0.00119735	2	4.5	0.001	0.03745299	0.39	1	0.00023852	0.001	0.00177971	0.07234141	0.59697257	0.09998312	8.51307552	0.1	0.01	0.01	0.01	1e-05	0.01	0.001	0.05	0.5	1e-04	100	5e-06	0.001
0.465	0.9	0.1	0.1069	0.2	80	65.4	9.1	500	3.5	8.61	0.003304	0.00010144	0.0038115	2	0.15	0.1	0.00115879	0.2	0.00170952	0.45	0.00102044	2	4.5	0.001	0.0391457	0.39	1	0.00023852	0.001	0.00177971	0.07234141	0.59697257	0.09998312	8.51307552	0.1	0.01	0.01	0.01	1e-05	0.01	0.001	0.05	0.5	1e-04	100	5e-06	0.001
0.465	0.9	0.1	0.1069	0.2	80	65.4	9.1	500	3.5	8.61	0.003304	0.00010114	0.00380819	2	0.15	0.1	0.00115995	0.2	0.00156968	0.45	0.00117508	2	4.5	0.001	0.0386201	0.39	1	0.00023852	0.001	0.00177971	0.07234141	0.59697257	0.09998312	8.51307552	0.1	0.01	0.01	0.01	1e-05	0.01	0.001	0.05	0.5	1e-04	100	5e-06	0.001
0.465	0.9	0.1	0.1069	0.2	80	65.4	9.1	500	3.5	8.61	0.003304	0.00010075	0.0038285	2	0.15	0.1	0.00116676	0.2	0.00155894	0.45	0.00131156	2	4.5	0.001	0.03733105	0.39	1	0.00023852	0.001	0.00177971	0.07234141	0.59697257	0.09998312	8.51307552	0.1	0.01	0.01	0.01	1e-05	0.01	0.001	0.05	0.5	1e-04	100	5e-06	0.001
0.465	0.9	0.1	0.1069	0.2	80	65.4	9.1	500	3.5	8.61	0.003304	0.00010079	0.00379666	2	0.15	0.1	0.00115771	0.2	0.00171092	0.45	0.00112907	2	4.5	0.001	0.0388862	0.39	1	0.00023852	0.001	0.00177971	0.07234141	0.59697257	0.09998312	8.51307552	0.1	0.01	0.01	0.01	1e-05	0.01	0.001	0.05	0.5	1e-04	100	5e-06	0.001
0.465	0.9	0.1	0.1069	0.2	80	65.4	9.1	500	3.5	8.61	0.003304	0.00010111	0.00381085	2	0.15	0.1	0.00115703	0.2	0.00166156	0.45	0.00117536	2	4.5	0.001	0.03884082	0.39	1	0.00023852	0.001	0.00177971	0.07234141	0.59697257	0.09998312	8.51307552	0.1	0.01	0.01	0.01	1e-05	0.01	0.001	0.05	0.5	1e-04	100	5e-06	0.001
0.465	0.9	0.1	0.1069	0.2	80	65.4	9.1	500	3.5	8.61	0.003304	0.000101	0.00380126	2	0.15	0.1	0.00115827	0.2	0.00166274	0.45	0.00116759	2	4.5	0.001	0.03888802	0.39	1	0.00023852	0.001	0.00177971	0.07234141	0.59697257	0.09998312	8.51307552	0.1	0.01	0.01	0.01	1e-05	0.01	0.001	0.05	0.5	1e-04	100	5e-06	0.001
0.465	0.9	0.1	0.1069	0.2	80	65.4	9.1	500	3.5	8.61	0.003304	0.00010105	0.00379475	2	0.15	0.1	0.00115891	0.2	0.00160982	0.45	0.0011774	2	4.5	0.001	0.03902711	0.39	1	0.00023852	0.001	0.00177971	0.07234141	0.59697257	0.09998312	8.51307552	0.1	0.01	0.01	0.01	1e-05	0.01	0.001	0.05	0.5	1e-04	100	5e-06	0.001
0.465	0.9	0.1	0.1069	0.2	80	65.4	9.1	500	3.5	8.61	0.003304	0.00010084	0.0038054	2	0.15	0.1	0.00117065	0.2	0.00156413	0.45	0.00129005	2	4.5	0.001	0.03790946	0.39	1	0.00023852	0.001	0.00177971	0.07234141	0.59697257	0.09998312	8.51307552	0.1	0.01	0.01	0.01	1e-05	0.01	0.001	0.05	0.5	1e-04	100	5e-06	0.001
0.465	0.9	0.1	0.1069	0.2	80	65.4	9.1	500	3.5	8.61	0.003304	0.000101	0.00381948	2	0.15	0.1	0.00116929	0.2	0.00157672	0.45	0.00134188	2	4.5	0.001	0.03778388	0.39	1	0.00023852	0.001	0.00177971	0.07234141	0.59697257	0.09998312	8.51307552	0.1	0.01	0.01	0.01	1e-05	0.01	0.001	0.05	0.5	1e-04	100	5e-06	0.001
0.465	0.9	0.1	0.1069	0.2	80	65.4	9.1	500	3.5	8.61	0.003304	0.00010061	0.0038077	2	0.15	0.1	0.00117004	0.2	0.00161082	0.45	0.00133477	2	4.5	0.001	0.03768207	0.39	1	0.00023852	0.001	0.00177971	0.07234141	0.59697257	0.09998312	8.51307552	0.1	0.01	0.01	0.01	1e-05	0.01	0.001	0.05	0.5	1e-04	100	5e-06	0.001
0.465	0.9	0.1	0.1069	0.2	80	65.4	9.1	500	3.5	8.61	0.003304	0.00010092	0.00379337	2	0.15	0.1	0.0011637	0.2	0.00168344	0.45	0.00123082	2	4.5	0.001	0.03883425	0.39	1	0.00023852	0.001	0.00177971	0.07234141	0.59697257	0.09998312	8.51307552	0.1	0.01	0.01	0.01	1e-05	0.01	0.001	0.05	0.5	1e-04	100	5e-06	0.001
0.465	0.9	0.1	0.1069	0.2	80	65.4	9.1	500	3.5	8.61	0.003304	0.00010091	0.00379306	2	0.15	0.1	0.00116496	0.2	0.00165538	0.45	0.00125463	2	4.5	0.001	0.03873051	0.39	1	0.00023852	0.001	0.00177971	0.07234141	0.59697257	0.09998312	8.51307552	0.1	0.01	0.01	0.01	1e-05	0.01	0.001	0.05	0.5	1e-04	100	5e-06	0.001
0.465	0.9	0.1	0.1069	0.2	80	65.4	9.1	500	3.5	8.61	0.003304	0.0001007	0.00378191	2	0.15	0.1	0.00115932	0.2	0.00180831	0.45	0.00114695	2	4.5	0.001	0.03928054	0.39	1	0.00023852	0.001	0.00177971	0.07234141	0.59697257	0.09998312	8.51307552	0.1	0.01	0.01	0.01	1e-05	0.01	0.001	0.05	0.5	1e-04	100	5e-06	0.001
0.465	0.9	0.1	0.1069	0.2	80	65.4	9.1	500	3.5	8.61	0.003304	0.00010121	0.00381759	2	0.15	0.1	0.00115822	0.2	0.00154357	0.45	0.00112863	2	4.5	0.001	0.03842026	0.39	1	0.00023852	0.001	0.00177971	0.07234141	0.59697257	0.09998312	8.51307552	0.1	0.01	0.01	0.01	1e-05	0.01	0.001	0.05	0.5	1e-04	100	5e-06	0.001
0.465	0.9	0.1	0.1069	0.2	80	65.4	9.1	500	3.5	8.61	0.003304	0.00010103	0.00381415	2	0.15	0.1	0.0011619	0.2	0.00159167	0.45	0.00113414	2	4.5	0.001	0.03823466	0.39	1	0.00023852	0.001	0.00177971	0.07234141	0.59697257	0.09998312	8.51307552	0.1	0.01	0.01	0.01	1e-05	0.01	0.001	0.05	0.5	1e-04	100	5e-06	0.001
0.465	0.9	0.1	0.1069	0.2	80	65.4	9.1	500	3.5	8.61	0.003304	0.00010105	0.00381248	2	0.15	0.1	0.00116204	0.2	0.00159283	0.45	0.00112259	2	4.5	0.001	0.03830911	0.39	1	0.00023852	0.001	0.00177971	0.07234141	0.59697257	0.09998312	8.51307552	0.1	0.01	0.01	0.01	1e-05	0.01	0.001	0.05	0.5	1e-04	100	5e-06	0.001
0.465	0.9	0.1	0.1069	0.2	80	65.4	9.1	500	3.5	8.61	0.003304	0.00010104	0.00377911	2	0.15	0.1	0.00114897	0.2	0.00166349	0.45	0.00100083	2	4.5	0.001	0.03986997	0.39	1	0.00023852	0.001	0.00177971	0.07234141	0.59697257	0.09998312	8.51307552	0.1	0.01	0.01	0.01	1e-05	0.01	0.001	0.05	0.5	1e-04	100	5e-06	0.001
0.465	0.9	0.1	0.1069	0.2	80	65.4	9.1	500	3.5	8.61	0.003304	0.00010113	0.00381829	2	0.15	0.1	0.00116216	0.2	0.00162186	0.45	0.00113851	2	4.5	0.001	0.03824162	0.39	1	0.00023852	0.001	0.00177971	0.07234141	0.59697257	0.09998312	8.51307552	0.1	0.01	0.01	0.01	1e-05	0.01	0.001	0.05	0.5	1e-04	100	5e-06	0.001
0.465	0.9	0.1	0.1069	0.2	80	65.4	9.1	500	3.5	8.61	0.003304	0.00010088	0.00382641	2	0.15	0.1	0.00116899	0.2	0.0015918	0.45	0.00119735	2	4.5	0.001	0.03745299	0.39	1	0.00023852	0.001	0.00177971	0.07234141	0.59697257	0.09998312	8.51307552	0.1	0.01	0.01	0.01	1e-05	0.01	0.001	0.05	0.5	1e-04	100	5e-06	0.001
0.465	0.9	0.1	0.1069	0.2	80	65.4	9.1	500	3.5	8.61	0.003304	0.00010144	0.0038115	2	0.15	0.1	0.00115879	0.2	0.00170952	0.45	0.00102044	2	4.5	0.001	0.0391457	0.39	1	0.00023852	0.001	0.00177971	0.07234141	0.59697257	0.09998312	8.51307552	0.1	0.01	0.01	0.01	1e-05	0.01	0.001	0.05	0.5	1e-04	100	5e-06	0.001
0.465	0.9	0.1	0.1069	0.2	80	65.4	9.1	500	3.5	8.61	0.003304	0.00010104	0.0038069	2	0.15	0.1	0.00116073	0.2	0.00161868	0.45	0.00113497	2	4.5	0.001	0.0385627	0.39	1	0.00023852	0.001	0.00177971	0.07234141	0.59697257	0.09998312	8.51307552	0.1	0.01	0.01	0.01	1e-05	0.01	0.001	0.05	0.5	1e-04	100	5e-06	0.001
0.465	0.9	0.1	0.1069	0.2	80	65.4	9.1	500	3.5	8.61	0.003304	0.00010118	0.00381483	2	0.15	0.1	0.00116007	0.2	0.00161642	0.45	0.00115089	2	4.5	0.001	0.03854442	0.39	1	0.00023852	0.001	0.00177971	0.07234141	0.59697257	0.09998312	8.51307552	0.1	0.01	0.01	0.01	1e-05	0.01	0.001	0.05	0.5	1e-04	100	5e-06	0.001
0.465	0.9	0.1	0.1069	0.2	80	65.4	9.1	500	3.5	8.61	0.003304	0.00010105	0.00381229	2	0.15	0.1	0.00116261	0.2	0.0016133	0.45	0.00116493	2	4.5	0.001	0.03834986	0.39	1	0.00023852	0.001	0.00177971	0.07234141	0.59697257	0.09998312	8.51307552	0.1	0.01	0.01	0.01	1e-05	0.01	0.001	0.05	0.5	1e-04	100	5e-06	0.001
0.465	0.9	0.1	0.1069	0.2	80	65.4	9.1	500	3.5	8.61	0.003304	0.00010111	0.00381112	2	0.15	0.1	0.00116031	0.2	0.00162408	0.45	0.00116996	2	4.5	0.001	0.03858034	0.39	1	0.00023852	0.001	0.00177971	0.07234141	0.59697257	0.09998312	8.51307552	0.1	0.01	0.01	0.01	1e-05	0.01	0.001	0.05	0.5	1e-04	100	5e-06	0.001
0.465	0.9	0.1	0.1069	0.2	80	65.4	9.1	500	3.5	8.61	0.003304	0.00010104	0.00380986	2	0.15	0.1	0.00116041	0.2	0.00162741	0.45	0.00118475	2	4.5	0.001	0.03854184	0.39	1	0.00023852	0.001	0.00177971	0.07234141	0.59697257	0.09998312	8.51307552	0.1	0.01	0.01	0.01	1e-05	0.01	0.001	0.05	0.5	1e-04	100	5e-06	0.001
0.465	0.9	0.1	0.1069	0.2	80	65.4	9.1	500	3.5	8.61	0.003304	0.00010075	0.0038285	2	0.15	0.1	0.00116676	0.2	0.00155894	0.45	0.00131156	2	4.5	0.001	0.03733105	0.39	1	0.00023852	0.001	0.00177971	0.07234141	0.59697257	0.09998312	8.51307552	0.1	0.01	0.01	0.01	1e-05	0.01	0.001	0.05	0.5	1e-04	100	5e-06	0.001
0.465	0.9	0.1	0.1069	0.2	80	65.4	9.1	500	3.5	8.61	0.003304	0.00010111	0.00381085	2	0.15	0.1	0.00115703	0.2	0.00166156	0.45	0.00117536	2	4.5	0.001	0.03884082	0.39	1	0.00023852	0.001	0.00177971	0.07234141	0.59697257	0.09998312	8.51307552	0.1	0.01	0.01	0.01	1e-05	0.01	0.001	0.05	0.5	1e-04	100	5e-06	0.001
0.465	0.9	0.1	0.1069	0.2	80	65.4	9.1	500	3.5	8.61	0.003304	0.000101	0.00380126	2	0.15	0.1	0.00115827	0.2	0.00166274	0.45	0.00116759	2	4.5	0.001	0.03888802	0.39	1	0.00023852	0.001	0.00177971	0.07234141	0.59697257	0.09998312	8.51307552	0.1	0.01	0.01	0.01	1e-05	0.01	0.001	0.05	0.5	1e-04	100	5e-06	0.001
0.465	0.9	0.1	0.1069	0.2	80	65.4	9.1	500	3.5	8.61	0.003304	0.00010105	0.00379475	2	0.15	0.1	0.00115891	0.2	0.00160982	0.45	0.0011774	2	4.5	0.001	0.03902711	0.39	1	0.00023852	0.001	0.00177971	0.07234141	0.59697257	0.09998312	8.51307552	0.1	0.01	0.01	0.01	1e-05	0.01	0.001	0.05	0.5	1e-04	100	5e-06	0.001
0.465	0.9	0.1	0.1069	0.2	80	65.4	9.1	500	3.5	8.61	0.003304	0.00010091	0.00377009	2	0.15	0.1	0.0011587	0.2	0.00166258	0.45	0.00116003	2	4.5	0.001	0.03960276	0.39	1	0.00023852	0.001	0.00177971	0.07234141	0.59697257	0.09998312	8.51307552	0.1	0.01	0.01	0.01	1e-05	0.01	0.001	0.05	0.5	1e-04	100	5e-06	0.001
0.466	0.9	0.1	0.1069	0.2	80	65.4	9.1	500	3.5	8.61	0.003304	0.0001011	0.00372748	2	0.15	0.1	0.00113532	0.2	0.00201658	0.45	0.00105986	2	4.5	0.001	0.04303965	0.39	1	0.00023852	0.001	0.00177971	0.07234141	0.59697257	0.09998312	8.51307552	0.1	0.01	0.01	0.01	1e-05	0.01	0.001	0.05	0.5	1e-04	100	5e-06	0.001
0.466	0.9	0.1	0.1069	0.2	80	65.4	9.1	500	3.5	8.61	0.003304	0.00010114	0.00377759	2	0.15	0.1	0.00114351	0.2	0.00130083	0.45	0.00109157	2	4.5	0.001	0.03935108	0.39	1	0.00023852	0.001	0.00177971	0.07234141	0.59697257	0.09998312	8.51307552	0.1	0.01	0.01	0.01	1e-05	0.01	0.001	0.05	0.5	1e-04	100	5e-06	0.001
0.466	0.9	0.1	0.1069	0.2	80	65.4	9.1	500	3.5	8.61	0.003304	0.00010133	0.00375337	2	0.15	0.1	0.00114738	0.2	0.0015724	0.45	0.00109022	2	4.5	0.001	0.04084062	0.39	1	0.00023852	0.001	0.00177971	0.07234141	0.59697257	0.09998312	8.51307552	0.1	0.01	0.01	0.01	1e-05	0.01	0.001	0.05	0.5	1e-04	100	5e-06	0.001
0.466	0.9	0.1	0.1069	0.2	80	65.4	9.1	500	3.5	8.61	0.003304	0.00010123	0.00374616	2	0.15	0.1	0.00114816	0.2	0.0016531	0.45	0.00108415	2	4.5	0.001	0.04122286	0.39	1	0.00023852	0.001	0.00177971	0.07234141	0.59697257	0.09998312	8.51307552	0.1	0.01	0.01	0.01	1e-05	0.01	0.001	0.05	0.5	1e-04	100	5e-06	0.001
0.466	0.9	0.1	0.1069	0.2	80	65.4	9.1	500	3.5	8.61	0.003304	0.00010119	0.00374066	2	0.15	0.1	0.00114629	0.2	0.00169947	0.45	0.0011167	2	4.5	0.001	0.04159669	0.39	1	0.00023852	0.001	0.00177971	0.07234141	0.59697257	0.09998312	8.51307552	0.1	0.01	0.01	0.01	1e-05	0.01	0.001	0.05	0.5	1e-04	100	5e-06	0.001
0.466	0.9	0.1	0.1069	0.2	80	65.4	9.1	500	3.5	8.61	0.003304	0.00010127	0.00371572	2	0.15	0.1	0.00113614	0.2	0.00196573	0.45	0.00102179	2	4.5	0.001	0.04321276	0.39	1	0.00023852	0.001	0.00177971	0.07234141	0.59697257	0.09998312	8.51307552	0.1	0.01	0.01	0.01	1e-05	0.01	0.001	0.05	0.5	1e-04	100	5e-06	0.001
0.466	0.9	0.1	0.1069	0.2	80	65.4	9.1	500	3.5	8.61	0.003304	0.0001011	0.00372748	2	0.15	0.1	0.00113532	0.2	0.00201658	0.45	0.00105986	2	4.5	0.001	0.04303965	0.39	1	0.00023852	0.001	0.00177971	0.07234141	0.59697257	0.09998312	8.51307552	0.1	0.01	0.01	0.01	1e-05	0.01	0.001	0.05	0.5	1e-04	100	5e-06	0.001
0.466	0.9	0.1	0.1069	0.2	80	65.4	9.1	500	3.5	8.61	0.003304	0.00010111	0.00374658	2	0.15	0.1	0.00114307	0.2	0.00141609	0.45	0.00110793	2	4.5	0.001	0.04075788	0.39	1	0.00023852	0.001	0.00177971	0.07234141	0.59697257	0.09998312	8.51307552	0.1	0.01	0.01	0.01	1e-05	0.01	0.001	0.05	0.5	1e-04	100	5e-06	0.001
0.466	0.9	0.1	0.1069	0.2	80	65.4	9.1	500	3.5	8.61	0.003304	0.00010114	0.00377759	2	0.15	0.1	0.00114351	0.2	0.00130083	0.45	0.00109157	2	4.5	0.001	0.03935108	0.39	1	0.00023852	0.001	0.00177971	0.07234141	0.59697257	0.09998312	8.51307552	0.1	0.01	0.01	0.01	1e-05	0.01	0.001	0.05	0.5	1e-04	100	5e-06	0.001
0.466	0.9	0.1	0.1069	0.2	80	65.4	9.1	500	3.5	8.61	0.003304	0.00010115	0.00375318	2	0.15	0.1	0.00114529	0.2	0.00163413	0.45	0.00109383	2	4.5	0.001	0.04097258	0.39	1	0.00023852	0.001	0.00177971	0.07234141	0.59697257	0.09998312	8.51307552	0.1	0.01	0.01	0.01	1e-05	0.01	0.001	0.05	0.5	1e-04	100	5e-06	0.001
0.466	0.9	0.1	0.1069	0.2	80	65.4	9.1	500	3.5	8.61	0.003304	0.0001012	0.00374145	2	0.15	0.1	0.00114053	0.2	0.00173447	0.45	0.00105121	2	4.5	0.001	0.04168326	0.39	1	0.00023852	0.001	0.00177971	0.07234141	0.59697257	0.09998312	8.51307552	0.1	0.01	0.01	0.01	1e-05	0.01	0.001	0.05	0.5	1e-04	100	5e-06	0.001
0.466	0.9	0.1	0.1069	0.2	80	65.4	9.1	500	3.5	8.61	0.003304	0.00010133	0.00375337	2	0.15	0.1	0.00114738	0.2	0.0015724	0.45	0.00109022	2	4.5	0.001	0.04084062	0.39	1	0.00023852	0.001	0.00177971	0.07234141	0.59697257	0.09998312	8.51307552	0.1	0.01	0.01	0.01	1e-05	0.01	0.001	0.05	0.5	1e-04	100	5e-06	0.001
0.466	0.9	0.1	0.1069	0.2	80	65.4	9.1	500	3.5	8.61	0.003304	0.00010112	0.00375407	2	0.15	0.1	0.00114316	0.2	0.0014513	0.45	0.00108795	2	4.5	0.001	0.04053854	0.39	1	0.00023852	0.001	0.00177971	0.07234141	0.59697257	0.09998312	8.51307552	0.1	0.01	0.01	0.01	1e-05	0.01	0.001	0.05	0.5	1e-04	100	5e-06	0.001
0.466	0.9	0.1	0.1069	0.2	80	65.4	9.1	500	3.5	8.61	0.003304	0.00010123	0.00373852	2	0.15	0.1	0.00114449	0.2	0.00174158	0.45	0.0010776	2	4.5	0.001	0.04165591	0.39	1	0.00023852	0.001	0.00177971	0.07234141	0.59697257	0.09998312	8.51307552	0.1	0.01	0.01	0.01	1e-05	0.01	0.001	0.05	0.5	1e-04	100	5e-06	0.001
0.466	0.9	0.1	0.1069	0.2	80	65.4	9.1	500	3.5	8.61	0.003304	0.00010129	0.00373781	2	0.15	0.1	0.00114342	0.2	0.00158942	0.45	0.00108521	2	4.5	0.001	0.04150587	0.39	1	0.00023852	0.001	0.00177971	0.07234141	0.59697257	0.09998312	8.51307552	0.1	0.01	0.01	0.01	1e-05	0.01	0.001	0.05	0.5	1e-04	100	5e-06	0.001
0.466	0.9	0.1	0.1069	0.2	80	65.4	9.1	500	3.5	8.61	0.003304	0.00010131	0.00373155	2	0.15	0.1	0.00114413	0.2	0.00168858	0.45	0.00109451	2	4.5	0.001	0.04180946	0.39	1	0.00023852	0.001	0.00177971	0.07234141	0.59697257	0.09998312	8.51307552	0.1	0.01	0.01	0.01	1e-05	0.01	0.001	0.05	0.5	1e-04	100	5e-06	0.001
0.466	0.9	0.1	0.1069	0.2	80	65.4	9.1	500	3.5	8.61	0.003304	0.00010123	0.00373137	2	0.15	0.1	0.00114117	0.2	0.00162578	0.45	0.00108965	2	4.5	0.001	0.04182283	0.39	1	0.00023852	0.001	0.00177971	0.07234141	0.59697257	0.09998312	8.51307552	0.1	0.01	0.01	0.01	1e-05	0.01	0.001	0.05	0.5	1e-04	100	5e-06	0.001
0.466	0.9	0.1	0.1069	0.2	80	65.4	9.1	500	3.5	8.61	0.003304	0.0001013	0.00372466	2	0.15	0.1	0.0011429	0.2	0.00168354	0.45	0.00107142	2	4.5	0.001	0.04204027	0.39	1	0.00023852	0.001	0.00177971	0.07234141	0.59697257	0.09998312	8.51307552	0.1	0.01	0.01	0.01	1e-05	0.01	0.001	0.05	0.5	1e-04	100	5e-06	0.001
0.466	0.9	0.1	0.1069	0.2	80	65.4	9.1	500	3.5	8.61	0.003304	0.0001011	0.00372748	2	0.15	0.1	0.00113532	0.2	0.00201658	0.45	0.00105986	2	4.5	0.001	0.04303965	0.39	1	0.00023852	0.001	0.00177971	0.07234141	0.59697257	0.09998312	8.51307552	0.1	0.01	0.01	0.01	1e-05	0.01	0.001	0.05	0.5	1e-04	100	5e-06	0.001
0.466	0.9	0.1	0.1069	0.2	80	65.4	9.1	500	3.5	8.61	0.003304	0.00010134	0.00371645	2	0.15	0.1	0.00114188	0.2	0.00184613	0.45	0.00108228	2	4.5	0.001	0.04279643	0.39	1	0.00023852	0.001	0.00177971	0.07234141	0.59697257	0.09998312	8.51307552	0.1	0.01	0.01	0.01	1e-05	0.01	0.001	0.05	0.5	1e-04	100	5e-06	0.001
0.466	0.9	0.1	0.1069	0.2	80	65.4	9.1	500	3.5	8.61	0.003304	0.00010131	0.00371344	2	0.15	0.1	0.00114184	0.2	0.00178176	0.45	0.00107096	2	4.5	0.001	0.04273719	0.39	1	0.00023852	0.001	0.00177971	0.07234141	0.59697257	0.09998312	8.51307552	0.1	0.01	0.01	0.01	1e-05	0.01	0.001	0.05	0.5	1e-04	100	5e-06	0.001
0.466	0.9	0.1	0.1069	0.2	80	65.4	9.1	500	3.5	8.61	0.003304	0.00010125	0.0037426	2	0.15	0.1	0.00114518	0.2	0.00163138	0.45	0.00109719	2	4.5	0.001	0.0414772	0.39	1	0.00023852	0.001	0.00177971	0.07234141	0.59697257	0.09998312	8.51307552	0.1	0.01	0.01	0.01	1e-05	0.01	0.001	0.05	0.5	1e-04	100	5e-06	0.001
0.466	0.9	0.1	0.1069	0.2	80	65.4	9.1	500	3.5	8.61	0.003304	0.00010134	0.00371645	2	0.15	0.1	0.00114188	0.2	0.00184613	0.45	0.00108228	2	4.5	0.001	0.04279643	0.39	1	0.00023852	0.001	0.00177971	0.07234141	0.59697257	0.09998312	8.51307552	0.1	0.01	0.01	0.01	1e-05	0.01	0.001	0.05	0.5	1e-04	100	5e-06	0.001
0.466	0.9	0.1	0.1069	0.2	80	65.4	9.1	500	3.5	8.61	0.003304	0.00010131	0.00371344	2	0.15	0.1	0.00114184	0.2	0.00178176	0.45	0.00107096	2	4.5	0.001	0.04273719	0.39	1	0.00023852	0.001	0.00177971	0.07234141	0.59697257	0.09998312	8.51307552	0.1	0.01	0.01	0.01	1e-05	0.01	0.001	0.05	0.5	1e-04	100	5e-06	0.001
0.466	0.9	0.1	0.1069	0.2	80	65.4	9.1	500	3.5	8.61	0.003304	0.00010083	0.00380375	2	0.15	0.1	0.0011703	0.2	0.00167429	0.45	0.00137682	2	4.5	0.001	0.0382611	0.39	1	0.00023852	0.001	0.00177971	0.07234141	0.59697257	0.09998312	8.51307552	0.1	0.01	0.01	0.01	1e-05	0.01	0.001	0.05	0.5	1e-04	100	5e-06	0.001
0.466	0.9	0.1	0.1069	0.2	80	65.4	9.1	500	3.5	8.61	0.003304	0.00010077	0.00379966	2	0.15	0.1	0.00117781	0.2	0.00147144	0.45	0.00138235	2	4.5	0.001	0.03753006	0.39	1	0.00023852	0.001	0.00177971	0.07234141	0.59697257	0.09998312	8.51307552	0.1	0.01	0.01	0.01	1e-05	0.01	0.001	0.05	0.5	1e-04	100	5e-06	0.001
0.466	0.9	0.1	0.1069	0.2	80	65.4	9.1	500	3.5	8.61	0.003304	0.00010024	0.00374812	2	0.15	0.1	0.00115179	0.2	0.00178346	0.45	0.0012619	2	4.5	0.001	0.04008888	0.39	1	0.00023852	0.001	0.00177971	0.07234141	0.59697257	0.09998312	8.51307552	0.1	0.01	0.01	0.01	1e-05	0.01	0.001	0.05	0.5	1e-04	100	5e-06	0.001
0.466	0.9	0.1	0.1069	0.2	80	65.4	9.1	500	3.5	8.61	0.003304	0.00010083	0.00380375	2	0.15	0.1	0.0011703	0.2	0.00167429	0.45	0.00137682	2	4.5	0.001	0.0382611	0.39	1	0.00023852	0.001	0.00177971	0.07234141	0.59697257	0.09998312	8.51307552	0.1	0.01	0.01	0.01	1e-05	0.01	0.001	0.05	0.5	1e-04	100	5e-06	0.001
0.466	0.9	0.1	0.1069	0.2	80	65.4	9.1	500	3.5	8.61	0.003304	0.00010053	0.00374508	2	0.15	0.1	0.00116357	0.2	0.00182922	0.45	0.001301	2	4.5	0.001	0.04003758	0.39	1	0.00023852	0.001	0.00177971	0.07234141	0.59697257	0.09998312	8.51307552	0.1	0.01	0.01	0.01	1e-05	0.01	0.001	0.05	0.5	1e-04	100	5e-06	0.001
0.466	0.9	0.1	0.1069	0.2	80	65.4	9.1	500	3.5	8.61	0.003304	0.00010021	0.00371387	2	0.15	0.1	0.001149	0.2	0.00180786	0.45	0.00130808	2	4.5	0.001	0.04133775	0.39	1	0.00023852	0.001	0.00177971	0.07234141	0.59697257	0.09998312	8.51307552	0.1	0.01	0.01	0.01	1e-05	0.01	0.001	0.05	0.5	1e-04	100	5e-06	0.001
0.466	0.9	0.1	0.1069	0.2	80	65.4	9.1	500	3.5	8.61	0.003304	0.00010096	0.00379028	2	0.15	0.1	0.00116297	0.2	0.00172339	0.45	0.00121405	2	4.5	0.001	0.03906491	0.39	1	0.00023852	0.001	0.00177971	0.07234141	0.59697257	0.09998312	8.51307552	0.1	0.01	0.01	0.01	1e-05	0.01	0.001	0.05	0.5	1e-04	100	5e-06	0.001
0.466	0.9	0.1	0.1069	0.2	80	65.4	9.1	500	3.5	8.61	0.003304	0.00010077	0.00379966	2	0.15	0.1	0.00117781	0.2	0.00147144	0.45	0.00138235	2	4.5	0.001	0.03753006	0.39	1	0.00023852	0.001	0.00177971	0.07234141	0.59697257	0.09998312	8.51307552	0.1	0.01	0.01	0.01	1e-05	0.01	0.001	0.05	0.5	1e-04	100	5e-06	0.001
0.466	0.9	0.1	0.1069	0.2	80	65.4	9.1	500	3.5	8.61	0.003304	0.00010076	0.00378475	2	0.15	0.1	0.00116312	0.2	0.00177911	0.45	0.00125183	2	4.5	0.001	0.03909161	0.39	1	0.00023852	0.001	0.00177971	0.07234141	0.59697257	0.09998312	8.51307552	0.1	0.01	0.01	0.01	1e-05	0.01	0.001	0.05	0.5	1e-04	100	5e-06	0.001
0.466	0.9	0.1	0.1069	0.2	80	65.4	9.1	500	3.5	8.61	0.003304	0.00010024	0.00374812	2	0.15	0.1	0.00115179	0.2	0.00178346	0.45	0.0012619	2	4.5	0.001	0.04008888	0.39	1	0.00023852	0.001	0.00177971	0.07234141	0.59697257	0.09998312	8.51307552	0.1	0.01	0.01	0.01	1e-05	0.01	0.001	0.05	0.5	1e-04	100	5e-06	0.001
0.466	0.9	0.1	0.1069	0.2	80	65.4	9.1	500	3.5	8.61	0.003304	0.00010083	0.00380375	2	0.15	0.1	0.0011703	0.2	0.00167429	0.45	0.00137682	2	4.5	0.001	0.0382611	0.39	1	0.00023852	0.001	0.00177971	0.07234141	0.59697257	0.09998312	8.51307552	0.1	0.01	0.01	0.01	1e-05	0.01	0.001	0.05	0.5	1e-04	100	5e-06	0.001
0.466	0.9	0.1	0.1069	0.2	80	65.4	9.1	500	3.5	8.61	0.003304	0.00010079	0.00375968	2	0.15	0.1	0.0011647	0.2	0.00171737	0.45	0.00134243	2	4.5	0.001	0.03967473	0.39	1	0.00023852	0.001	0.00177971	0.07234141	0.59697257	0.09998312	8.51307552	0.1	0.01	0.01	0.01	1e-05	0.01	0.001	0.05	0.5	1e-04	100	5e-06	0.001
0.466	0.9	0.1	0.1069	0.2	80	65.4	9.1	500	3.5	8.61	0.003304	0.0001011	0.00374535	2	0.15	0.1	0.00115861	0.2	0.00165052	0.45	0.00130728	2	4.5	0.001	0.0405916	0.39	1	0.00023852	0.001	0.00177971	0.07234141	0.59697257	0.09998312	8.51307552	0.1	0.01	0.01	0.01	1e-05	0.01	0.001	0.05	0.5	1e-04	100	5e-06	0.001
0.466	0.9	0.1	0.1069	0.2	80	65.4	9.1	500	3.5	8.61	0.003304	0.0001009	0.00375236	2	0.15	0.1	0.0011665	0.2	0.00173084	0.45	0.00134482	2	4.5	0.001	0.03992022	0.39	1	0.00023852	0.001	0.00177971	0.07234141	0.59697257	0.09998312	8.51307552	0.1	0.01	0.01	0.01	1e-05	0.01	0.001	0.05	0.5	1e-04	100	5e-06	0.001
0.466	0.9	0.1	0.1069	0.2	80	65.4	9.1	500	3.5	8.61	0.003304	0.00010021	0.00371387	2	0.15	0.1	0.001149	0.2	0.00180786	0.45	0.00130808	2	4.5	0.001	0.04133775	0.39	1	0.00023852	0.001	0.00177971	0.07234141	0.59697257	0.09998312	8.51307552	0.1	0.01	0.01	0.01	1e-05	0.01	0.001	0.05	0.5	1e-04	100	5e-06	0.001
0.466	0.9	0.1	0.1069	0.2	80	65.4	9.1	500	3.5	8.61	0.003304	0.00010058	0.00374431	2	0.15	0.1	0.00116485	0.2	0.00178286	0.45	0.00133563	2	4.5	0.001	0.03999687	0.39	1	0.00023852	0.001	0.00177971	0.07234141	0.59697257	0.09998312	8.51307552	0.1	0.01	0.01	0.01	1e-05	0.01	0.001	0.05	0.5	1e-04	100	5e-06	0.001
0.466	0.9	0.1	0.1069	0.2	80	65.4	9.1	500	3.5	8.61	0.003304	0.00010097	0.00380094	2	0.15	0.1	0.00116614	0.2	0.00166705	0.45	0.00127246	2	4.5	0.001	0.03856714	0.39	1	0.00023852	0.001	0.00177971	0.07234141	0.59697257	0.09998312	8.51307552	0.1	0.01	0.01	0.01	1e-05	0.01	0.001	0.05	0.5	1e-04	100	5e-06	0.001
0.466	0.9	0.1	0.1069	0.2	80	65.4	9.1	500	3.5	8.61	0.003304	0.00010096	0.00379028	2	0.15	0.1	0.00116297	0.2	0.00172339	0.45	0.00121405	2	4.5	0.001	0.03906491	0.39	1	0.00023852	0.001	0.00177971	0.07234141	0.59697257	0.09998312	8.51307552	0.1	0.01	0.01	0.01	1e-05	0.01	0.001	0.05	0.5	1e-04	100	5e-06	0.001
0.466	0.9	0.1	0.1069	0.2	80	65.4	9.1	500	3.5	8.61	0.003304	0.0001006	0.00377741	2	0.15	0.1	0.00115759	0.2	0.00172674	0.45	0.00124012	2	4.5	0.001	0.0392923	0.39	1	0.00023852	0.001	0.00177971	0.07234141	0.59697257	0.09998312	8.51307552	0.1	0.01	0.01	0.01	1e-05	0.01	0.001	0.05	0.5	1e-04	100	5e-06	0.001
0.466	0.9	0.1	0.1069	0.2	80	65.4	9.1	500	3.5	8.61	0.003304	0.00010094	0.00378292	2	0.15	0.1	0.00116174	0.2	0.00166368	0.45	0.00124687	2	4.5	0.001	0.03921048	0.39	1	0.00023852	0.001	0.00177971	0.07234141	0.59697257	0.09998312	8.51307552	0.1	0.01	0.01	0.01	1e-05	0.01	0.001	0.05	0.5	1e-04	100	5e-06	0.001
0.466	0.9	0.1	0.1069	0.2	80	65.4	9.1	500	3.5	8.61	0.003304	0.00010079	0.00378359	2	0.15	0.1	0.0011635	0.2	0.00170446	0.45	0.00125944	2	4.5	0.001	0.03901912	0.39	1	0.00023852	0.001	0.00177971	0.07234141	0.59697257	0.09998312	8.51307552	0.1	0.01	0.01	0.01	1e-05	0.01	0.001	0.05	0.5	1e-04	100	5e-06	0.001
0.466	0.9	0.1	0.1069	0.2	80	65.4	9.1	500	3.5	8.61	0.003304	0.0001006	0.00372429	2	0.15	0.1	0.00115858	0.2	0.00170638	0.45	0.00121583	2	4.5	0.001	0.0405998	0.39	1	0.00023852	0.001	0.00177971	0.07234141	0.59697257	0.09998312	8.51307552	0.1	0.01	0.01	0.01	1e-05	0.01	0.001	0.05	0.5	1e-04	100	5e-06	0.001
0.466	0.9	0.1	0.1069	0.2	80	65.4	9.1	500	3.5	8.61	0.003304	0.0001011	0.00374535	2	0.15	0.1	0.00115861	0.2	0.00165052	0.45	0.00130728	2	4.5	0.001	0.0405916	0.39	1	0.00023852	0.001	0.00177971	0.07234141	0.59697257	0.09998312	8.51307552	0.1	0.01	0.01	0.01	1e-05	0.01	0.001	0.05	0.5	1e-04	100	5e-06	0.001
0.466	0.9	0.1	0.1069	0.2	80	65.4	9.1	500	3.5	8.61	0.003304	0.00010079	0.00378359	2	0.15	0.1	0.0011635	0.2	0.00170446	0.45	0.00125944	2	4.5	0.001	0.03901912	0.39	1	0.00023852	0.001	0.00177971	0.07234141	0.59697257	0.09998312	8.51307552	0.1	0.01	0.01	0.01	1e-05	0.01	0.001	0.05	0.5	1e-04	100	5e-06	0.001
0.467	0.9	0.1	0.1069	0.2	80	65.4	9.1	500	3.5	8.61	0.003304	0.00011104	0.00412344	2	0.15	0.1	0.00113942	0.2	0.00162751	0.45	0.00102102	2	4.5	0.001	0.0431209	0.39	1	0.00023852	0.001	0.00177971	0.07234141	0.59697257	0.09998312	8.51307552	0.1	0.01	0.01	0.01	1e-05	0.01	0.001	0.05	0.5	1e-04	100	5e-06	0.001
0.467	0.9	0.1	0.1069	0.2	80	65.4	9.1	500	3.5	8.61	0.003304	0.00011035	0.00409675	2	0.15	0.1	0.00113777	0.2	0.00185836	0.45	0.00105345	2	4.5	0.001	0.043711	0.39	1	0.00023852	0.001	0.00177971	0.07234141	0.59697257	0.09998312	8.51307552	0.1	0.01	0.01	0.01	1e-05	0.01	0.001	0.05	0.5	1e-04	100	5e-06	0.001
0.467	0.9	0.1	0.1069	0.2	80	65.4	9.1	500	3.5	8.61	0.003304	0.00011118	0.00411945	2	0.15	0.1	0.00113108	0.2	0.0017735	0.45	0.00101533	2	4.5	0.001	0.04431289	0.39	1	0.00023852	0.001	0.00177971	0.07234141	0.59697257	0.09998312	8.51307552	0.1	0.01	0.01	0.01	1e-05	0.01	0.001	0.05	0.5	1e-04	100	5e-06	0.001
0.467	0.9	0.1	0.1069	0.2	80	65.4	9.1	500	3.5	8.61	0.003304	0.00011104	0.00412344	2	0.15	0.1	0.00113942	0.2	0.00162751	0.45	0.00102102	2	4.5	0.001	0.0431209	0.39	1	0.00023852	0.001	0.00177971	0.07234141	0.59697257	0.09998312	8.51307552	0.1	0.01	0.01	0.01	1e-05	0.01	0.001	0.05	0.5	1e-04	100	5e-06	0.001
0.467	0.9	0.1	0.1069	0.2	80	65.4	9.1	500	3.5	8.61	0.003304	0.00011067	0.00409478	2	0.15	0.1	0.00113917	0.2	0.00183224	0.45	0.00104992	2	4.5	0.001	0.04398556	0.39	1	0.00023852	0.001	0.00177971	0.07234141	0.59697257	0.09998312	8.51307552	0.1	0.01	0.01	0.01	1e-05	0.01	0.001	0.05	0.5	1e-04	100	5e-06	0.001
0.467	0.9	0.1	0.1069	0.2	80	65.4	9.1	500	3.5	8.61	0.003304	0.00010994	0.00410191	2	0.15	0.1	0.00114462	0.2	0.00170595	0.45	0.00104908	2	4.5	0.001	0.04231584	0.39	1	0.00023852	0.001	0.00177971	0.07234141	0.59697257	0.09998312	8.51307552	0.1	0.01	0.01	0.01	1e-05	0.01	0.001	0.05	0.5	1e-04	100	5e-06	0.001
0.467	0.9	0.1	0.1069	0.2	80	65.4	9.1	500	3.5	8.61	0.003304	0.00010952	0.00407805	2	0.15	0.1	0.00114903	0.2	0.00180593	0.45	0.0010892	2	4.5	0.001	0.04239866	0.39	1	0.00023852	0.001	0.00177971	0.07234141	0.59697257	0.09998312	8.51307552	0.1	0.01	0.01	0.01	1e-05	0.01	0.001	0.05	0.5	1e-04	100	5e-06	0.001
0.467	0.9	0.1	0.1069	0.2	80	65.4	9.1	500	3.5	8.61	0.003304	0.00011035	0.00412181	2	0.15	0.1	0.00114174	0.2	0.00156813	0.45	0.00105092	2	4.5	0.001	0.04212788	0.39	1	0.00023852	0.001	0.00177971	0.07234141	0.59697257	0.09998312	8.51307552	0.1	0.01	0.01	0.01	1e-05	0.01	0.001	0.05	0.5	1e-04	100	5e-06	0.001
0.467	0.9	0.1	0.1069	0.2	80	65.4	9.1	500	3.5	8.61	0.003304	0.00011036	0.00411843	2	0.15	0.1	0.00114588	0.2	0.00155084	0.45	0.00106165	2	4.5	0.001	0.0419448	0.39	1	0.00023852	0.001	0.00177971	0.07234141	0.59697257	0.09998312	8.51307552	0.1	0.01	0.01	0.01	1e-05	0.01	0.001	0.05	0.5	1e-04	100	5e-06	0.001
0.467	0.9	0.1	0.1069	0.2	80	65.4	9.1	500	3.5	8.61	0.003304	0.00011035	0.00409675	2	0.15	0.1	0.00113777	0.2	0.00185836	0.45	0.00105345	2	4.5	0.001	0.043711	0.39	1	0.00023852	0.001	0.00177971	0.07234141	0.59697257	0.09998312	8.51307552	0.1	0.01	0.01	0.01	1e-05	0.01	0.001	0.05	0.5	1e-04	100	5e-06	0.001
0.467	0.9	0.1	0.1069	0.2	80	65.4	9.1	500	3.5	8.61	0.003304	0.00011072	0.00410129	2	0.15	0.1	0.00113597	0.2	0.00187569	0.45	0.00104012	2	4.5	0.001	0.044156	0.39	1	0.00023852	0.001	0.00177971	0.07234141	0.59697257	0.09998312	8.51307552	0.1	0.01	0.01	0.01	1e-05	0.01	0.001	0.05	0.5	1e-04	100	5e-06	0.001
0.467	0.9	0.1	0.1069	0.2	80	65.4	9.1	500	3.5	8.61	0.003304	0.00011002	0.00407685	2	0.15	0.1	0.00114035	0.2	0.00201771	0.45	0.0010519	2	4.5	0.001	0.04404343	0.39	1	0.00023852	0.001	0.00177971	0.07234141	0.59697257	0.09998312	8.51307552	0.1	0.01	0.01	0.01	1e-05	0.01	0.001	0.05	0.5	1e-04	100	5e-06	0.001
0.467	0.9	0.1	0.1069	0.2	80	65.4	9.1	500	3.5	8.61	0.003304	0.00011066	0.00410388	2	0.15	0.1	0.00114017	0.2	0.00174112	0.45	0.00103958	2	4.5	0.001	0.04347844	0.39	1	0.00023852	0.001	0.00177971	0.07234141	0.59697257	0.09998312	8.51307552	0.1	0.01	0.01	0.01	1e-05	0.01	0.001	0.05	0.5	1e-04	100	5e-06	0.001
0.467	0.9	0.1	0.1069	0.2	80	65.4	9.1	500	3.5	8.61	0.003304	0.00011083	0.00410814	2	0.15	0.1	0.00113569	0.2	0.00183898	0.45	0.00105297	2	4.5	0.001	0.04404835	0.39	1	0.00023852	0.001	0.00177971	0.07234141	0.59697257	0.09998312	8.51307552	0.1	0.01	0.01	0.01	1e-05	0.01	0.001	0.05	0.5	1e-04	100	5e-06	0.001
0.467	0.9	0.1	0.1069	0.2	80	65.4	9.1	500	3.5	8.61	0.003304	0.00011002	0.00407215	2	0.15	0.1	0.00114407	0.2	0.00198037	0.45	0.00105786	2	4.5	0.001	0.04381658	0.39	1	0.00023852	0.001	0.00177971	0.07234141	0.59697257	0.09998312	8.51307552	0.1	0.01	0.01	0.01	1e-05	0.01	0.001	0.05	0.5	1e-04	100	5e-06	0.001
0.467	0.9	0.1	0.1069	0.2	80	65.4	9.1	500	3.5	8.61	0.003304	0.00011118	0.00411945	2	0.15	0.1	0.00113108	0.2	0.0017735	0.45	0.00101533	2	4.5	0.001	0.04431289	0.39	1	0.00023852	0.001	0.00177971	0.07234141	0.59697257	0.09998312	8.51307552	0.1	0.01	0.01	0.01	1e-05	0.01	0.001	0.05	0.5	1e-04	100	5e-06	0.001
0.467	0.9	0.1	0.1069	0.2	80	65.4	9.1	500	3.5	8.61	0.003304	0.00011104	0.00412344	2	0.15	0.1	0.00113942	0.2	0.00162751	0.45	0.00102102	2	4.5	0.001	0.0431209	0.39	1	0.00023852	0.001	0.00177971	0.07234141	0.59697257	0.09998312	8.51307552	0.1	0.01	0.01	0.01	1e-05	0.01	0.001	0.05	0.5	1e-04	100	5e-06	0.001
0.467	0.9	0.1	0.1069	0.2	80	65.4	9.1	500	3.5	8.61	0.003304	0.00011067	0.00409478	2	0.15	0.1	0.00113917	0.2	0.00183224	0.45	0.00104992	2	4.5	0.001	0.04398556	0.39	1	0.00023852	0.001	0.00177971	0.07234141	0.59697257	0.09998312	8.51307552	0.1	0.01	0.01	0.01	1e-05	0.01	0.001	0.05	0.5	1e-04	100	5e-06	0.001
0.467	0.9	0.1	0.1069	0.2	80	65.4	9.1	500	3.5	8.61	0.003304	0.00011073	0.00411738	2	0.15	0.1	0.00114156	0.2	0.00156601	0.45	0.00103105	2	4.5	0.001	0.04265208	0.39	1	0.00023852	0.001	0.00177971	0.07234141	0.59697257	0.09998312	8.51307552	0.1	0.01	0.01	0.01	1e-05	0.01	0.001	0.05	0.5	1e-04	100	5e-06	0.001
0.467	0.9	0.1	0.1069	0.2	80	65.4	9.1	500	3.5	8.61	0.003304	0.00011051	0.00407999	2	0.15	0.1	0.00113903	0.2	0.00199932	0.45	0.00101276	2	4.5	0.001	0.04460637	0.39	1	0.00023852	0.001	0.00177971	0.07234141	0.59697257	0.09998312	8.51307552	0.1	0.01	0.01	0.01	1e-05	0.01	0.001	0.05	0.5	1e-04	100	5e-06	0.001
0.467	0.9	0.1	0.1069	0.2	80	65.4	9.1	500	3.5	8.61	0.003304	0.00011076	0.00409503	2	0.15	0.1	0.00113883	0.2	0.00185851	0.45	0.00104502	2	4.5	0.001	0.0441769	0.39	1	0.00023852	0.001	0.00177971	0.07234141	0.59697257	0.09998312	8.51307552	0.1	0.01	0.01	0.01	1e-05	0.01	0.001	0.05	0.5	1e-04	100	5e-06	0.001
0.467	0.9	0.1	0.1069	0.2	80	65.4	9.1	500	3.5	8.61	0.003304	0.00011095	0.00410702	2	0.15	0.1	0.00113798	0.2	0.00175271	0.45	0.00103622	2	4.5	0.001	0.04389335	0.39	1	0.00023852	0.001	0.00177971	0.07234141	0.59697257	0.09998312	8.51307552	0.1	0.01	0.01	0.01	1e-05	0.01	0.001	0.05	0.5	1e-04	100	5e-06	0.001
0.467	0.9	0.1	0.1069	0.2	80	65.4	9.1	500	3.5	8.61	0.003304	0.00010994	0.00410191	2	0.15	0.1	0.00114462	0.2	0.00170595	0.45	0.00104908	2	4.5	0.001	0.04231584	0.39	1	0.00023852	0.001	0.00177971	0.07234141	0.59697257	0.09998312	8.51307552	0.1	0.01	0.01	0.01	1e-05	0.01	0.001	0.05	0.5	1e-04	100	5e-06	0.001
0.467	0.9	0.1	0.1069	0.2	80	65.4	9.1	500	3.5	8.61	0.003304	0.00010976	0.00409408	2	0.15	0.1	0.00114235	0.2	0.0018339	0.45	0.00106364	2	4.5	0.001	0.04274012	0.39	1	0.00023852	0.001	0.00177971	0.07234141	0.59697257	0.09998312	8.51307552	0.1	0.01	0.01	0.01	1e-05	0.01	0.001	0.05	0.5	1e-04	100	5e-06	0.001
0.467	0.9	0.1	0.1069	0.2	80	65.4	9.1	500	3.5	8.61	0.003304	0.00010981	0.00409326	2	0.15	0.1	0.0011423	0.2	0.00184503	0.45	0.00104723	2	4.5	0.001	0.04284573	0.39	1	0.00023852	0.001	0.00177971	0.07234141	0.59697257	0.09998312	8.51307552	0.1	0.01	0.01	0.01	1e-05	0.01	0.001	0.05	0.5	1e-04	100	5e-06	0.001
0.467	0.9	0.1	0.1069	0.2	80	65.4	9.1	500	3.5	8.61	0.003304	0.00010952	0.00407805	2	0.15	0.1	0.00114903	0.2	0.00180593	0.45	0.0010892	2	4.5	0.001	0.04239866	0.39	1	0.00023852	0.001	0.00177971	0.07234141	0.59697257	0.09998312	8.51307552	0.1	0.01	0.01	0.01	1e-05	0.01	0.001	0.05	0.5	1e-04	100	5e-06	0.001
0.467	0.9	0.1	0.1069	0.2	80	65.4	9.1	500	3.5	8.61	0.003304	0.0001098	0.00408451	2	0.15	0.1	0.00114424	0.2	0.00188162	0.45	0.00107147	2	4.5	0.001	0.04300299	0.39	1	0.00023852	0.001	0.00177971	0.07234141	0.59697257	0.09998312	8.51307552	0.1	0.01	0.01	0.01	1e-05	0.01	0.001	0.05	0.5	1e-04	100	5e-06	0.001
0.467	0.9	0.1	0.1069	0.2	80	65.4	9.1	500	3.5	8.61	0.003304	0.00011035	0.00412181	2	0.15	0.1	0.00114174	0.2	0.00156813	0.45	0.00105092	2	4.5	0.001	0.04212788	0.39	1	0.00023852	0.001	0.00177971	0.07234141	0.59697257	0.09998312	8.51307552	0.1	0.01	0.01	0.01	1e-05	0.01	0.001	0.05	0.5	1e-04	100	5e-06	0.001
0.467	0.9	0.1	0.1069	0.2	80	65.4	9.1	500	3.5	8.61	0.003304	0.0001104	0.00410543	2	0.15	0.1	0.00113879	0.2	0.00177641	0.45	0.00104204	2	4.5	0.001	0.04328652	0.39	1	0.00023852	0.001	0.00177971	0.07234141	0.59697257	0.09998312	8.51307552	0.1	0.01	0.01	0.01	1e-05	0.01	0.001	0.05	0.5	1e-04	100	5e-06	0.001
0.467	0.9	0.1	0.1069	0.2	80	65.4	9.1	500	3.5	8.61	0.003304	0.00011038	0.00410008	2	0.15	0.1	0.0011402	0.2	0.00179575	0.45	0.0010441	2	4.5	0.001	0.04335604	0.39	1	0.00023852	0.001	0.00177971	0.07234141	0.59697257	0.09998312	8.51307552	0.1	0.01	0.01	0.01	1e-05	0.01	0.001	0.05	0.5	1e-04	100	5e-06	0.001
0.467	0.9	0.1	0.1069	0.2	80	65.4	9.1	500	3.5	8.61	0.003304	0.0001101	0.00408746	2	0.15	0.1	0.00114053	0.2	0.001916	0.45	0.00104809	2	4.5	0.001	0.0436194	0.39	1	0.00023852	0.001	0.00177971	0.07234141	0.59697257	0.09998312	8.51307552	0.1	0.01	0.01	0.01	1e-05	0.01	0.001	0.05	0.5	1e-04	100	5e-06	0.001
0.467	0.9	0.1	0.1069	0.2	80	65.4	9.1	500	3.5	8.61	0.003304	0.00011046	0.0041039	2	0.15	0.1	0.00113857	0.2	0.00181152	0.45	0.00105112	2	4.5	0.001	0.04348925	0.39	1	0.00023852	0.001	0.00177971	0.07234141	0.59697257	0.09998312	8.51307552	0.1	0.01	0.01	0.01	1e-05	0.01	0.001	0.05	0.5	1e-04	100	5e-06	0.001
0.467	0.9	0.1	0.1069	0.2	80	65.4	9.1	500	3.5	8.61	0.003304	0.00011036	0.00411843	2	0.15	0.1	0.00114588	0.2	0.00155084	0.45	0.00106165	2	4.5	0.001	0.0419448	0.39	1	0.00023852	0.001	0.00177971	0.07234141	0.59697257	0.09998312	8.51307552	0.1	0.01	0.01	0.01	1e-05	0.01	0.001	0.05	0.5	1e-04	100	5e-06	0.001
0.467	0.9	0.1	0.1069	0.2	80	65.4	9.1	500	3.5	8.61	0.003304	0.00011035	0.00409675	2	0.15	0.1	0.00113777	0.2	0.00185836	0.45	0.00105345	2	4.5	0.001	0.043711	0.39	1	0.00023852	0.001	0.00177971	0.07234141	0.59697257	0.09998312	8.51307552	0.1	0.01	0.01	0.01	1e-05	0.01	0.001	0.05	0.5	1e-04	100	5e-06	0.001
0.467	0.9	0.1	0.1069	0.2	80	65.4	9.1	500	3.5	8.61	0.003304	0.00011041	0.00409881	2	0.15	0.1	0.00113996	0.2	0.00179996	0.45	0.00104976	2	4.5	0.001	0.04345173	0.39	1	0.00023852	0.001	0.00177971	0.07234141	0.59697257	0.09998312	8.51307552	0.1	0.01	0.01	0.01	1e-05	0.01	0.001	0.05	0.5	1e-04	100	5e-06	0.001
0.467	0.9	0.1	0.1069	0.2	80	65.4	9.1	500	3.5	8.61	0.003304	0.00011036	0.00409022	2	0.15	0.1	0.00113991	0.2	0.00189302	0.45	0.00103126	2	4.5	0.001	0.04384034	0.39	1	0.00023852	0.001	0.00177971	0.07234141	0.59697257	0.09998312	8.51307552	0.1	0.01	0.01	0.01	1e-05	0.01	0.001	0.05	0.5	1e-04	100	5e-06	0.001
0.467	0.9	0.1	0.1069	0.2	80	65.4	9.1	500	3.5	8.61	0.003304	0.00011023	0.00409077	2	0.15	0.1	0.00114266	0.2	0.00185482	0.45	0.00106595	2	4.5	0.001	0.04343312	0.39	1	0.00023852	0.001	0.00177971	0.07234141	0.59697257	0.09998312	8.51307552	0.1	0.01	0.01	0.01	1e-05	0.01	0.001	0.05	0.5	1e-04	100	5e-06	0.001
0.467	0.9	0.1	0.1069	0.2	80	65.4	9.1	500	3.5	8.61	0.003304	0.00011017	0.00408414	2	0.15	0.1	0.00114379	0.2	0.00187477	0.45	0.00105779	2	4.5	0.001	0.04346071	0.39	1	0.00023852	0.001	0.00177971	0.07234141	0.59697257	0.09998312	8.51307552	0.1	0.01	0.01	0.01	1e-05	0.01	0.001	0.05	0.5	1e-04	100	5e-06	0.001
0.467	0.9	0.1	0.1069	0.2	80	65.4	9.1	500	3.5	8.61	0.003304	0.00011065	0.00410577	2	0.15	0.1	0.00114122	0.2	0.00173467	0.45	0.00103909	2	4.5	0.001	0.04328498	0.39	1	0.00023852	0.001	0.00177971	0.07234141	0.59697257	0.09998312	8.51307552	0.1	0.01	0.01	0.01	1e-05	0.01	0.001	0.05	0.5	1e-04	100	5e-06	0.001
0.467	0.9	0.1	0.1069	0.2	80	65.4	9.1	500	3.5	8.61	0.003304	0.00011055	0.00409663	2	0.15	0.1	0.00114084	0.2	0.00181695	0.45	0.00104597	2	4.5	0.001	0.04364879	0.39	1	0.00023852	0.001	0.00177971	0.07234141	0.59697257	0.09998312	8.51307552	0.1	0.01	0.01	0.01	1e-05	0.01	0.001	0.05	0.5	1e-04	100	5e-06	0.001
0.467	0.9	0.1	0.1069	0.2	80	65.4	9.1	500	3.5	8.61	0.003304	0.00011058	0.00409841	2	0.15	0.1	0.00114074	0.2	0.00179645	0.45	0.00104758	2	4.5	0.001	0.04359587	0.39	1	0.00023852	0.001	0.00177971	0.07234141	0.59697257	0.09998312	8.51307552	0.1	0.01	0.01	0.01	1e-05	0.01	0.001	0.05	0.5	1e-04	100	5e-06	0.001
0.467	0.9	0.1	0.1069	0.2	80	65.4	9.1	500	3.5	8.61	0.003304	0.00011072	0.00410129	2	0.15	0.1	0.00113597	0.2	0.00187569	0.45	0.00104012	2	4.5	0.001	0.044156	0.39	1	0.00023852	0.001	0.00177971	0.07234141	0.59697257	0.09998312	8.51307552	0.1	0.01	0.01	0.01	1e-05	0.01	0.001	0.05	0.5	1e-04	100	5e-06	0.001
0.467	0.9	0.1	0.1069	0.2	80	65.4	9.1	500	3.5	8.61	0.003304	0.00011027	0.00408319	2	0.15	0.1	0.00114174	0.2	0.00191234	0.45	0.00105752	2	4.5	0.001	0.04382649	0.39	1	0.00023852	0.001	0.00177971	0.07234141	0.59697257	0.09998312	8.51307552	0.1	0.01	0.01	0.01	1e-05	0.01	0.001	0.05	0.5	1e-04	100	5e-06	0.001
0.467	0.9	0.1	0.1069	0.2	80	65.4	9.1	500	3.5	8.61	0.003304	0.00011066	0.00410388	2	0.15	0.1	0.00114017	0.2	0.00174112	0.45	0.00103958	2	4.5	0.001	0.04347844	0.39	1	0.00023852	0.001	0.00177971	0.07234141	0.59697257	0.09998312	8.51307552	0.1	0.01	0.01	0.01	1e-05	0.01	0.001	0.05	0.5	1e-04	100	5e-06	0.001
0.467	0.9	0.1	0.1069	0.2	80	65.4	9.1	500	3.5	8.61	0.003304	0.00011052	0.00409469	2	0.15	0.1	0.00114232	0.2	0.00179432	0.45	0.00105291	2	4.5	0.001	0.04352537	0.39	1	0.00023852	0.001	0.00177971	0.07234141	0.59697257	0.09998312	8.51307552	0.1	0.01	0.01	0.01	1e-05	0.01	0.001	0.05	0.5	1e-04	100	5e-06	0.001
0.467	0.9	0.1	0.1069	0.2	80	65.4	9.1	500	3.5	8.61	0.003304	0.0001105	0.00409247	2	0.15	0.1	0.00114162	0.2	0.00181369	0.45	0.00105309	2	4.5	0.001	0.04368425	0.39	1	0.00023852	0.001	0.00177971	0.07234141	0.59697257	0.09998312	8.51307552	0.1	0.01	0.01	0.01	1e-05	0.01	0.001	0.05	0.5	1e-04	100	5e-06	0.001
0.467	0.9	0.1	0.1069	0.2	80	65.4	9.1	500	3.5	8.61	0.003304	0.00010143	0.00371071	2	0.15	0.1	0.00114102	0.2	0.00183208	0.45	0.00110539	2	4.5	0.001	0.04316824	0.39	1	0.00023852	0.001	0.00177971	0.07234141	0.59697257	0.09998312	8.51307552	0.1	0.01	0.01	0.01	1e-05	0.01	0.001	0.05	0.5	1e-04	100	5e-06	0.001
0.467	0.9	0.1	0.1069	0.2	80	65.4	9.1	500	3.5	8.61	0.003304	0.0001014	0.00371147	2	0.15	0.1	0.00113366	0.2	0.00168724	0.45	0.00109922	2	4.5	0.001	0.04319236	0.39	1	0.00023852	0.001	0.00177971	0.07234141	0.59697257	0.09998312	8.51307552	0.1	0.01	0.01	0.01	1e-05	0.01	0.001	0.05	0.5	1e-04	100	5e-06	0.001
0.467	0.9	0.1	0.1069	0.2	80	65.4	9.1	500	3.5	8.61	0.003304	0.00010111	0.00371566	2	0.15	0.1	0.00114142	0.2	0.00138873	0.45	0.00100381	2	4.5	0.001	0.04139225	0.39	1	0.00023852	0.001	0.00177971	0.07234141	0.59697257	0.09998312	8.51307552	0.1	0.01	0.01	0.01	1e-05	0.01	0.001	0.05	0.5	1e-04	100	5e-06	0.001
0.467	0.9	0.1	0.1069	0.2	80	65.4	9.1	500	3.5	8.61	0.003304	0.00010155	0.00368345	2	0.15	0.1	0.0011462	0.2	0.00189407	0.45	0.00106781	2	4.5	0.001	0.04388474	0.39	1	0.00023852	0.001	0.00177971	0.07234141	0.59697257	0.09998312	8.51307552	0.1	0.01	0.01	0.01	1e-05	0.01	0.001	0.05	0.5	1e-04	100	5e-06	0.001
0.467	0.9	0.1	0.1069	0.2	80	65.4	9.1	500	3.5	8.61	0.003304	0.00010145	0.00371175	2	0.15	0.1	0.00114499	0.2	0.00176735	0.45	0.00110748	2	4.5	0.001	0.04260805	0.39	1	0.00023852	0.001	0.00177971	0.07234141	0.59697257	0.09998312	8.51307552	0.1	0.01	0.01	0.01	1e-05	0.01	0.001	0.05	0.5	1e-04	100	5e-06	0.001
0.467	0.9	0.1	0.1069	0.2	80	65.4	9.1	500	3.5	8.61	0.003304	0.00010143	0.00371367	2	0.15	0.1	0.00114271	0.2	0.00165414	0.45	0.00107578	2	4.5	0.001	0.04252236	0.39	1	0.00023852	0.001	0.00177971	0.07234141	0.59697257	0.09998312	8.51307552	0.1	0.01	0.01	0.01	1e-05	0.01	0.001	0.05	0.5	1e-04	100	5e-06	0.001
0.467	0.9	0.1	0.1069	0.2	80	65.4	9.1	500	3.5	8.61	0.003304	0.00010143	0.00371071	2	0.15	0.1	0.00114102	0.2	0.00183208	0.45	0.00110539	2	4.5	0.001	0.04316824	0.39	1	0.00023852	0.001	0.00177971	0.07234141	0.59697257	0.09998312	8.51307552	0.1	0.01	0.01	0.01	1e-05	0.01	0.001	0.05	0.5	1e-04	100	5e-06	0.001
0.467	0.9	0.1	0.1069	0.2	80	65.4	9.1	500	3.5	8.61	0.003304	0.0001014	0.00371147	2	0.15	0.1	0.00113366	0.2	0.00168724	0.45	0.00109922	2	4.5	0.001	0.04319236	0.39	1	0.00023852	0.001	0.00177971	0.07234141	0.59697257	0.09998312	8.51307552	0.1	0.01	0.01	0.01	1e-05	0.01	0.001	0.05	0.5	1e-04	100	5e-06	0.001
0.467	0.9	0.1	0.1069	0.2	80	65.4	9.1	500	3.5	8.61	0.003304	0.00010132	0.00370589	2	0.15	0.1	0.00113912	0.2	0.00162224	0.45	0.0011014	2	4.5	0.001	0.04275796	0.39	1	0.00023852	0.001	0.00177971	0.07234141	0.59697257	0.09998312	8.51307552	0.1	0.01	0.01	0.01	1e-05	0.01	0.001	0.05	0.5	1e-04	100	5e-06	0.001
0.467	0.9	0.1	0.1069	0.2	80	65.4	9.1	500	3.5	8.61	0.003304	0.00010111	0.00371566	2	0.15	0.1	0.00114142	0.2	0.00138873	0.45	0.00100381	2	4.5	0.001	0.04139225	0.39	1	0.00023852	0.001	0.00177971	0.07234141	0.59697257	0.09998312	8.51307552	0.1	0.01	0.01	0.01	1e-05	0.01	0.001	0.05	0.5	1e-04	100	5e-06	0.001
0.467	0.9	0.1	0.1069	0.2	80	65.4	9.1	500	3.5	8.61	0.003304	0.00010141	0.0036827	2	0.15	0.1	0.00114177	0.2	0.00184793	0.45	0.00106035	2	4.5	0.001	0.04389173	0.39	1	0.00023852	0.001	0.00177971	0.07234141	0.59697257	0.09998312	8.51307552	0.1	0.01	0.01	0.01	1e-05	0.01	0.001	0.05	0.5	1e-04	100	5e-06	0.001
0.467	0.9	0.1	0.1069	0.2	80	65.4	9.1	500	3.5	8.61	0.003304	0.00010155	0.00368345	2	0.15	0.1	0.0011462	0.2	0.00189407	0.45	0.00106781	2	4.5	0.001	0.04388474	0.39	1	0.00023852	0.001	0.00177971	0.07234141	0.59697257	0.09998312	8.51307552	0.1	0.01	0.01	0.01	1e-05	0.01	0.001	0.05	0.5	1e-04	100	5e-06	0.001
0.467	0.9	0.1	0.1069	0.2	80	65.4	9.1	500	3.5	8.61	0.003304	0.0001014	0.00369495	2	0.15	0.1	0.00114689	0.2	0.00217896	0.45	0.00106086	2	4.5	0.001	0.04392229	0.39	1	0.00023852	0.001	0.00177971	0.07234141	0.59697257	0.09998312	8.51307552	0.1	0.01	0.01	0.01	1e-05	0.01	0.001	0.05	0.5	1e-04	100	5e-06	0.001
0.467	0.9	0.1	0.1069	0.2	80	65.4	9.1	500	3.5	8.61	0.003304	0.00010154	0.00367573	2	0.15	0.1	0.00114174	0.2	0.00193517	0.45	0.00107783	2	4.5	0.001	0.04434985	0.39	1	0.00023852	0.001	0.00177971	0.07234141	0.59697257	0.09998312	8.51307552	0.1	0.01	0.01	0.01	1e-05	0.01	0.001	0.05	0.5	1e-04	100	5e-06	0.001
0.467	0.9	0.1	0.1069	0.2	80	65.4	9.1	500	3.5	8.61	0.003304	0.00010156	0.00368093	2	0.15	0.1	0.00114446	0.2	0.00182386	0.45	0.0010801	2	4.5	0.001	0.04401674	0.39	1	0.00023852	0.001	0.00177971	0.07234141	0.59697257	0.09998312	8.51307552	0.1	0.01	0.01	0.01	1e-05	0.01	0.001	0.05	0.5	1e-04	100	5e-06	0.001
0.467	0.9	0.1	0.1069	0.2	80	65.4	9.1	500	3.5	8.61	0.003304	0.00010156	0.00367411	2	0.15	0.1	0.00114022	0.2	0.00201818	0.45	0.00108776	2	4.5	0.001	0.04477877	0.39	1	0.00023852	0.001	0.00177971	0.07234141	0.59697257	0.09998312	8.51307552	0.1	0.01	0.01	0.01	1e-05	0.01	0.001	0.05	0.5	1e-04	100	5e-06	0.001
0.467	0.9	0.1	0.1069	0.2	80	65.4	9.1	500	3.5	8.61	0.003304	0.00010155	0.00368345	2	0.15	0.1	0.0011462	0.2	0.00189407	0.45	0.00106781	2	4.5	0.001	0.04388474	0.39	1	0.00023852	0.001	0.00177971	0.07234141	0.59697257	0.09998312	8.51307552	0.1	0.01	0.01	0.01	1e-05	0.01	0.001	0.05	0.5	1e-04	100	5e-06	0.001
0.467	0.9	0.1	0.1069	0.2	80	65.4	9.1	500	3.5	8.61	0.003304	0.00010059	0.00368392	2	0.15	0.1	0.00115638	0.2	0.00192415	0.45	0.00134038	2	4.5	0.001	0.04204736	0.39	1	0.00023852	0.001	0.00177971	0.07234141	0.59697257	0.09998312	8.51307552	0.1	0.01	0.01	0.01	1e-05	0.01	0.001	0.05	0.5	1e-04	100	5e-06	0.001
0.467	0.9	0.1	0.1069	0.2	80	65.4	9.1	500	3.5	8.61	0.003304	0.00010061	0.00372732	2	0.15	0.1	0.00116544	0.2	0.00171632	0.45	0.00135842	2	4.5	0.001	0.04035914	0.39	1	0.00023852	0.001	0.00177971	0.07234141	0.59697257	0.09998312	8.51307552	0.1	0.01	0.01	0.01	1e-05	0.01	0.001	0.05	0.5	1e-04	100	5e-06	0.001
0.467	0.9	0.1	0.1069	0.2	80	65.4	9.1	500	3.5	8.61	0.003304	0.00010015	0.00366028	2	0.15	0.1	0.00115816	0.2	0.00175646	0.45	0.00125518	2	4.5	0.001	0.04195628	0.39	1	0.00023852	0.001	0.00177971	0.07234141	0.59697257	0.09998312	8.51307552	0.1	0.01	0.01	0.01	1e-05	0.01	0.001	0.05	0.5	1e-04	100	5e-06	0.001
0.467	0.9	0.1	0.1069	0.2	80	65.4	9.1	500	3.5	8.61	0.003304	0.00010032	0.00369935	2	0.15	0.1	0.00116124	0.2	0.00194886	0.45	0.00132368	2	4.5	0.001	0.04140651	0.39	1	0.00023852	0.001	0.00177971	0.07234141	0.59697257	0.09998312	8.51307552	0.1	0.01	0.01	0.01	1e-05	0.01	0.001	0.05	0.5	1e-04	100	5e-06	0.001
0.467	0.9	0.1	0.1069	0.2	80	65.4	9.1	500	3.5	8.61	0.003304	0.00010052	0.00380822	2	0.15	0.1	0.00117574	0.2	0.00186233	0.45	0.00147704	2	4.5	0.001	0.03777881	0.39	1	0.00023852	0.001	0.00177971	0.07234141	0.59697257	0.09998312	8.51307552	0.1	0.01	0.01	0.01	1e-05	0.01	0.001	0.05	0.5	1e-04	100	5e-06	0.001
0.467	0.9	0.1	0.1069	0.2	80	65.4	9.1	500	3.5	8.61	0.003304	0.00010217	0.00377463	2	0.15	0.1	0.0011711	0.2	0.00188549	0.45	0.001322	2	4.5	0.001	0.04093847	0.39	1	0.00023852	0.001	0.00177971	0.07234141	0.59697257	0.09998312	8.51307552	0.1	0.01	0.01	0.01	1e-05	0.01	0.001	0.05	0.5	1e-04	100	5e-06	0.001
0.467	0.9	0.1	0.1069	0.2	80	65.4	9.1	500	3.5	8.61	0.003304	0.00010059	0.00368392	2	0.15	0.1	0.00115638	0.2	0.00192415	0.45	0.00134038	2	4.5	0.001	0.04204736	0.39	1	0.00023852	0.001	0.00177971	0.07234141	0.59697257	0.09998312	8.51307552	0.1	0.01	0.01	0.01	1e-05	0.01	0.001	0.05	0.5	1e-04	100	5e-06	0.001
0.467	0.9	0.1	0.1069	0.2	80	65.4	9.1	500	3.5	8.61	0.003304	0.0001009	0.00378473	2	0.15	0.1	0.0011737	0.2	0.00181281	0.45	0.00137394	2	4.5	0.001	0.03885159	0.39	1	0.00023852	0.001	0.00177971	0.07234141	0.59697257	0.09998312	8.51307552	0.1	0.01	0.01	0.01	1e-05	0.01	0.001	0.05	0.5	1e-04	100	5e-06	0.001
0.467	0.9	0.1	0.1069	0.2	80	65.4	9.1	500	3.5	8.61	0.003304	0.00010061	0.00372732	2	0.15	0.1	0.00116544	0.2	0.00171632	0.45	0.00135842	2	4.5	0.001	0.04035914	0.39	1	0.00023852	0.001	0.00177971	0.07234141	0.59697257	0.09998312	8.51307552	0.1	0.01	0.01	0.01	1e-05	0.01	0.001	0.05	0.5	1e-04	100	5e-06	0.001
0.467	0.9	0.1	0.1069	0.2	80	65.4	9.1	500	3.5	8.61	0.003304	0.00010062	0.00378306	2	0.15	0.1	0.00115317	0.2	0.00197513	0.45	0.00130341	2	4.5	0.001	0.03980189	0.39	1	0.00023852	0.001	0.00177971	0.07234141	0.59697257	0.09998312	8.51307552	0.1	0.01	0.01	0.01	1e-05	0.01	0.001	0.05	0.5	1e-04	100	5e-06	0.001
0.467	0.9	0.1	0.1069	0.2	80	65.4	9.1	500	3.5	8.61	0.003304	0.0001015	0.00376167	2	0.15	0.1	0.00116675	0.2	0.00181761	0.45	0.00131056	2	4.5	0.001	0.04056459	0.39	1	0.00023852	0.001	0.00177971	0.07234141	0.59697257	0.09998312	8.51307552	0.1	0.01	0.01	0.01	1e-05	0.01	0.001	0.05	0.5	1e-04	100	5e-06	0.001
0.467	0.9	0.1	0.1069	0.2	80	65.4	9.1	500	3.5	8.61	0.003304	0.00010066	0.00373203	2	0.15	0.1	0.00116416	0.2	0.00181822	0.45	0.00138715	2	4.5	0.001	0.04054332	0.39	1	0.00023852	0.001	0.00177971	0.07234141	0.59697257	0.09998312	8.51307552	0.1	0.01	0.01	0.01	1e-05	0.01	0.001	0.05	0.5	1e-04	100	5e-06	0.001
0.467	0.9	0.1	0.1069	0.2	80	65.4	9.1	500	3.5	8.61	0.003304	0.00010093	0.00372635	2	0.15	0.1	0.00116752	0.2	0.00179638	0.45	0.0013511	2	4.5	0.001	0.0407132	0.39	1	0.00023852	0.001	0.00177971	0.07234141	0.59697257	0.09998312	8.51307552	0.1	0.01	0.01	0.01	1e-05	0.01	0.001	0.05	0.5	1e-04	100	5e-06	0.001
0.467	0.9	0.1	0.1069	0.2	80	65.4	9.1	500	3.5	8.61	0.003304	0.0001008	0.00374271	2	0.15	0.1	0.00116447	0.2	0.00183489	0.45	0.00140568	2	4.5	0.001	0.04050369	0.39	1	0.00023852	0.001	0.00177971	0.07234141	0.59697257	0.09998312	8.51307552	0.1	0.01	0.01	0.01	1e-05	0.01	0.001	0.05	0.5	1e-04	100	5e-06	0.001
0.467	0.9	0.1	0.1069	0.2	80	65.4	9.1	500	3.5	8.61	0.003304	0.00010154	0.0037276	2	0.15	0.1	0.00115054	0.2	0.00162153	0.45	0.00126263	2	4.5	0.001	0.04186932	0.39	1	0.00023852	0.001	0.00177971	0.07234141	0.59697257	0.09998312	8.51307552	0.1	0.01	0.01	0.01	1e-05	0.01	0.001	0.05	0.5	1e-04	100	5e-06	0.001
0.467	0.9	0.1	0.1069	0.2	80	65.4	9.1	500	3.5	8.61	0.003304	0.00010015	0.00366028	2	0.15	0.1	0.00115816	0.2	0.00175646	0.45	0.00125518	2	4.5	0.001	0.04195628	0.39	1	0.00023852	0.001	0.00177971	0.07234141	0.59697257	0.09998312	8.51307552	0.1	0.01	0.01	0.01	1e-05	0.01	0.001	0.05	0.5	1e-04	100	5e-06	0.001
0.467	0.9	0.1	0.1069	0.2	80	65.4	9.1	500	3.5	8.61	0.003304	0.00010032	0.00369935	2	0.15	0.1	0.00116124	0.2	0.00194886	0.45	0.00132368	2	4.5	0.001	0.04140651	0.39	1	0.00023852	0.001	0.00177971	0.07234141	0.59697257	0.09998312	8.51307552	0.1	0.01	0.01	0.01	1e-05	0.01	0.001	0.05	0.5	1e-04	100	5e-06	0.001
0.467	0.9	0.1	0.1069	0.2	80	65.4	9.1	500	3.5	8.61	0.003304	0.00010052	0.00380822	2	0.15	0.1	0.00117574	0.2	0.00186233	0.45	0.00147704	2	4.5	0.001	0.03777881	0.39	1	0.00023852	0.001	0.00177971	0.07234141	0.59697257	0.09998312	8.51307552	0.1	0.01	0.01	0.01	1e-05	0.01	0.001	0.05	0.5	1e-04	100	5e-06	0.001
0.467	0.9	0.1	0.1069	0.2	80	65.4	9.1	500	3.5	8.61	0.003304	0.00010059	0.00368392	2	0.15	0.1	0.00115638	0.2	0.00192415	0.45	0.00134038	2	4.5	0.001	0.04204736	0.39	1	0.00023852	0.001	0.00177971	0.07234141	0.59697257	0.09998312	8.51307552	0.1	0.01	0.01	0.01	1e-05	0.01	0.001	0.05	0.5	1e-04	100	5e-06	0.001
0.467	0.9	0.1	0.1069	0.2	80	65.4	9.1	500	3.5	8.61	0.003304	0.00010084	0.00372002	2	0.15	0.1	0.00115887	0.2	0.00155267	0.45	0.00143462	2	4.5	0.001	0.04090685	0.39	1	0.00023852	0.001	0.00177971	0.07234141	0.59697257	0.09998312	8.51307552	0.1	0.01	0.01	0.01	1e-05	0.01	0.001	0.05	0.5	1e-04	100	5e-06	0.001
0.467	0.9	0.1	0.1069	0.2	80	65.4	9.1	500	3.5	8.61	0.003304	0.00010109	0.00371436	2	0.15	0.1	0.00116699	0.2	0.00186866	0.45	0.00137242	2	4.5	0.001	0.04132941	0.39	1	0.00023852	0.001	0.00177971	0.07234141	0.59697257	0.09998312	8.51307552	0.1	0.01	0.01	0.01	1e-05	0.01	0.001	0.05	0.5	1e-04	100	5e-06	0.001
0.467	0.9	0.1	0.1069	0.2	80	65.4	9.1	500	3.5	8.61	0.003304	0.00010075	0.00374016	2	0.15	0.1	0.00116255	0.2	0.00174317	0.45	0.00133891	2	4.5	0.001	0.0402776	0.39	1	0.00023852	0.001	0.00177971	0.07234141	0.59697257	0.09998312	8.51307552	0.1	0.01	0.01	0.01	1e-05	0.01	0.001	0.05	0.5	1e-04	100	5e-06	0.001
0.467	0.9	0.1	0.1069	0.2	80	65.4	9.1	500	3.5	8.61	0.003304	0.00010076	0.00374377	2	0.15	0.1	0.00116486	0.2	0.00172886	0.45	0.00136075	2	4.5	0.001	0.04008663	0.39	1	0.00023852	0.001	0.00177971	0.07234141	0.59697257	0.09998312	8.51307552	0.1	0.01	0.01	0.01	1e-05	0.01	0.001	0.05	0.5	1e-04	100	5e-06	0.001
0.467	0.9	0.1	0.1069	0.2	80	65.4	9.1	500	3.5	8.61	0.003304	0.00010062	0.00378306	2	0.15	0.1	0.00115317	0.2	0.00197513	0.45	0.00130341	2	4.5	0.001	0.03980189	0.39	1	0.00023852	0.001	0.00177971	0.07234141	0.59697257	0.09998312	8.51307552	0.1	0.01	0.01	0.01	1e-05	0.01	0.001	0.05	0.5	1e-04	100	5e-06	0.001
0.467	0.9	0.1	0.1069	0.2	80	65.4	9.1	500	3.5	8.61	0.003304	0.0001015	0.00376167	2	0.15	0.1	0.00116675	0.2	0.00181761	0.45	0.00131056	2	4.5	0.001	0.04056459	0.39	1	0.00023852	0.001	0.00177971	0.07234141	0.59697257	0.09998312	8.51307552	0.1	0.01	0.01	0.01	1e-05	0.01	0.001	0.05	0.5	1e-04	100	5e-06	0.001
0.467	0.9	0.1	0.1069	0.2	80	65.4	9.1	500	3.5	8.61	0.003304	0.00010015	0.00366028	2	0.15	0.1	0.00115816	0.2	0.00175646	0.45	0.00125518	2	4.5	0.001	0.04195628	0.39	1	0.00023852	0.001	0.00177971	0.07234141	0.59697257	0.09998312	8.51307552	0.1	0.01	0.01	0.01	1e-05	0.01	0.001	0.05	0.5	1e-04	100	5e-06	0.001
0.467	0.9	0.1	0.1069	0.2	80	65.4	9.1	500	3.5	8.61	0.003304	0.00010217	0.00381273	2	0.15	0.1	0.00118323	0.2	0.00170929	0.45	0.00153983	2	4.5	0.001	0.03899516	0.39	1	0.00023852	0.001	0.00177971	0.07234141	0.59697257	0.09998312	8.51307552	0.1	0.01	0.01	0.01	1e-05	0.01	0.001	0.05	0.5	1e-04	100	5e-06	0.001
0.467	0.9	0.1	0.1069	0.2	80	65.4	9.1	500	3.5	8.61	0.003304	0.0001015	0.00376167	2	0.15	0.1	0.00116675	0.2	0.00181761	0.45	0.00131056	2	4.5	0.001	0.04056459	0.39	1	0.00023852	0.001	0.00177971	0.07234141	0.59697257	0.09998312	8.51307552	0.1	0.01	0.01	0.01	1e-05	0.01	0.001	0.05	0.5	1e-04	100	5e-06	0.001
0.468	0.9	0.1	0.1069	0.2	80	65.4	9.1	500	3.5	8.61	0.003304	0.00011168	0.00410255	2	0.15	0.1	0.00113357	0.2	0.00181778	0.45	0.00100111	2	4.5	0.001	0.04529277	0.39	1	0.00023852	0.001	0.00177971	0.07234141	0.59697257	0.09998312	8.51307552	0.1	0.01	0.01	0.01	1e-05	0.01	0.001	0.05	0.5	1e-04	100	5e-06	0.001
0.468	0.9	0.1	0.1069	0.2	80	65.4	9.1	500	3.5	8.61	0.003304	0.00011178	0.00411547	2	0.15	0.1	0.00113496	0.2	0.00169493	0.45	0.00104732	2	4.5	0.001	0.04465495	0.39	1	0.00023852	0.001	0.00177971	0.07234141	0.59697257	0.09998312	8.51307552	0.1	0.01	0.01	0.01	1e-05	0.01	0.001	0.05	0.5	1e-04	100	5e-06	0.001
0.468	0.9	0.1	0.1069	0.2	80	65.4	9.1	500	3.5	8.61	0.003304	0.00011155	0.00410541	2	0.15	0.1	0.00113014	0.2	0.00193336	0.45	0.00100407	2	4.5	0.001	0.04551972	0.39	1	0.00023852	0.001	0.00177971	0.07234141	0.59697257	0.09998312	8.51307552	0.1	0.01	0.01	0.01	1e-05	0.01	0.001	0.05	0.5	1e-04	100	5e-06	0.001
0.468	0.9	0.1	0.1069	0.2	80	65.4	9.1	500	3.5	8.61	0.003304	0.000111	0.00410179	2	0.15	0.1	0.00114105	0.2	0.00169137	0.45	0.00103771	2	4.5	0.001	0.04378626	0.39	1	0.00023852	0.001	0.00177971	0.07234141	0.59697257	0.09998312	8.51307552	0.1	0.01	0.01	0.01	1e-05	0.01	0.001	0.05	0.5	1e-04	100	5e-06	0.001
0.468	0.9	0.1	0.1069	0.2	80	65.4	9.1	500	3.5	8.61	0.003304	0.00011128	0.00410796	2	0.15	0.1	0.00113746	0.2	0.00174398	0.45	0.00104093	2	4.5	0.001	0.0443186	0.39	1	0.00023852	0.001	0.00177971	0.07234141	0.59697257	0.09998312	8.51307552	0.1	0.01	0.01	0.01	1e-05	0.01	0.001	0.05	0.5	1e-04	100	5e-06	0.001
0.468	0.9	0.1	0.1069	0.2	80	65.4	9.1	500	3.5	8.61	0.003304	0.00011097	0.00407091	2	0.15	0.1	0.00113537	0.2	0.00217745	0.45	0.00101206	2	4.5	0.001	0.04602542	0.39	1	0.00023852	0.001	0.00177971	0.07234141	0.59697257	0.09998312	8.51307552	0.1	0.01	0.01	0.01	1e-05	0.01	0.001	0.05	0.5	1e-04	100	5e-06	0.001
0.468	0.9	0.1	0.1069	0.2	80	65.4	9.1	500	3.5	8.61	0.003304	0.00011168	0.00410255	2	0.15	0.1	0.00113357	0.2	0.00181778	0.45	0.00100111	2	4.5	0.001	0.04529277	0.39	1	0.00023852	0.001	0.00177971	0.07234141	0.59697257	0.09998312	8.51307552	0.1	0.01	0.01	0.01	1e-05	0.01	0.001	0.05	0.5	1e-04	100	5e-06	0.001
0.468	0.9	0.1	0.1069	0.2	80	65.4	9.1	500	3.5	8.61	0.003304	0.00011172	0.00409588	2	0.15	0.1	0.00112765	0.2	0.00209146	0.45	0.00103388	2	4.5	0.001	0.04655131	0.39	1	0.00023852	0.001	0.00177971	0.07234141	0.59697257	0.09998312	8.51307552	0.1	0.01	0.01	0.01	1e-05	0.01	0.001	0.05	0.5	1e-04	100	5e-06	0.001
0.468	0.9	0.1	0.1069	0.2	80	65.4	9.1	500	3.5	8.61	0.003304	0.00011178	0.00411547	2	0.15	0.1	0.00113496	0.2	0.00169493	0.45	0.00104732	2	4.5	0.001	0.04465495	0.39	1	0.00023852	0.001	0.00177971	0.07234141	0.59697257	0.09998312	8.51307552	0.1	0.01	0.01	0.01	1e-05	0.01	0.001	0.05	0.5	1e-04	100	5e-06	0.001
0.468	0.9	0.1	0.1069	0.2	80	65.4	9.1	500	3.5	8.61	0.003304	0.00011194	0.00409269	2	0.15	0.1	0.00113303	0.2	0.00196594	0.45	0.00102205	2	4.5	0.001	0.04628481	0.39	1	0.00023852	0.001	0.00177971	0.07234141	0.59697257	0.09998312	8.51307552	0.1	0.01	0.01	0.01	1e-05	0.01	0.001	0.05	0.5	1e-04	100	5e-06	0.001
0.468	0.9	0.1	0.1069	0.2	80	65.4	9.1	500	3.5	8.61	0.003304	0.0001117	0.00408104	2	0.15	0.1	0.00113674	0.2	0.00197816	0.45	0.00104039	2	4.5	0.001	0.04605994	0.39	1	0.00023852	0.001	0.00177971	0.07234141	0.59697257	0.09998312	8.51307552	0.1	0.01	0.01	0.01	1e-05	0.01	0.001	0.05	0.5	1e-04	100	5e-06	0.001
0.468	0.9	0.1	0.1069	0.2	80	65.4	9.1	500	3.5	8.61	0.003304	0.00011102	0.00409239	2	0.15	0.1	0.00113249	0.2	0.00196551	0.45	0.00100819	2	4.5	0.001	0.04516071	0.39	1	0.00023852	0.001	0.00177971	0.07234141	0.59697257	0.09998312	8.51307552	0.1	0.01	0.01	0.01	1e-05	0.01	0.001	0.05	0.5	1e-04	100	5e-06	0.001
0.468	0.9	0.1	0.1069	0.2	80	65.4	9.1	500	3.5	8.61	0.003304	0.00011004	0.00406567	2	0.15	0.1	0.00114197	0.2	0.0020603	0.45	0.00106767	2	4.5	0.001	0.04435062	0.39	1	0.00023852	0.001	0.00177971	0.07234141	0.59697257	0.09998312	8.51307552	0.1	0.01	0.01	0.01	1e-05	0.01	0.001	0.05	0.5	1e-04	100	5e-06	0.001
0.468	0.9	0.1	0.1069	0.2	80	65.4	9.1	500	3.5	8.61	0.003304	0.00011113	0.00413429	2	0.15	0.1	0.00113605	0.2	0.00153849	0.45	0.00105718	2	4.5	0.001	0.04296525	0.39	1	0.00023852	0.001	0.00177971	0.07234141	0.59697257	0.09998312	8.51307552	0.1	0.01	0.01	0.01	1e-05	0.01	0.001	0.05	0.5	1e-04	100	5e-06	0.001
0.468	0.9	0.1	0.1069	0.2	80	65.4	9.1	500	3.5	8.61	0.003304	0.00011103	0.00409441	2	0.15	0.1	0.00113849	0.2	0.0018659	0.45	0.00103913	2	4.5	0.001	0.04456746	0.39	1	0.00023852	0.001	0.00177971	0.07234141	0.59697257	0.09998312	8.51307552	0.1	0.01	0.01	0.01	1e-05	0.01	0.001	0.05	0.5	1e-04	100	5e-06	0.001
0.468	0.9	0.1	0.1069	0.2	80	65.4	9.1	500	3.5	8.61	0.003304	0.00011109	0.00409551	2	0.15	0.1	0.00113874	0.2	0.0018452	0.45	0.00104481	2	4.5	0.001	0.04454278	0.39	1	0.00023852	0.001	0.00177971	0.07234141	0.59697257	0.09998312	8.51307552	0.1	0.01	0.01	0.01	1e-05	0.01	0.001	0.05	0.5	1e-04	100	5e-06	0.001
0.468	0.9	0.1	0.1069	0.2	80	65.4	9.1	500	3.5	8.61	0.003304	0.00011155	0.00410541	2	0.15	0.1	0.00113014	0.2	0.00193336	0.45	0.00100407	2	4.5	0.001	0.04551972	0.39	1	0.00023852	0.001	0.00177971	0.07234141	0.59697257	0.09998312	8.51307552	0.1	0.01	0.01	0.01	1e-05	0.01	0.001	0.05	0.5	1e-04	100	5e-06	0.001
0.468	0.9	0.1	0.1069	0.2	80	65.4	9.1	500	3.5	8.61	0.003304	0.000111	0.00410179	2	0.15	0.1	0.00114105	0.2	0.00169137	0.45	0.00103771	2	4.5	0.001	0.04378626	0.39	1	0.00023852	0.001	0.00177971	0.07234141	0.59697257	0.09998312	8.51307552	0.1	0.01	0.01	0.01	1e-05	0.01	0.001	0.05	0.5	1e-04	100	5e-06	0.001
0.468	0.9	0.1	0.1069	0.2	80	65.4	9.1	500	3.5	8.61	0.003304	0.00011161	0.0041211	2	0.15	0.1	0.00113139	0.2	0.00173641	0.45	0.00101964	2	4.5	0.001	0.04466714	0.39	1	0.00023852	0.001	0.00177971	0.07234141	0.59697257	0.09998312	8.51307552	0.1	0.01	0.01	0.01	1e-05	0.01	0.001	0.05	0.5	1e-04	100	5e-06	0.001
0.468	0.9	0.1	0.1069	0.2	80	65.4	9.1	500	3.5	8.61	0.003304	0.00011128	0.00410796	2	0.15	0.1	0.00113746	0.2	0.00174398	0.45	0.00104093	2	4.5	0.001	0.0443186	0.39	1	0.00023852	0.001	0.00177971	0.07234141	0.59697257	0.09998312	8.51307552	0.1	0.01	0.01	0.01	1e-05	0.01	0.001	0.05	0.5	1e-04	100	5e-06	0.001
0.468	0.9	0.1	0.1069	0.2	80	65.4	9.1	500	3.5	8.61	0.003304	0.0001114	0.00409255	2	0.15	0.1	0.00113512	0.2	0.00194184	0.45	0.00102984	2	4.5	0.001	0.04543786	0.39	1	0.00023852	0.001	0.00177971	0.07234141	0.59697257	0.09998312	8.51307552	0.1	0.01	0.01	0.01	1e-05	0.01	0.001	0.05	0.5	1e-04	100	5e-06	0.001
0.468	0.9	0.1	0.1069	0.2	80	65.4	9.1	500	3.5	8.61	0.003304	0.00011159	0.00410603	2	0.15	0.1	0.00113385	0.2	0.00182281	0.45	0.00102388	2	4.5	0.001	0.0451052	0.39	1	0.00023852	0.001	0.00177971	0.07234141	0.59697257	0.09998312	8.51307552	0.1	0.01	0.01	0.01	1e-05	0.01	0.001	0.05	0.5	1e-04	100	5e-06	0.001
0.468	0.9	0.1	0.1069	0.2	80	65.4	9.1	500	3.5	8.61	0.003304	0.00011136	0.0040903	2	0.15	0.1	0.00113973	0.2	0.00189851	0.45	0.0010467	2	4.5	0.001	0.04500711	0.39	1	0.00023852	0.001	0.00177971	0.07234141	0.59697257	0.09998312	8.51307552	0.1	0.01	0.01	0.01	1e-05	0.01	0.001	0.05	0.5	1e-04	100	5e-06	0.001
0.468	0.9	0.1	0.1069	0.2	80	65.4	9.1	500	3.5	8.61	0.003304	0.00011097	0.00407091	2	0.15	0.1	0.00113537	0.2	0.00217745	0.45	0.00101206	2	4.5	0.001	0.04602542	0.39	1	0.00023852	0.001	0.00177971	0.07234141	0.59697257	0.09998312	8.51307552	0.1	0.01	0.01	0.01	1e-05	0.01	0.001	0.05	0.5	1e-04	100	5e-06	0.001
0.468	0.9	0.1	0.1069	0.2	80	65.4	9.1	500	3.5	8.61	0.003304	0.00011168	0.00410255	2	0.15	0.1	0.00113357	0.2	0.00181778	0.45	0.00100111	2	4.5	0.001	0.04529277	0.39	1	0.00023852	0.001	0.00177971	0.07234141	0.59697257	0.09998312	8.51307552	0.1	0.01	0.01	0.01	1e-05	0.01	0.001	0.05	0.5	1e-04	100	5e-06	0.001
0.468	0.9	0.1	0.1069	0.2	80	65.4	9.1	500	3.5	8.61	0.003304	0.00011161	0.00409811	2	0.15	0.1	0.00113508	0.2	0.00186684	0.45	0.00103412	2	4.5	0.001	0.04535372	0.39	1	0.00023852	0.001	0.00177971	0.07234141	0.59697257	0.09998312	8.51307552	0.1	0.01	0.01	0.01	1e-05	0.01	0.001	0.05	0.5	1e-04	100	5e-06	0.001
0.468	0.9	0.1	0.1069	0.2	80	65.4	9.1	500	3.5	8.61	0.003304	0.00011172	0.00409588	2	0.15	0.1	0.00112765	0.2	0.00209146	0.45	0.00103388	2	4.5	0.001	0.04655131	0.39	1	0.00023852	0.001	0.00177971	0.07234141	0.59697257	0.09998312	8.51307552	0.1	0.01	0.01	0.01	1e-05	0.01	0.001	0.05	0.5	1e-04	100	5e-06	0.001
0.468	0.9	0.1	0.1069	0.2	80	65.4	9.1	500	3.5	8.61	0.003304	0.00011178	0.00411547	2	0.15	0.1	0.00113496	0.2	0.00169493	0.45	0.00104732	2	4.5	0.001	0.04465495	0.39	1	0.00023852	0.001	0.00177971	0.07234141	0.59697257	0.09998312	8.51307552	0.1	0.01	0.01	0.01	1e-05	0.01	0.001	0.05	0.5	1e-04	100	5e-06	0.001
0.468	0.9	0.1	0.1069	0.2	80	65.4	9.1	500	3.5	8.61	0.003304	0.00011004	0.00406567	2	0.15	0.1	0.00114197	0.2	0.0020603	0.45	0.00106767	2	4.5	0.001	0.04435062	0.39	1	0.00023852	0.001	0.00177971	0.07234141	0.59697257	0.09998312	8.51307552	0.1	0.01	0.01	0.01	1e-05	0.01	0.001	0.05	0.5	1e-04	100	5e-06	0.001
0.468	0.9	0.1	0.1069	0.2	80	65.4	9.1	500	3.5	8.61	0.003304	0.00011096	0.00410123	2	0.15	0.1	0.0011379	0.2	0.00180908	0.45	0.00104196	2	4.5	0.001	0.04419675	0.39	1	0.00023852	0.001	0.00177971	0.07234141	0.59697257	0.09998312	8.51307552	0.1	0.01	0.01	0.01	1e-05	0.01	0.001	0.05	0.5	1e-04	100	5e-06	0.001
0.468	0.9	0.1	0.1069	0.2	80	65.4	9.1	500	3.5	8.61	0.003304	0.00011102	0.00408898	2	0.15	0.1	0.00113643	0.2	0.00196374	0.45	0.00102753	2	4.5	0.001	0.04504847	0.39	1	0.00023852	0.001	0.00177971	0.07234141	0.59697257	0.09998312	8.51307552	0.1	0.01	0.01	0.01	1e-05	0.01	0.001	0.05	0.5	1e-04	100	5e-06	0.001
0.468	0.9	0.1	0.1069	0.2	80	65.4	9.1	500	3.5	8.61	0.003304	0.00011119	0.00409522	2	0.15	0.1	0.00113755	0.2	0.00188273	0.45	0.00103966	2	4.5	0.001	0.04478717	0.39	1	0.00023852	0.001	0.00177971	0.07234141	0.59697257	0.09998312	8.51307552	0.1	0.01	0.01	0.01	1e-05	0.01	0.001	0.05	0.5	1e-04	100	5e-06	0.001
0.468	0.9	0.1	0.1069	0.2	80	65.4	9.1	500	3.5	8.61	0.003304	0.00011109	0.0040901	2	0.15	0.1	0.00113819	0.2	0.00189199	0.45	0.00104103	2	4.5	0.001	0.04483097	0.39	1	0.00023852	0.001	0.00177971	0.07234141	0.59697257	0.09998312	8.51307552	0.1	0.01	0.01	0.01	1e-05	0.01	0.001	0.05	0.5	1e-04	100	5e-06	0.001
0.468	0.9	0.1	0.1069	0.2	80	65.4	9.1	500	3.5	8.61	0.003304	0.00011135	0.00410764	2	0.15	0.1	0.0011363	0.2	0.0017601	0.45	0.00103972	2	4.5	0.001	0.04444165	0.39	1	0.00023852	0.001	0.00177971	0.07234141	0.59697257	0.09998312	8.51307552	0.1	0.01	0.01	0.01	1e-05	0.01	0.001	0.05	0.5	1e-04	100	5e-06	0.001
0.468	0.9	0.1	0.1069	0.2	80	65.4	9.1	500	3.5	8.61	0.003304	0.00011114	0.00408586	2	0.15	0.1	0.00114007	0.2	0.00190546	0.45	0.0010504	2	4.5	0.001	0.04490535	0.39	1	0.00023852	0.001	0.00177971	0.07234141	0.59697257	0.09998312	8.51307552	0.1	0.01	0.01	0.01	1e-05	0.01	0.001	0.05	0.5	1e-04	100	5e-06	0.001
0.468	0.9	0.1	0.1069	0.2	80	65.4	9.1	500	3.5	8.61	0.003304	0.00011119	0.00409522	2	0.15	0.1	0.00113755	0.2	0.00188273	0.45	0.00103966	2	4.5	0.001	0.04478717	0.39	1	0.00023852	0.001	0.00177971	0.07234141	0.59697257	0.09998312	8.51307552	0.1	0.01	0.01	0.01	1e-05	0.01	0.001	0.05	0.5	1e-04	100	5e-06	0.001
0.468	0.9	0.1	0.1069	0.2	80	65.4	9.1	500	3.5	8.61	0.003304	0.00011113	0.00408598	2	0.15	0.1	0.00114008	0.2	0.00189716	0.45	0.0010503	2	4.5	0.001	0.04484572	0.39	1	0.00023852	0.001	0.00177971	0.07234141	0.59697257	0.09998312	8.51307552	0.1	0.01	0.01	0.01	1e-05	0.01	0.001	0.05	0.5	1e-04	100	5e-06	0.001
0.468	0.9	0.1	0.1069	0.2	80	65.4	9.1	500	3.5	8.61	0.003304	0.00010164	0.00367759	2	0.15	0.1	0.00114487	0.2	0.00196169	0.45	0.00114256	2	4.5	0.001	0.0441535	0.39	1	0.00023852	0.001	0.00177971	0.07234141	0.59697257	0.09998312	8.51307552	0.1	0.01	0.01	0.01	1e-05	0.01	0.001	0.05	0.5	1e-04	100	5e-06	0.001
0.468	0.9	0.1	0.1069	0.2	80	65.4	9.1	500	3.5	8.61	0.003304	0.00010164	0.00365814	2	0.15	0.1	0.00114487	0.2	0.00187873	0.45	0.00114256	2	4.5	0.001	0.04493302	0.39	1	0.00023852	0.001	0.00177971	0.07234141	0.59697257	0.09998312	8.51307552	0.1	0.01	0.01	0.01	1e-05	0.01	0.001	0.05	0.5	1e-04	100	5e-06	0.001
0.468	0.9	0.1	0.1069	0.2	80	65.4	9.1	500	3.5	8.61	0.003304	0.00010164	0.00367759	2	0.15	0.1	0.00114487	0.2	0.00196169	0.45	0.00114256	2	4.5	0.001	0.0441535	0.39	1	0.00023852	0.001	0.00177971	0.07234141	0.59697257	0.09998312	8.51307552	0.1	0.01	0.01	0.01	1e-05	0.01	0.001	0.05	0.5	1e-04	100	5e-06	0.001
0.468	0.9	0.1	0.1069	0.2	80	65.4	9.1	500	3.5	8.61	0.003304	0.00010152	0.00364967	2	0.15	0.1	0.00114379	0.2	0.00196103	0.45	0.00103157	2	4.5	0.001	0.04506739	0.39	1	0.00023852	0.001	0.00177971	0.07234141	0.59697257	0.09998312	8.51307552	0.1	0.01	0.01	0.01	1e-05	0.01	0.001	0.05	0.5	1e-04	100	5e-06	0.001
0.468	0.9	0.1	0.1069	0.2	80	65.4	9.1	500	3.5	8.61	0.003304	0.00010167	0.00364752	2	0.15	0.1	0.00114433	0.2	0.00212658	0.45	0.00106058	2	4.5	0.001	0.04561011	0.39	1	0.00023852	0.001	0.00177971	0.07234141	0.59697257	0.09998312	8.51307552	0.1	0.01	0.01	0.01	1e-05	0.01	0.001	0.05	0.5	1e-04	100	5e-06	0.001
0.468	0.9	0.1	0.1069	0.2	80	65.4	9.1	500	3.5	8.61	0.003304	0.00010164	0.00365814	2	0.15	0.1	0.00114487	0.2	0.00187873	0.45	0.00114256	2	4.5	0.001	0.04493302	0.39	1	0.00023852	0.001	0.00177971	0.07234141	0.59697257	0.09998312	8.51307552	0.1	0.01	0.01	0.01	1e-05	0.01	0.001	0.05	0.5	1e-04	100	5e-06	0.001
0.468	0.9	0.1	0.1069	0.2	80	65.4	9.1	500	3.5	8.61	0.003304	0.00010169	0.0036487	2	0.15	0.1	0.00114762	0.2	0.00229165	0.45	0.0010598	2	4.5	0.001	0.04557034	0.39	1	0.00023852	0.001	0.00177971	0.07234141	0.59697257	0.09998312	8.51307552	0.1	0.01	0.01	0.01	1e-05	0.01	0.001	0.05	0.5	1e-04	100	5e-06	0.001
0.468	0.9	0.1	0.1069	0.2	80	65.4	9.1	500	3.5	8.61	0.003304	0.00010132	0.00371268	2	0.15	0.1	0.00115244	0.2	0.00248019	0.45	0.00103612	2	4.5	0.001	0.04361854	0.39	1	0.00023852	0.001	0.00177971	0.07234141	0.59697257	0.09998312	8.51307552	0.1	0.01	0.01	0.01	1e-05	0.01	0.001	0.05	0.5	1e-04	100	5e-06	0.001
0.468	0.9	0.1	0.1069	0.2	80	65.4	9.1	500	3.5	8.61	0.003304	0.0001017	0.00367116	2	0.15	0.1	0.00114358	0.2	0.00215911	0.45	0.00107799	2	4.5	0.001	0.04495153	0.39	1	0.00023852	0.001	0.00177971	0.07234141	0.59697257	0.09998312	8.51307552	0.1	0.01	0.01	0.01	1e-05	0.01	0.001	0.05	0.5	1e-04	100	5e-06	0.001
0.468	0.9	0.1	0.1069	0.2	80	65.4	9.1	500	3.5	8.61	0.003304	0.00010168	0.00365544	2	0.15	0.1	0.00114433	0.2	0.00206628	0.45	0.00106546	2	4.5	0.001	0.04513065	0.39	1	0.00023852	0.001	0.00177971	0.07234141	0.59697257	0.09998312	8.51307552	0.1	0.01	0.01	0.01	1e-05	0.01	0.001	0.05	0.5	1e-04	100	5e-06	0.001
0.468	0.9	0.1	0.1069	0.2	80	65.4	9.1	500	3.5	8.61	0.003304	0.00010177	0.00364896	2	0.15	0.1	0.00114258	0.2	0.0020721	0.45	0.00110906	2	4.5	0.001	0.04569927	0.39	1	0.00023852	0.001	0.00177971	0.07234141	0.59697257	0.09998312	8.51307552	0.1	0.01	0.01	0.01	1e-05	0.01	0.001	0.05	0.5	1e-04	100	5e-06	0.001
0.468	0.9	0.1	0.1069	0.2	80	65.4	9.1	500	3.5	8.61	0.003304	0.00010169	0.0036487	2	0.15	0.1	0.00114762	0.2	0.00229165	0.45	0.0010598	2	4.5	0.001	0.04557034	0.39	1	0.00023852	0.001	0.00177971	0.07234141	0.59697257	0.09998312	8.51307552	0.1	0.01	0.01	0.01	1e-05	0.01	0.001	0.05	0.5	1e-04	100	5e-06	0.001
0.468	0.9	0.1	0.1069	0.2	80	65.4	9.1	500	3.5	8.61	0.003304	0.00010169	0.0036487	2	0.15	0.1	0.00114762	0.2	0.00229165	0.45	0.0010598	2	4.5	0.001	0.04557034	0.39	1	0.00023852	0.001	0.00177971	0.07234141	0.59697257	0.09998312	8.51307552	0.1	0.01	0.01	0.01	1e-05	0.01	0.001	0.05	0.5	1e-04	100	5e-06	0.001
0.468	0.9	0.1	0.1069	0.2	80	65.4	9.1	500	3.5	8.61	0.003304	0.00010015	0.00373488	2	0.15	0.1	0.00116927	0.2	0.00178666	0.45	0.00161297	2	4.5	0.001	0.03965355	0.39	1	0.00023852	0.001	0.00177971	0.07234141	0.59697257	0.09998312	8.51307552	0.1	0.01	0.01	0.01	1e-05	0.01	0.001	0.05	0.5	1e-04	100	5e-06	0.001
0.468	0.9	0.1	0.1069	0.2	80	65.4	9.1	500	3.5	8.61	0.003304	0.00010071	0.00373777	2	0.15	0.1	0.00117422	0.2	0.00211011	0.45	0.00133334	2	4.5	0.001	0.04041129	0.39	1	0.00023852	0.001	0.00177971	0.07234141	0.59697257	0.09998312	8.51307552	0.1	0.01	0.01	0.01	1e-05	0.01	0.001	0.05	0.5	1e-04	100	5e-06	0.001
0.468	0.9	0.1	0.1069	0.2	80	65.4	9.1	500	3.5	8.61	0.003304	0.00010015	0.00373488	2	0.15	0.1	0.00116927	0.2	0.00178666	0.45	0.00161297	2	4.5	0.001	0.03965355	0.39	1	0.00023852	0.001	0.00177971	0.07234141	0.59697257	0.09998312	8.51307552	0.1	0.01	0.01	0.01	1e-05	0.01	0.001	0.05	0.5	1e-04	100	5e-06	0.001
0.468	0.9	0.1	0.1069	0.2	80	65.4	9.1	500	3.5	8.61	0.003304	0.00010008	0.00367307	2	0.15	0.1	0.00114265	0.2	0.00213141	0.45	0.00129078	2	4.5	0.001	0.04296	0.39	1	0.00023852	0.001	0.00177971	0.07234141	0.59697257	0.09998312	8.51307552	0.1	0.01	0.01	0.01	1e-05	0.01	0.001	0.05	0.5	1e-04	100	5e-06	0.001
0.468	0.9	0.1	0.1069	0.2	80	65.4	9.1	500	3.5	8.61	0.003304	0.00010088	0.00369212	2	0.15	0.1	0.00116863	0.2	0.00182179	0.45	0.00138583	2	4.5	0.001	0.04155919	0.39	1	0.00023852	0.001	0.00177971	0.07234141	0.59697257	0.09998312	8.51307552	0.1	0.01	0.01	0.01	1e-05	0.01	0.001	0.05	0.5	1e-04	100	5e-06	0.001
0.468	0.9	0.1	0.1069	0.2	80	65.4	9.1	500	3.5	8.61	0.003304	0.00010071	0.00367222	2	0.15	0.1	0.00115829	0.2	0.00190952	0.45	0.0013979	2	4.5	0.001	0.0425494	0.39	1	0.00023852	0.001	0.00177971	0.07234141	0.59697257	0.09998312	8.51307552	0.1	0.01	0.01	0.01	1e-05	0.01	0.001	0.05	0.5	1e-04	100	5e-06	0.001
0.468	0.9	0.1	0.1069	0.2	80	65.4	9.1	500	3.5	8.61	0.003304	0.00010071	0.00373777	2	0.15	0.1	0.00117422	0.2	0.00211011	0.45	0.00133334	2	4.5	0.001	0.04041129	0.39	1	0.00023852	0.001	0.00177971	0.07234141	0.59697257	0.09998312	8.51307552	0.1	0.01	0.01	0.01	1e-05	0.01	0.001	0.05	0.5	1e-04	100	5e-06	0.001
0.468	0.9	0.1	0.1069	0.2	80	65.4	9.1	500	3.5	8.61	0.003304	0.00010015	0.00373488	2	0.15	0.1	0.00116927	0.2	0.00178666	0.45	0.00161297	2	4.5	0.001	0.03965355	0.39	1	0.00023852	0.001	0.00177971	0.07234141	0.59697257	0.09998312	8.51307552	0.1	0.01	0.01	0.01	1e-05	0.01	0.001	0.05	0.5	1e-04	100	5e-06	0.001
0.468	0.9	0.1	0.1069	0.2	80	65.4	9.1	500	3.5	8.61	0.003304	0.00010071	0.00367222	2	0.15	0.1	0.00115829	0.2	0.00190952	0.45	0.0013979	2	4.5	0.001	0.0425494	0.39	1	0.00023852	0.001	0.00177971	0.07234141	0.59697257	0.09998312	8.51307552	0.1	0.01	0.01	0.01	1e-05	0.01	0.001	0.05	0.5	1e-04	100	5e-06	0.001
0.469	0.9	0.1	0.1069	0.2	80	65.4	9.1	500	3.5	8.61	0.003304	0.00011198	0.00407772	2	0.15	0.1	0.00114061	0.2	0.00199296	0.45	0.00103353	2	4.5	0.001	0.04645211	0.39	1	0.00023852	0.001	0.00177971	0.07234141	0.59697257	0.09998312	8.51307552	0.1	0.01	0.01	0.01	1e-05	0.01	0.001	0.05	0.5	1e-04	100	5e-06	0.001
0.469	0.9	0.1	0.1069	0.2	80	65.4	9.1	500	3.5	8.61	0.003304	0.00011225	0.00410464	2	0.15	0.1	0.00113845	0.2	0.00172924	0.45	0.00100531	2	4.5	0.001	0.04553684	0.39	1	0.00023852	0.001	0.00177971	0.07234141	0.59697257	0.09998312	8.51307552	0.1	0.01	0.01	0.01	1e-05	0.01	0.001	0.05	0.5	1e-04	100	5e-06	0.001
0.469	0.9	0.1	0.1069	0.2	80	65.4	9.1	500	3.5	8.61	0.003304	0.00011239	0.0041279	2	0.15	0.1	0.00112892	0.2	0.0017223	0.45	0.0010106	2	4.5	0.001	0.04553831	0.39	1	0.00023852	0.001	0.00177971	0.07234141	0.59697257	0.09998312	8.51307552	0.1	0.01	0.01	0.01	1e-05	0.01	0.001	0.05	0.5	1e-04	100	5e-06	0.001
0.469	0.9	0.1	0.1069	0.2	80	65.4	9.1	500	3.5	8.61	0.003304	0.0001119	0.00412467	2	0.15	0.1	0.00113584	0.2	0.00160423	0.45	0.00103876	2	4.5	0.001	0.04434968	0.39	1	0.00023852	0.001	0.00177971	0.07234141	0.59697257	0.09998312	8.51307552	0.1	0.01	0.01	0.01	1e-05	0.01	0.001	0.05	0.5	1e-04	100	5e-06	0.001
0.469	0.9	0.1	0.1069	0.2	80	65.4	9.1	500	3.5	8.61	0.003304	0.00011176	0.00406845	2	0.15	0.1	0.0011409	0.2	0.00197664	0.45	0.00106054	2	4.5	0.001	0.04619519	0.39	1	0.00023852	0.001	0.00177971	0.07234141	0.59697257	0.09998312	8.51307552	0.1	0.01	0.01	0.01	1e-05	0.01	0.001	0.05	0.5	1e-04	100	5e-06	0.001
0.469	0.9	0.1	0.1069	0.2	80	65.4	9.1	500	3.5	8.61	0.003304	0.00011198	0.00407772	2	0.15	0.1	0.00114061	0.2	0.00199296	0.45	0.00103353	2	4.5	0.001	0.04645211	0.39	1	0.00023852	0.001	0.00177971	0.07234141	0.59697257	0.09998312	8.51307552	0.1	0.01	0.01	0.01	1e-05	0.01	0.001	0.05	0.5	1e-04	100	5e-06	0.001
0.469	0.9	0.1	0.1069	0.2	80	65.4	9.1	500	3.5	8.61	0.003304	0.00011243	0.00409414	2	0.15	0.1	0.00113706	0.2	0.00187571	0.45	0.00101029	2	4.5	0.001	0.04635155	0.39	1	0.00023852	0.001	0.00177971	0.07234141	0.59697257	0.09998312	8.51307552	0.1	0.01	0.01	0.01	1e-05	0.01	0.001	0.05	0.5	1e-04	100	5e-06	0.001
0.469	0.9	0.1	0.1069	0.2	80	65.4	9.1	500	3.5	8.61	0.003304	0.00011225	0.00410464	2	0.15	0.1	0.00113845	0.2	0.00172924	0.45	0.00100531	2	4.5	0.001	0.04553684	0.39	1	0.00023852	0.001	0.00177971	0.07234141	0.59697257	0.09998312	8.51307552	0.1	0.01	0.01	0.01	1e-05	0.01	0.001	0.05	0.5	1e-04	100	5e-06	0.001
0.469	0.9	0.1	0.1069	0.2	80	65.4	9.1	500	3.5	8.61	0.003304	0.00011262	0.0041187	2	0.15	0.1	0.00113044	0.2	0.00172069	0.45	0.00103898	2	4.5	0.001	0.04594114	0.39	1	0.00023852	0.001	0.00177971	0.07234141	0.59697257	0.09998312	8.51307552	0.1	0.01	0.01	0.01	1e-05	0.01	0.001	0.05	0.5	1e-04	100	5e-06	0.001
0.469	0.9	0.1	0.1069	0.2	80	65.4	9.1	500	3.5	8.61	0.003304	0.00011118	0.0040625	2	0.15	0.1	0.00114583	0.2	0.00191434	0.45	0.00106158	2	4.5	0.001	0.04534254	0.39	1	0.00023852	0.001	0.00177971	0.07234141	0.59697257	0.09998312	8.51307552	0.1	0.01	0.01	0.01	1e-05	0.01	0.001	0.05	0.5	1e-04	100	5e-06	0.001
0.469	0.9	0.1	0.1069	0.2	80	65.4	9.1	500	3.5	8.61	0.003304	0.00011239	0.0041279	2	0.15	0.1	0.00112892	0.2	0.0017223	0.45	0.0010106	2	4.5	0.001	0.04553831	0.39	1	0.00023852	0.001	0.00177971	0.07234141	0.59697257	0.09998312	8.51307552	0.1	0.01	0.01	0.01	1e-05	0.01	0.001	0.05	0.5	1e-04	100	5e-06	0.001
0.469	0.9	0.1	0.1069	0.2	80	65.4	9.1	500	3.5	8.61	0.003304	0.0001119	0.00412467	2	0.15	0.1	0.00113584	0.2	0.00160423	0.45	0.00103876	2	4.5	0.001	0.04434968	0.39	1	0.00023852	0.001	0.00177971	0.07234141	0.59697257	0.09998312	8.51307552	0.1	0.01	0.01	0.01	1e-05	0.01	0.001	0.05	0.5	1e-04	100	5e-06	0.001
0.469	0.9	0.1	0.1069	0.2	80	65.4	9.1	500	3.5	8.61	0.003304	0.00011192	0.0040779	2	0.15	0.1	0.00113737	0.2	0.0019938	0.45	0.00104382	2	4.5	0.001	0.04637697	0.39	1	0.00023852	0.001	0.00177971	0.07234141	0.59697257	0.09998312	8.51307552	0.1	0.01	0.01	0.01	1e-05	0.01	0.001	0.05	0.5	1e-04	100	5e-06	0.001
0.469	0.9	0.1	0.1069	0.2	80	65.4	9.1	500	3.5	8.61	0.003304	0.00011152	0.00405917	2	0.15	0.1	0.00113979	0.2	0.00213571	0.45	0.00105965	2	4.5	0.001	0.0466206	0.39	1	0.00023852	0.001	0.00177971	0.07234141	0.59697257	0.09998312	8.51307552	0.1	0.01	0.01	0.01	1e-05	0.01	0.001	0.05	0.5	1e-04	100	5e-06	0.001
0.469	0.9	0.1	0.1069	0.2	80	65.4	9.1	500	3.5	8.61	0.003304	0.00011178	0.00413947	2	0.15	0.1	0.00113703	0.2	0.00146949	0.45	0.0010567	2	4.5	0.001	0.04346438	0.39	1	0.00023852	0.001	0.00177971	0.07234141	0.59697257	0.09998312	8.51307552	0.1	0.01	0.01	0.01	1e-05	0.01	0.001	0.05	0.5	1e-04	100	5e-06	0.001
0.469	0.9	0.1	0.1069	0.2	80	65.4	9.1	500	3.5	8.61	0.003304	0.00011198	0.00407772	2	0.15	0.1	0.00114061	0.2	0.00199296	0.45	0.00103353	2	4.5	0.001	0.04645211	0.39	1	0.00023852	0.001	0.00177971	0.07234141	0.59697257	0.09998312	8.51307552	0.1	0.01	0.01	0.01	1e-05	0.01	0.001	0.05	0.5	1e-04	100	5e-06	0.001
0.469	0.9	0.1	0.1069	0.2	80	65.4	9.1	500	3.5	8.61	0.003304	0.00011199	0.00408404	2	0.15	0.1	0.0011417	0.2	0.00182735	0.45	0.00105356	2	4.5	0.001	0.04570874	0.39	1	0.00023852	0.001	0.00177971	0.07234141	0.59697257	0.09998312	8.51307552	0.1	0.01	0.01	0.01	1e-05	0.01	0.001	0.05	0.5	1e-04	100	5e-06	0.001
0.469	0.9	0.1	0.1069	0.2	80	65.4	9.1	500	3.5	8.61	0.003304	0.00011243	0.00409414	2	0.15	0.1	0.00113706	0.2	0.00187571	0.45	0.00101029	2	4.5	0.001	0.04635155	0.39	1	0.00023852	0.001	0.00177971	0.07234141	0.59697257	0.09998312	8.51307552	0.1	0.01	0.01	0.01	1e-05	0.01	0.001	0.05	0.5	1e-04	100	5e-06	0.001
0.469	0.9	0.1	0.1069	0.2	80	65.4	9.1	500	3.5	8.61	0.003304	0.00011232	0.00409477	2	0.15	0.1	0.00113595	0.2	0.00187024	0.45	0.00102509	2	4.5	0.001	0.0463723	0.39	1	0.00023852	0.001	0.00177971	0.07234141	0.59697257	0.09998312	8.51307552	0.1	0.01	0.01	0.01	1e-05	0.01	0.001	0.05	0.5	1e-04	100	5e-06	0.001
0.469	0.9	0.1	0.1069	0.2	80	65.4	9.1	500	3.5	8.61	0.003304	0.00011225	0.00410464	2	0.15	0.1	0.00113845	0.2	0.00172924	0.45	0.00100531	2	4.5	0.001	0.04553684	0.39	1	0.00023852	0.001	0.00177971	0.07234141	0.59697257	0.09998312	8.51307552	0.1	0.01	0.01	0.01	1e-05	0.01	0.001	0.05	0.5	1e-04	100	5e-06	0.001
0.469	0.9	0.1	0.1069	0.2	80	65.4	9.1	500	3.5	8.61	0.003304	0.00011218	0.00408902	2	0.15	0.1	0.00114175	0.2	0.00180826	0.45	0.00107342	2	4.5	0.001	0.04569803	0.39	1	0.00023852	0.001	0.00177971	0.07234141	0.59697257	0.09998312	8.51307552	0.1	0.01	0.01	0.01	1e-05	0.01	0.001	0.05	0.5	1e-04	100	5e-06	0.001
0.469	0.9	0.1	0.1069	0.2	80	65.4	9.1	500	3.5	8.61	0.003304	0.00011223	0.00407987	2	0.15	0.1	0.00113883	0.2	0.00191539	0.45	0.00104633	2	4.5	0.001	0.04669107	0.39	1	0.00023852	0.001	0.00177971	0.07234141	0.59697257	0.09998312	8.51307552	0.1	0.01	0.01	0.01	1e-05	0.01	0.001	0.05	0.5	1e-04	100	5e-06	0.001
0.469	0.9	0.1	0.1069	0.2	80	65.4	9.1	500	3.5	8.61	0.003304	0.0001123	0.00408144	2	0.15	0.1	0.00114383	0.2	0.00179642	0.45	0.00104578	2	4.5	0.001	0.04576029	0.39	1	0.00023852	0.001	0.00177971	0.07234141	0.59697257	0.09998312	8.51307552	0.1	0.01	0.01	0.01	1e-05	0.01	0.001	0.05	0.5	1e-04	100	5e-06	0.001
0.469	0.9	0.1	0.1069	0.2	80	65.4	9.1	500	3.5	8.61	0.003304	0.0001118	0.00409087	2	0.15	0.1	0.00113955	0.2	0.00181897	0.45	0.00103607	2	4.5	0.001	0.04531486	0.39	1	0.00023852	0.001	0.00177971	0.07234141	0.59697257	0.09998312	8.51307552	0.1	0.01	0.01	0.01	1e-05	0.01	0.001	0.05	0.5	1e-04	100	5e-06	0.001
0.469	0.9	0.1	0.1069	0.2	80	65.4	9.1	500	3.5	8.61	0.003304	0.00011118	0.0040625	2	0.15	0.1	0.00114583	0.2	0.00191434	0.45	0.00106158	2	4.5	0.001	0.04534254	0.39	1	0.00023852	0.001	0.00177971	0.07234141	0.59697257	0.09998312	8.51307552	0.1	0.01	0.01	0.01	1e-05	0.01	0.001	0.05	0.5	1e-04	100	5e-06	0.001
0.469	0.9	0.1	0.1069	0.2	80	65.4	9.1	500	3.5	8.61	0.003304	0.00011192	0.0040779	2	0.15	0.1	0.00113737	0.2	0.0019938	0.45	0.00104382	2	4.5	0.001	0.04637697	0.39	1	0.00023852	0.001	0.00177971	0.07234141	0.59697257	0.09998312	8.51307552	0.1	0.01	0.01	0.01	1e-05	0.01	0.001	0.05	0.5	1e-04	100	5e-06	0.001
0.469	0.9	0.1	0.1069	0.2	80	65.4	9.1	500	3.5	8.61	0.003304	0.00011152	0.00405917	2	0.15	0.1	0.00113979	0.2	0.00213571	0.45	0.00105965	2	4.5	0.001	0.0466206	0.39	1	0.00023852	0.001	0.00177971	0.07234141	0.59697257	0.09998312	8.51307552	0.1	0.01	0.01	0.01	1e-05	0.01	0.001	0.05	0.5	1e-04	100	5e-06	0.001
0.469	0.9	0.1	0.1069	0.2	80	65.4	9.1	500	3.5	8.61	0.003304	0.0001122	0.00408411	2	0.15	0.1	0.00113817	0.2	0.00188931	0.45	0.00103622	2	4.5	0.001	0.04641518	0.39	1	0.00023852	0.001	0.00177971	0.07234141	0.59697257	0.09998312	8.51307552	0.1	0.01	0.01	0.01	1e-05	0.01	0.001	0.05	0.5	1e-04	100	5e-06	0.001
0.469	0.9	0.1	0.1069	0.2	80	65.4	9.1	500	3.5	8.61	0.003304	0.00011118	0.0040625	2	0.15	0.1	0.00114583	0.2	0.00191434	0.45	0.00106158	2	4.5	0.001	0.04534254	0.39	1	0.00023852	0.001	0.00177971	0.07234141	0.59697257	0.09998312	8.51307552	0.1	0.01	0.01	0.01	1e-05	0.01	0.001	0.05	0.5	1e-04	100	5e-06	0.001
0.469	0.9	0.1	0.1069	0.2	80	65.4	9.1	500	3.5	8.61	0.003304	0.00011192	0.0040779	2	0.15	0.1	0.00113737	0.2	0.0019938	0.45	0.00104382	2	4.5	0.001	0.04637697	0.39	1	0.00023852	0.001	0.00177971	0.07234141	0.59697257	0.09998312	8.51307552	0.1	0.01	0.01	0.01	1e-05	0.01	0.001	0.05	0.5	1e-04	100	5e-06	0.001
0.469	0.9	0.1	0.1069	0.2	80	65.4	9.1	500	3.5	8.61	0.003304	0.00010188	0.00362058	2	0.15	0.1	0.00115061	0.2	0.00249777	0.45	0.00105443	2	4.5	0.001	0.04665718	0.39	1	0.00023852	0.001	0.00177971	0.07234141	0.59697257	0.09998312	8.51307552	0.1	0.01	0.01	0.01	1e-05	0.01	0.001	0.05	0.5	1e-04	100	5e-06	0.001
0.469	0.9	0.1	0.1069	0.2	80	65.4	9.1	500	3.5	8.61	0.003304	0.00010185	0.00365575	2	0.15	0.1	0.00113759	0.2	0.00178245	0.45	0.00108759	2	4.5	0.001	0.04541408	0.39	1	0.00023852	0.001	0.00177971	0.07234141	0.59697257	0.09998312	8.51307552	0.1	0.01	0.01	0.01	1e-05	0.01	0.001	0.05	0.5	1e-04	100	5e-06	0.001
0.469	0.9	0.1	0.1069	0.2	80	65.4	9.1	500	3.5	8.61	0.003304	0.00010185	0.00362539	2	0.15	0.1	0.00113725	0.2	0.00201055	0.45	0.0010882	2	4.5	0.001	0.046477	0.39	1	0.00023852	0.001	0.00177971	0.07234141	0.59697257	0.09998312	8.51307552	0.1	0.01	0.01	0.01	1e-05	0.01	0.001	0.05	0.5	1e-04	100	5e-06	0.001
0.469	0.9	0.1	0.1069	0.2	80	65.4	9.1	500	3.5	8.61	0.003304	0.00010179	0.00362767	2	0.15	0.1	0.0011398	0.2	0.00218232	0.45	0.00110635	2	4.5	0.001	0.0467243	0.39	1	0.00023852	0.001	0.00177971	0.07234141	0.59697257	0.09998312	8.51307552	0.1	0.01	0.01	0.01	1e-05	0.01	0.001	0.05	0.5	1e-04	100	5e-06	0.001
0.469	0.9	0.1	0.1069	0.2	80	65.4	9.1	500	3.5	8.61	0.003304	0.00010182	0.00362637	2	0.15	0.1	0.00114433	0.2	0.00232545	0.45	0.0010658	2	4.5	0.001	0.04682871	0.39	1	0.00023852	0.001	0.00177971	0.07234141	0.59697257	0.09998312	8.51307552	0.1	0.01	0.01	0.01	1e-05	0.01	0.001	0.05	0.5	1e-04	100	5e-06	0.001
0.469	0.9	0.1	0.1069	0.2	80	65.4	9.1	500	3.5	8.61	0.003304	0.00010191	0.00365008	2	0.15	0.1	0.00114427	0.2	0.00252745	0.45	0.00107531	2	4.5	0.001	0.04640955	0.39	1	0.00023852	0.001	0.00177971	0.07234141	0.59697257	0.09998312	8.51307552	0.1	0.01	0.01	0.01	1e-05	0.01	0.001	0.05	0.5	1e-04	100	5e-06	0.001
0.469	0.9	0.1	0.1069	0.2	80	65.4	9.1	500	3.5	8.61	0.003304	0.00010205	0.00361245	2	0.15	0.1	0.00114212	0.2	0.00233061	0.45	0.00106577	2	4.5	0.001	0.04735208	0.39	1	0.00023852	0.001	0.00177971	0.07234141	0.59697257	0.09998312	8.51307552	0.1	0.01	0.01	0.01	1e-05	0.01	0.001	0.05	0.5	1e-04	100	5e-06	0.001
0.469	0.9	0.1	0.1069	0.2	80	65.4	9.1	500	3.5	8.61	0.003304	0.00010197	0.00360171	2	0.15	0.1	0.00114427	0.2	0.00233493	0.45	0.00106756	2	4.5	0.001	0.04751071	0.39	1	0.00023852	0.001	0.00177971	0.07234141	0.59697257	0.09998312	8.51307552	0.1	0.01	0.01	0.01	1e-05	0.01	0.001	0.05	0.5	1e-04	100	5e-06	0.001
0.469	0.9	0.1	0.1069	0.2	80	65.4	9.1	500	3.5	8.61	0.003304	0.00010171	0.00366241	2	0.15	0.1	0.001148	0.2	0.00190458	0.45	0.00115594	2	4.5	0.001	0.04530329	0.39	1	0.00023852	0.001	0.00177971	0.07234141	0.59697257	0.09998312	8.51307552	0.1	0.01	0.01	0.01	1e-05	0.01	0.001	0.05	0.5	1e-04	100	5e-06	0.001
0.469	0.9	0.1	0.1069	0.2	80	65.4	9.1	500	3.5	8.61	0.003304	0.00010161	0.00371481	2	0.15	0.1	0.0011703	0.2	0.00189902	0.45	0.00153953	2	4.5	0.001	0.04240977	0.39	1	0.00023852	0.001	0.00177971	0.07234141	0.59697257	0.09998312	8.51307552	0.1	0.01	0.01	0.01	1e-05	0.01	0.001	0.05	0.5	1e-04	100	5e-06	0.001
0.469	0.9	0.1	0.1069	0.2	80	65.4	9.1	500	3.5	8.61	0.003304	0.00010119	0.00365668	2	0.15	0.1	0.00117322	0.2	0.00206987	0.45	0.00147126	2	4.5	0.001	0.04281125	0.39	1	0.00023852	0.001	0.00177971	0.07234141	0.59697257	0.09998312	8.51307552	0.1	0.01	0.01	0.01	1e-05	0.01	0.001	0.05	0.5	1e-04	100	5e-06	0.001
0.469	0.9	0.1	0.1069	0.2	80	65.4	9.1	500	3.5	8.61	0.003304	0.00010161	0.00371481	2	0.15	0.1	0.0011703	0.2	0.00189902	0.45	0.00153953	2	4.5	0.001	0.04240977	0.39	1	0.00023852	0.001	0.00177971	0.07234141	0.59697257	0.09998312	8.51307552	0.1	0.01	0.01	0.01	1e-05	0.01	0.001	0.05	0.5	1e-04	100	5e-06	0.001
0.469	0.9	0.1	0.1069	0.2	80	65.4	9.1	500	3.5	8.61	0.003304	0.00010093	0.00363947	2	0.15	0.1	0.00116962	0.2	0.00177478	0.45	0.00142086	2	4.5	0.001	0.04288615	0.39	1	0.00023852	0.001	0.00177971	0.07234141	0.59697257	0.09998312	8.51307552	0.1	0.01	0.01	0.01	1e-05	0.01	0.001	0.05	0.5	1e-04	100	5e-06	0.001
0.469	0.9	0.1	0.1069	0.2	80	65.4	9.1	500	3.5	8.61	0.003304	0.00010119	0.00365668	2	0.15	0.1	0.00117322	0.2	0.00206987	0.45	0.00147126	2	4.5	0.001	0.04281125	0.39	1	0.00023852	0.001	0.00177971	0.07234141	0.59697257	0.09998312	8.51307552	0.1	0.01	0.01	0.01	1e-05	0.01	0.001	0.05	0.5	1e-04	100	5e-06	0.001
0.469	0.9	0.1	0.1069	0.2	80	65.4	9.1	500	3.5	8.61	0.003304	0.00010341	0.00383238	2	0.15	0.1	0.00120738	0.2	0.00170006	0.45	0.00185766	2	4.5	0.001	0.03884568	0.39	1	0.00023852	0.001	0.00177971	0.07234141	0.59697257	0.09998312	8.51307552	0.1	0.01	0.01	0.01	1e-05	0.01	0.001	0.05	0.5	1e-04	100	5e-06	0.001
0.469	0.9	0.1	0.1069	0.2	80	65.4	9.1	500	3.5	8.61	0.003304	0.00010084	0.00367231	2	0.15	0.1	0.00116696	0.2	0.00200026	0.45	0.00146222	2	4.5	0.001	0.04260057	0.39	1	0.00023852	0.001	0.00177971	0.07234141	0.59697257	0.09998312	8.51307552	0.1	0.01	0.01	0.01	1e-05	0.01	0.001	0.05	0.5	1e-04	100	5e-06	0.001
0.469	0.9	0.1	0.1069	0.2	80	65.4	9.1	500	3.5	8.61	0.003304	0.00010039	0.00377022	2	0.15	0.1	0.0011865	0.2	0.00200209	0.45	0.00155639	2	4.5	0.001	0.03853288	0.39	1	0.00023852	0.001	0.00177971	0.07234141	0.59697257	0.09998312	8.51307552	0.1	0.01	0.01	0.01	1e-05	0.01	0.001	0.05	0.5	1e-04	100	5e-06	0.001
0.469	0.9	0.1	0.1069	0.2	80	65.4	9.1	500	3.5	8.61	0.003304	0.00010105	0.00368222	2	0.15	0.1	0.00117146	0.2	0.00204715	0.45	0.00147476	2	4.5	0.001	0.04219755	0.39	1	0.00023852	0.001	0.00177971	0.07234141	0.59697257	0.09998312	8.51307552	0.1	0.01	0.01	0.01	1e-05	0.01	0.001	0.05	0.5	1e-04	100	5e-06	0.001
0.469	0.9	0.1	0.1069	0.2	80	65.4	9.1	500	3.5	8.61	0.003304	0.00010095	0.00367672	2	0.15	0.1	0.00117122	0.2	0.0020857	0.45	0.00142572	2	4.5	0.001	0.04256623	0.39	1	0.00023852	0.001	0.00177971	0.07234141	0.59697257	0.09998312	8.51307552	0.1	0.01	0.01	0.01	1e-05	0.01	0.001	0.05	0.5	1e-04	100	5e-06	0.001
0.469	0.9	0.1	0.1069	0.2	80	65.4	9.1	500	3.5	8.61	0.003304	0.00010161	0.00371481	2	0.15	0.1	0.0011703	0.2	0.00189902	0.45	0.00153953	2	4.5	0.001	0.04240977	0.39	1	0.00023852	0.001	0.00177971	0.07234141	0.59697257	0.09998312	8.51307552	0.1	0.01	0.01	0.01	1e-05	0.01	0.001	0.05	0.5	1e-04	100	5e-06	0.001
0.469	0.9	0.1	0.1069	0.2	80	65.4	9.1	500	3.5	8.61	0.003304	0.00010107	0.00367563	2	0.15	0.1	0.00117104	0.2	0.0019927	0.45	0.00149286	2	4.5	0.001	0.04258499	0.39	1	0.00023852	0.001	0.00177971	0.07234141	0.59697257	0.09998312	8.51307552	0.1	0.01	0.01	0.01	1e-05	0.01	0.001	0.05	0.5	1e-04	100	5e-06	0.001
0.469	0.9	0.1	0.1069	0.2	80	65.4	9.1	500	3.5	8.61	0.003304	0.00010147	0.00369406	2	0.15	0.1	0.00118018	0.2	0.00199302	0.45	0.00149461	2	4.5	0.001	0.04186293	0.39	1	0.00023852	0.001	0.00177971	0.07234141	0.59697257	0.09998312	8.51307552	0.1	0.01	0.01	0.01	1e-05	0.01	0.001	0.05	0.5	1e-04	100	5e-06	0.001
0.469	0.9	0.1	0.1069	0.2	80	65.4	9.1	500	3.5	8.61	0.003304	0.00010138	0.00369002	2	0.15	0.1	0.00117532	0.2	0.00195019	0.45	0.0015223	2	4.5	0.001	0.04223413	0.39	1	0.00023852	0.001	0.00177971	0.07234141	0.59697257	0.09998312	8.51307552	0.1	0.01	0.01	0.01	1e-05	0.01	0.001	0.05	0.5	1e-04	100	5e-06	0.001
0.469	0.9	0.1	0.1069	0.2	80	65.4	9.1	500	3.5	8.61	0.003304	0.000101	0.00367494	2	0.15	0.1	0.00117638	0.2	0.00182447	0.45	0.00153679	2	4.5	0.001	0.04205634	0.39	1	0.00023852	0.001	0.00177971	0.07234141	0.59697257	0.09998312	8.51307552	0.1	0.01	0.01	0.01	1e-05	0.01	0.001	0.05	0.5	1e-04	100	5e-06	0.001
0.469	0.9	0.1	0.1069	0.2	80	65.4	9.1	500	3.5	8.61	0.003304	0.00010164	0.00371798	2	0.15	0.1	0.00117896	0.2	0.00214223	0.45	0.00145248	2	4.5	0.001	0.04161608	0.39	1	0.00023852	0.001	0.00177971	0.07234141	0.59697257	0.09998312	8.51307552	0.1	0.01	0.01	0.01	1e-05	0.01	0.001	0.05	0.5	1e-04	100	5e-06	0.001
0.469	0.9	0.1	0.1069	0.2	80	65.4	9.1	500	3.5	8.61	0.003304	0.00010145	0.00369222	2	0.15	0.1	0.00118052	0.2	0.00201029	0.45	0.0014983	2	4.5	0.001	0.04201247	0.39	1	0.00023852	0.001	0.00177971	0.07234141	0.59697257	0.09998312	8.51307552	0.1	0.01	0.01	0.01	1e-05	0.01	0.001	0.05	0.5	1e-04	100	5e-06	0.001
0.469	0.9	0.1	0.1069	0.2	80	65.4	9.1	500	3.5	8.61	0.003304	0.00010119	0.00365668	2	0.15	0.1	0.00117322	0.2	0.00206987	0.45	0.00147126	2	4.5	0.001	0.04281125	0.39	1	0.00023852	0.001	0.00177971	0.07234141	0.59697257	0.09998312	8.51307552	0.1	0.01	0.01	0.01	1e-05	0.01	0.001	0.05	0.5	1e-04	100	5e-06	0.001
0.469	0.9	0.1	0.1069	0.2	80	65.4	9.1	500	3.5	8.61	0.003304	0.00010341	0.00383238	2	0.15	0.1	0.00120738	0.2	0.00170006	0.45	0.00185766	2	4.5	0.001	0.03884568	0.39	1	0.00023852	0.001	0.00177971	0.07234141	0.59697257	0.09998312	8.51307552	0.1	0.01	0.01	0.01	1e-05	0.01	0.001	0.05	0.5	1e-04	100	5e-06	0.001
0.469	0.9	0.1	0.1069	0.2	80	65.4	9.1	500	3.5	8.61	0.003304	0.00010341	0.00383238	2	0.15	0.1	0.00120738	0.2	0.00170006	0.45	0.00185766	2	4.5	0.001	0.03884568	0.39	1	0.00023852	0.001	0.00177971	0.07234141	0.59697257	0.09998312	8.51307552	0.1	0.01	0.01	0.01	1e-05	0.01	0.001	0.05	0.5	1e-04	100	5e-06	0.001
0.47	0.9	0.1	0.1069	0.2	80	65.4	9.1	500	3.5	8.61	0.003304	0.00011256	0.00406993	2	0.15	0.1	0.00114789	0.2	0.00199264	0.45	0.00106707	2	4.5	0.001	0.04651955	0.39	1	0.00023852	0.001	0.00177971	0.07234141	0.59697257	0.09998312	8.51307552	0.1	0.01	0.01	0.01	1e-05	0.01	0.001	0.05	0.5	1e-04	100	5e-06	0.001
0.47	0.9	0.1	0.1069	0.2	80	65.4	9.1	500	3.5	8.61	0.003304	0.00011345	0.00417572	2	0.15	0.1	0.00112511	0.2	0.00148972	0.45	0.00100528	2	4.5	0.001	0.04513813	0.39	1	0.00023852	0.001	0.00177971	0.07234141	0.59697257	0.09998312	8.51307552	0.1	0.01	0.01	0.01	1e-05	0.01	0.001	0.05	0.5	1e-04	100	5e-06	0.001
0.47	0.9	0.1	0.1069	0.2	80	65.4	9.1	500	3.5	8.61	0.003304	0.00011243	0.00407657	2	0.15	0.1	0.00114981	0.2	0.00170415	0.45	0.00105382	2	4.5	0.001	0.04534465	0.39	1	0.00023852	0.001	0.00177971	0.07234141	0.59697257	0.09998312	8.51307552	0.1	0.01	0.01	0.01	1e-05	0.01	0.001	0.05	0.5	1e-04	100	5e-06	0.001
0.47	0.9	0.1	0.1069	0.2	80	65.4	9.1	500	3.5	8.61	0.003304	0.00011299	0.00409997	2	0.15	0.1	0.00113823	0.2	0.00175333	0.45	0.00102389	2	4.5	0.001	0.04672987	0.39	1	0.00023852	0.001	0.00177971	0.07234141	0.59697257	0.09998312	8.51307552	0.1	0.01	0.01	0.01	1e-05	0.01	0.001	0.05	0.5	1e-04	100	5e-06	0.001
0.47	0.9	0.1	0.1069	0.2	80	65.4	9.1	500	3.5	8.61	0.003304	0.00011299	0.00406494	2	0.15	0.1	0.00113618	0.2	0.00206554	0.45	0.00105269	2	4.5	0.001	0.04864499	0.39	1	0.00023852	0.001	0.00177971	0.07234141	0.59697257	0.09998312	8.51307552	0.1	0.01	0.01	0.01	1e-05	0.01	0.001	0.05	0.5	1e-04	100	5e-06	0.001
0.47	0.9	0.1	0.1069	0.2	80	65.4	9.1	500	3.5	8.61	0.003304	0.00011278	0.00405587	2	0.15	0.1	0.0011425	0.2	0.00201572	0.45	0.00104697	2	4.5	0.001	0.04801954	0.39	1	0.00023852	0.001	0.00177971	0.07234141	0.59697257	0.09998312	8.51307552	0.1	0.01	0.01	0.01	1e-05	0.01	0.001	0.05	0.5	1e-04	100	5e-06	0.001
0.47	0.9	0.1	0.1069	0.2	80	65.4	9.1	500	3.5	8.61	0.003304	0.00011272	0.00406298	2	0.15	0.1	0.00114776	0.2	0.00187572	0.45	0.00114575	2	4.5	0.001	0.04668933	0.39	1	0.00023852	0.001	0.00177971	0.07234141	0.59697257	0.09998312	8.51307552	0.1	0.01	0.01	0.01	1e-05	0.01	0.001	0.05	0.5	1e-04	100	5e-06	0.001
0.47	0.9	0.1	0.1069	0.2	80	65.4	9.1	500	3.5	8.61	0.003304	0.00011256	0.00406993	2	0.15	0.1	0.00114789	0.2	0.00199264	0.45	0.00106707	2	4.5	0.001	0.04651955	0.39	1	0.00023852	0.001	0.00177971	0.07234141	0.59697257	0.09998312	8.51307552	0.1	0.01	0.01	0.01	1e-05	0.01	0.001	0.05	0.5	1e-04	100	5e-06	0.001
0.47	0.9	0.1	0.1069	0.2	80	65.4	9.1	500	3.5	8.61	0.003304	0.00011221	0.00404627	2	0.15	0.1	0.00114605	0.2	0.0020604	0.45	0.00108467	2	4.5	0.001	0.04702499	0.39	1	0.00023852	0.001	0.00177971	0.07234141	0.59697257	0.09998312	8.51307552	0.1	0.01	0.01	0.01	1e-05	0.01	0.001	0.05	0.5	1e-04	100	5e-06	0.001
0.47	0.9	0.1	0.1069	0.2	80	65.4	9.1	500	3.5	8.61	0.003304	0.00011241	0.00407706	2	0.15	0.1	0.00114371	0.2	0.00185767	0.45	0.00109628	2	4.5	0.001	0.04622072	0.39	1	0.00023852	0.001	0.00177971	0.07234141	0.59697257	0.09998312	8.51307552	0.1	0.01	0.01	0.01	1e-05	0.01	0.001	0.05	0.5	1e-04	100	5e-06	0.001
0.47	0.9	0.1	0.1069	0.2	80	65.4	9.1	500	3.5	8.61	0.003304	0.00011234	0.00407846	2	0.15	0.1	0.00114557	0.2	0.00171971	0.45	0.00105131	2	4.5	0.001	0.04565302	0.39	1	0.00023852	0.001	0.00177971	0.07234141	0.59697257	0.09998312	8.51307552	0.1	0.01	0.01	0.01	1e-05	0.01	0.001	0.05	0.5	1e-04	100	5e-06	0.001
0.47	0.9	0.1	0.1069	0.2	80	65.4	9.1	500	3.5	8.61	0.003304	0.00011345	0.00417572	2	0.15	0.1	0.00112511	0.2	0.00148972	0.45	0.00100528	2	4.5	0.001	0.04513813	0.39	1	0.00023852	0.001	0.00177971	0.07234141	0.59697257	0.09998312	8.51307552	0.1	0.01	0.01	0.01	1e-05	0.01	0.001	0.05	0.5	1e-04	100	5e-06	0.001
0.47	0.9	0.1	0.1069	0.2	80	65.4	9.1	500	3.5	8.61	0.003304	0.00011243	0.00407657	2	0.15	0.1	0.00114981	0.2	0.00170415	0.45	0.00105382	2	4.5	0.001	0.04534465	0.39	1	0.00023852	0.001	0.00177971	0.07234141	0.59697257	0.09998312	8.51307552	0.1	0.01	0.01	0.01	1e-05	0.01	0.001	0.05	0.5	1e-04	100	5e-06	0.001
0.47	0.9	0.1	0.1069	0.2	80	65.4	9.1	500	3.5	8.61	0.003304	0.00011275	0.00405082	2	0.15	0.1	0.00114184	0.2	0.00209677	0.45	0.00104898	2	4.5	0.001	0.04807283	0.39	1	0.00023852	0.001	0.00177971	0.07234141	0.59697257	0.09998312	8.51307552	0.1	0.01	0.01	0.01	1e-05	0.01	0.001	0.05	0.5	1e-04	100	5e-06	0.001
0.47	0.9	0.1	0.1069	0.2	80	65.4	9.1	500	3.5	8.61	0.003304	0.00011279	0.00407103	2	0.15	0.1	0.001141	0.2	0.00194115	0.45	0.00106834	2	4.5	0.001	0.04735612	0.39	1	0.00023852	0.001	0.00177971	0.07234141	0.59697257	0.09998312	8.51307552	0.1	0.01	0.01	0.01	1e-05	0.01	0.001	0.05	0.5	1e-04	100	5e-06	0.001
0.47	0.9	0.1	0.1069	0.2	80	65.4	9.1	500	3.5	8.61	0.003304	0.00011274	0.00406679	2	0.15	0.1	0.00114167	0.2	0.00197379	0.45	0.00106218	2	4.5	0.001	0.04759497	0.39	1	0.00023852	0.001	0.00177971	0.07234141	0.59697257	0.09998312	8.51307552	0.1	0.01	0.01	0.01	1e-05	0.01	0.001	0.05	0.5	1e-04	100	5e-06	0.001
0.47	0.9	0.1	0.1069	0.2	80	65.4	9.1	500	3.5	8.61	0.003304	0.00011319	0.00407507	2	0.15	0.1	0.00113355	0.2	0.00207388	0.45	0.00103714	2	4.5	0.001	0.04876266	0.39	1	0.00023852	0.001	0.00177971	0.07234141	0.59697257	0.09998312	8.51307552	0.1	0.01	0.01	0.01	1e-05	0.01	0.001	0.05	0.5	1e-04	100	5e-06	0.001
0.47	0.9	0.1	0.1069	0.2	80	65.4	9.1	500	3.5	8.61	0.003304	0.00011265	0.00405648	2	0.15	0.1	0.00114507	0.2	0.00193511	0.45	0.00109304	2	4.5	0.001	0.04724362	0.39	1	0.00023852	0.001	0.00177971	0.07234141	0.59697257	0.09998312	8.51307552	0.1	0.01	0.01	0.01	1e-05	0.01	0.001	0.05	0.5	1e-04	100	5e-06	0.001
0.47	0.9	0.1	0.1069	0.2	80	65.4	9.1	500	3.5	8.61	0.003304	0.00011299	0.00409997	2	0.15	0.1	0.00113823	0.2	0.00175333	0.45	0.00102389	2	4.5	0.001	0.04672987	0.39	1	0.00023852	0.001	0.00177971	0.07234141	0.59697257	0.09998312	8.51307552	0.1	0.01	0.01	0.01	1e-05	0.01	0.001	0.05	0.5	1e-04	100	5e-06	0.001
0.47	0.9	0.1	0.1069	0.2	80	65.4	9.1	500	3.5	8.61	0.003304	0.00011299	0.00406494	2	0.15	0.1	0.00113618	0.2	0.00206554	0.45	0.00105269	2	4.5	0.001	0.04864499	0.39	1	0.00023852	0.001	0.00177971	0.07234141	0.59697257	0.09998312	8.51307552	0.1	0.01	0.01	0.01	1e-05	0.01	0.001	0.05	0.5	1e-04	100	5e-06	0.001
0.47	0.9	0.1	0.1069	0.2	80	65.4	9.1	500	3.5	8.61	0.003304	0.00011278	0.00405587	2	0.15	0.1	0.0011425	0.2	0.00201572	0.45	0.00104697	2	4.5	0.001	0.04801954	0.39	1	0.00023852	0.001	0.00177971	0.07234141	0.59697257	0.09998312	8.51307552	0.1	0.01	0.01	0.01	1e-05	0.01	0.001	0.05	0.5	1e-04	100	5e-06	0.001
0.47	0.9	0.1	0.1069	0.2	80	65.4	9.1	500	3.5	8.61	0.003304	0.00011256	0.00406993	2	0.15	0.1	0.00114789	0.2	0.00199264	0.45	0.00106707	2	4.5	0.001	0.04651955	0.39	1	0.00023852	0.001	0.00177971	0.07234141	0.59697257	0.09998312	8.51307552	0.1	0.01	0.01	0.01	1e-05	0.01	0.001	0.05	0.5	1e-04	100	5e-06	0.001
0.47	0.9	0.1	0.1069	0.2	80	65.4	9.1	500	3.5	8.61	0.003304	0.00011278	0.00405587	2	0.15	0.1	0.0011425	0.2	0.00201572	0.45	0.00104697	2	4.5	0.001	0.04801954	0.39	1	0.00023852	0.001	0.00177971	0.07234141	0.59697257	0.09998312	8.51307552	0.1	0.01	0.01	0.01	1e-05	0.01	0.001	0.05	0.5	1e-04	100	5e-06	0.001
0.47	0.9	0.1	0.1069	0.2	80	65.4	9.1	500	3.5	8.61	0.003304	0.00010223	0.00359691	2	0.15	0.1	0.00113692	0.2	0.00235769	0.45	0.00110492	2	4.5	0.001	0.04842761	0.39	1	0.00023852	0.001	0.00177971	0.07234141	0.59697257	0.09998312	8.51307552	0.1	0.01	0.01	0.01	1e-05	0.01	0.001	0.05	0.5	1e-04	100	5e-06	0.001
0.47	0.9	0.1	0.1069	0.2	80	65.4	9.1	500	3.5	8.61	0.003304	0.00010223	0.00359691	2	0.15	0.1	0.00113692	0.2	0.00235769	0.45	0.00110492	2	4.5	0.001	0.04842761	0.39	1	0.00023852	0.001	0.00177971	0.07234141	0.59697257	0.09998312	8.51307552	0.1	0.01	0.01	0.01	1e-05	0.01	0.001	0.05	0.5	1e-04	100	5e-06	0.001
0.47	0.9	0.1	0.1069	0.2	80	65.4	9.1	500	3.5	8.61	0.003304	0.00010206	0.00358472	2	0.15	0.1	0.00113465	0.2	0.00220156	0.45	0.00115891	2	4.5	0.001	0.04866671	0.39	1	0.00023852	0.001	0.00177971	0.07234141	0.59697257	0.09998312	8.51307552	0.1	0.01	0.01	0.01	1e-05	0.01	0.001	0.05	0.5	1e-04	100	5e-06	0.001
0.47	0.9	0.1	0.1069	0.2	80	65.4	9.1	500	3.5	8.61	0.003304	0.00010229	0.00357529	2	0.15	0.1	0.00114515	0.2	0.00262054	0.45	0.00103191	2	4.5	0.001	0.04889522	0.39	1	0.00023852	0.001	0.00177971	0.07234141	0.59697257	0.09998312	8.51307552	0.1	0.01	0.01	0.01	1e-05	0.01	0.001	0.05	0.5	1e-04	100	5e-06	0.001
0.47	0.9	0.1	0.1069	0.2	80	65.4	9.1	500	3.5	8.61	0.003304	0.00010176	0.00364801	2	0.15	0.1	0.00114545	0.2	0.00271566	0.45	0.00102872	2	4.5	0.001	0.04694815	0.39	1	0.00023852	0.001	0.00177971	0.07234141	0.59697257	0.09998312	8.51307552	0.1	0.01	0.01	0.01	1e-05	0.01	0.001	0.05	0.5	1e-04	100	5e-06	0.001
0.47	0.9	0.1	0.1069	0.2	80	65.4	9.1	500	3.5	8.61	0.003304	0.00010223	0.00359691	2	0.15	0.1	0.00113692	0.2	0.00235769	0.45	0.00110492	2	4.5	0.001	0.04842761	0.39	1	0.00023852	0.001	0.00177971	0.07234141	0.59697257	0.09998312	8.51307552	0.1	0.01	0.01	0.01	1e-05	0.01	0.001	0.05	0.5	1e-04	100	5e-06	0.001
0.47	0.9	0.1	0.1069	0.2	80	65.4	9.1	500	3.5	8.61	0.003304	0.00010216	0.00360322	2	0.15	0.1	0.00114477	0.2	0.00228472	0.45	0.00114236	2	4.5	0.001	0.04778258	0.39	1	0.00023852	0.001	0.00177971	0.07234141	0.59697257	0.09998312	8.51307552	0.1	0.01	0.01	0.01	1e-05	0.01	0.001	0.05	0.5	1e-04	100	5e-06	0.001
0.47	0.9	0.1	0.1069	0.2	80	65.4	9.1	500	3.5	8.61	0.003304	0.00010243	0.00374773	2	0.15	0.1	0.00118989	0.2	0.00234282	0.45	0.00142673	2	4.5	0.001	0.04129356	0.39	1	0.00023852	0.001	0.00177971	0.07234141	0.59697257	0.09998312	8.51307552	0.1	0.01	0.01	0.01	1e-05	0.01	0.001	0.05	0.5	1e-04	100	5e-06	0.001
0.47	0.9	0.1	0.1069	0.2	80	65.4	9.1	500	3.5	8.61	0.003304	0.00010243	0.00374773	2	0.15	0.1	0.00118989	0.2	0.00234282	0.45	0.00142673	2	4.5	0.001	0.04129356	0.39	1	0.00023852	0.001	0.00177971	0.07234141	0.59697257	0.09998312	8.51307552	0.1	0.01	0.01	0.01	1e-05	0.01	0.001	0.05	0.5	1e-04	100	5e-06	0.001
0.47	0.9	0.1	0.1069	0.2	80	65.4	9.1	500	3.5	8.61	0.003304	0.00010119	0.00364616	2	0.15	0.1	0.00118703	0.2	0.00172716	0.45	0.00160711	2	4.5	0.001	0.04247699	0.39	1	0.00023852	0.001	0.00177971	0.07234141	0.59697257	0.09998312	8.51307552	0.1	0.01	0.01	0.01	1e-05	0.01	0.001	0.05	0.5	1e-04	100	5e-06	0.001
0.47	0.9	0.1	0.1069	0.2	80	65.4	9.1	500	3.5	8.61	0.003304	0.00010146	0.0036789	2	0.15	0.1	0.00117976	0.2	0.00215026	0.45	0.00151056	2	4.5	0.001	0.04240014	0.39	1	0.00023852	0.001	0.00177971	0.07234141	0.59697257	0.09998312	8.51307552	0.1	0.01	0.01	0.01	1e-05	0.01	0.001	0.05	0.5	1e-04	100	5e-06	0.001
0.47	0.9	0.1	0.1069	0.2	80	65.4	9.1	500	3.5	8.61	0.003304	0.00010001	0.00359347	2	0.15	0.1	0.00117705	0.2	0.00200344	0.45	0.00151606	2	4.5	0.001	0.04299717	0.39	1	0.00023852	0.001	0.00177971	0.07234141	0.59697257	0.09998312	8.51307552	0.1	0.01	0.01	0.01	1e-05	0.01	0.001	0.05	0.5	1e-04	100	5e-06	0.001
0.47	0.9	0.1	0.1069	0.2	80	65.4	9.1	500	3.5	8.61	0.003304	0.00010161	0.00365105	2	0.15	0.1	0.0011703	0.2	0.00216802	0.45	0.00153953	2	4.5	0.001	0.04385041	0.39	1	0.00023852	0.001	0.00177971	0.07234141	0.59697257	0.09998312	8.51307552	0.1	0.01	0.01	0.01	1e-05	0.01	0.001	0.05	0.5	1e-04	100	5e-06	0.001
0.47	0.9	0.1	0.1069	0.2	80	65.4	9.1	500	3.5	8.61	0.003304	0.0001023	0.00365218	2	0.15	0.1	0.00117351	0.2	0.00193319	0.45	0.00139192	2	4.5	0.001	0.04429171	0.39	1	0.00023852	0.001	0.00177971	0.07234141	0.59697257	0.09998312	8.51307552	0.1	0.01	0.01	0.01	1e-05	0.01	0.001	0.05	0.5	1e-04	100	5e-06	0.001
0.47	0.9	0.1	0.1069	0.2	80	65.4	9.1	500	3.5	8.61	0.003304	0.00010243	0.00374773	2	0.15	0.1	0.00118989	0.2	0.00234282	0.45	0.00142673	2	4.5	0.001	0.04129356	0.39	1	0.00023852	0.001	0.00177971	0.07234141	0.59697257	0.09998312	8.51307552	0.1	0.01	0.01	0.01	1e-05	0.01	0.001	0.05	0.5	1e-04	100	5e-06	0.001
0.47	0.9	0.1	0.1069	0.2	80	65.4	9.1	500	3.5	8.61	0.003304	0.00010119	0.00362982	2	0.15	0.1	0.00117322	0.2	0.00175071	0.45	0.00147126	2	4.5	0.001	0.04363057	0.39	1	0.00023852	0.001	0.00177971	0.07234141	0.59697257	0.09998312	8.51307552	0.1	0.01	0.01	0.01	1e-05	0.01	0.001	0.05	0.5	1e-04	100	5e-06	0.001
0.47	0.9	0.1	0.1069	0.2	80	65.4	9.1	500	3.5	8.61	0.003304	0.0001018	0.00367214	2	0.15	0.1	0.00117974	0.2	0.0021618	0.45	0.00159445	2	4.5	0.001	0.04341031	0.39	1	0.00023852	0.001	0.00177971	0.07234141	0.59697257	0.09998312	8.51307552	0.1	0.01	0.01	0.01	1e-05	0.01	0.001	0.05	0.5	1e-04	100	5e-06	0.001
0.47	0.9	0.1	0.1069	0.2	80	65.4	9.1	500	3.5	8.61	0.003304	0.00010119	0.00362241	2	0.15	0.1	0.00117322	0.2	0.0022818	0.45	0.00147126	2	4.5	0.001	0.04472125	0.39	1	0.00023852	0.001	0.00177971	0.07234141	0.59697257	0.09998312	8.51307552	0.1	0.01	0.01	0.01	1e-05	0.01	0.001	0.05	0.5	1e-04	100	5e-06	0.001
0.47	0.9	0.1	0.1069	0.2	80	65.4	9.1	500	3.5	8.61	0.003304	0.00010119	0.00364616	2	0.15	0.1	0.00118703	0.2	0.00172716	0.45	0.00160711	2	4.5	0.001	0.04247699	0.39	1	0.00023852	0.001	0.00177971	0.07234141	0.59697257	0.09998312	8.51307552	0.1	0.01	0.01	0.01	1e-05	0.01	0.001	0.05	0.5	1e-04	100	5e-06	0.001
0.47	0.9	0.1	0.1069	0.2	80	65.4	9.1	500	3.5	8.61	0.003304	0.00010119	0.00362982	2	0.15	0.1	0.00117322	0.2	0.00175071	0.45	0.00147126	2	4.5	0.001	0.04363057	0.39	1	0.00023852	0.001	0.00177971	0.07234141	0.59697257	0.09998312	8.51307552	0.1	0.01	0.01	0.01	1e-05	0.01	0.001	0.05	0.5	1e-04	100	5e-06	0.001
0.47	0.9	0.1	0.1069	0.2	80	65.4	9.1	500	3.5	8.61	0.003304	0.00010119	0.00362982	2	0.15	0.1	0.00117322	0.2	0.00175071	0.45	0.00147126	2	4.5	0.001	0.04363057	0.39	1	0.00023852	0.001	0.00177971	0.07234141	0.59697257	0.09998312	8.51307552	0.1	0.01	0.01	0.01	1e-05	0.01	0.001	0.05	0.5	1e-04	100	5e-06	0.001
0.471	0.9	0.1	0.1069	0.2	80	65.4	9.1	500	3.5	8.61	0.003304	0.00011228	0.0040006	2	0.15	0.1	0.00115251	0.2	0.00230299	0.45	0.00112454	2	4.5	0.001	0.04839193	0.39	1	0.00023852	0.001	0.00177971	0.07234141	0.59697257	0.09998312	8.51307552	0.1	0.01	0.01	0.01	1e-05	0.01	0.001	0.05	0.5	1e-04	100	5e-06	0.001
0.471	0.9	0.1	0.1069	0.2	80	65.4	9.1	500	3.5	8.61	0.003304	0.00011228	0.0040006	2	0.15	0.1	0.00115251	0.2	0.00230299	0.45	0.00112454	2	4.5	0.001	0.04839193	0.39	1	0.00023852	0.001	0.00177971	0.07234141	0.59697257	0.09998312	8.51307552	0.1	0.01	0.01	0.01	1e-05	0.01	0.001	0.05	0.5	1e-04	100	5e-06	0.001
0.471	0.9	0.1	0.1069	0.2	80	65.4	9.1	500	3.5	8.61	0.003304	0.0001136	0.00405056	2	0.15	0.1	0.0011312	0.2	0.00232696	0.45	0.00104414	2	4.5	0.001	0.05093237	0.39	1	0.00023852	0.001	0.00177971	0.07234141	0.59697257	0.09998312	8.51307552	0.1	0.01	0.01	0.01	1e-05	0.01	0.001	0.05	0.5	1e-04	100	5e-06	0.001
0.471	0.9	0.1	0.1069	0.2	80	65.4	9.1	500	3.5	8.61	0.003304	0.00011262	0.00406215	2	0.15	0.1	0.00115261	0.2	0.00163667	0.45	0.00106483	2	4.5	0.001	0.04571011	0.39	1	0.00023852	0.001	0.00177971	0.07234141	0.59697257	0.09998312	8.51307552	0.1	0.01	0.01	0.01	1e-05	0.01	0.001	0.05	0.5	1e-04	100	5e-06	0.001
0.471	0.9	0.1	0.1069	0.2	80	65.4	9.1	500	3.5	8.61	0.003304	0.00011319	0.00406481	2	0.15	0.1	0.00114519	0.2	0.00180736	0.45	0.00105328	2	4.5	0.001	0.04748332	0.39	1	0.00023852	0.001	0.00177971	0.07234141	0.59697257	0.09998312	8.51307552	0.1	0.01	0.01	0.01	1e-05	0.01	0.001	0.05	0.5	1e-04	100	5e-06	0.001
0.471	0.9	0.1	0.1069	0.2	80	65.4	9.1	500	3.5	8.61	0.003304	0.00011287	0.00410516	2	0.15	0.1	0.00113927	0.2	0.0015891	0.45	0.00103895	2	4.5	0.001	0.04563272	0.39	1	0.00023852	0.001	0.00177971	0.07234141	0.59697257	0.09998312	8.51307552	0.1	0.01	0.01	0.01	1e-05	0.01	0.001	0.05	0.5	1e-04	100	5e-06	0.001
0.471	0.9	0.1	0.1069	0.2	80	65.4	9.1	500	3.5	8.61	0.003304	0.00011228	0.0040006	2	0.15	0.1	0.00115251	0.2	0.00230299	0.45	0.00112454	2	4.5	0.001	0.04839193	0.39	1	0.00023852	0.001	0.00177971	0.07234141	0.59697257	0.09998312	8.51307552	0.1	0.01	0.01	0.01	1e-05	0.01	0.001	0.05	0.5	1e-04	100	5e-06	0.001
0.471	0.9	0.1	0.1069	0.2	80	65.4	9.1	500	3.5	8.61	0.003304	0.0001127	0.00402773	2	0.15	0.1	0.00114764	0.2	0.00217233	0.45	0.00109763	2	4.5	0.001	0.04880347	0.39	1	0.00023852	0.001	0.00177971	0.07234141	0.59697257	0.09998312	8.51307552	0.1	0.01	0.01	0.01	1e-05	0.01	0.001	0.05	0.5	1e-04	100	5e-06	0.001
0.471	0.9	0.1	0.1069	0.2	80	65.4	9.1	500	3.5	8.61	0.003304	0.00011237	0.00399888	2	0.15	0.1	0.00116114	0.2	0.00225732	0.45	0.00112015	2	4.5	0.001	0.04807305	0.39	1	0.00023852	0.001	0.00177971	0.07234141	0.59697257	0.09998312	8.51307552	0.1	0.01	0.01	0.01	1e-05	0.01	0.001	0.05	0.5	1e-04	100	5e-06	0.001
0.471	0.9	0.1	0.1069	0.2	80	65.4	9.1	500	3.5	8.61	0.003304	0.00011269	0.00399455	2	0.15	0.1	0.00114792	0.2	0.00242662	0.45	0.00106661	2	4.5	0.001	0.04978634	0.39	1	0.00023852	0.001	0.00177971	0.07234141	0.59697257	0.09998312	8.51307552	0.1	0.01	0.01	0.01	1e-05	0.01	0.001	0.05	0.5	1e-04	100	5e-06	0.001
0.471	0.9	0.1	0.1069	0.2	80	65.4	9.1	500	3.5	8.61	0.003304	0.00011264	0.00399937	2	0.15	0.1	0.00115019	0.2	0.00230548	0.45	0.00109021	2	4.5	0.001	0.04920065	0.39	1	0.00023852	0.001	0.00177971	0.07234141	0.59697257	0.09998312	8.51307552	0.1	0.01	0.01	0.01	1e-05	0.01	0.001	0.05	0.5	1e-04	100	5e-06	0.001
0.471	0.9	0.1	0.1069	0.2	80	65.4	9.1	500	3.5	8.61	0.003304	0.0001136	0.00405056	2	0.15	0.1	0.0011312	0.2	0.00232696	0.45	0.00104414	2	4.5	0.001	0.05093237	0.39	1	0.00023852	0.001	0.00177971	0.07234141	0.59697257	0.09998312	8.51307552	0.1	0.01	0.01	0.01	1e-05	0.01	0.001	0.05	0.5	1e-04	100	5e-06	0.001
0.471	0.9	0.1	0.1069	0.2	80	65.4	9.1	500	3.5	8.61	0.003304	0.00011262	0.00406215	2	0.15	0.1	0.00115261	0.2	0.00163667	0.45	0.00106483	2	4.5	0.001	0.04571011	0.39	1	0.00023852	0.001	0.00177971	0.07234141	0.59697257	0.09998312	8.51307552	0.1	0.01	0.01	0.01	1e-05	0.01	0.001	0.05	0.5	1e-04	100	5e-06	0.001
0.471	0.9	0.1	0.1069	0.2	80	65.4	9.1	500	3.5	8.61	0.003304	0.00011328	0.00405074	2	0.15	0.1	0.00114824	0.2	0.00194561	0.45	0.00105173	2	4.5	0.001	0.04807617	0.39	1	0.00023852	0.001	0.00177971	0.07234141	0.59697257	0.09998312	8.51307552	0.1	0.01	0.01	0.01	1e-05	0.01	0.001	0.05	0.5	1e-04	100	5e-06	0.001
0.471	0.9	0.1	0.1069	0.2	80	65.4	9.1	500	3.5	8.61	0.003304	0.00011294	0.00403185	2	0.15	0.1	0.00114987	0.2	0.0020019	0.45	0.00113854	2	4.5	0.001	0.04810327	0.39	1	0.00023852	0.001	0.00177971	0.07234141	0.59697257	0.09998312	8.51307552	0.1	0.01	0.01	0.01	1e-05	0.01	0.001	0.05	0.5	1e-04	100	5e-06	0.001
0.471	0.9	0.1	0.1069	0.2	80	65.4	9.1	500	3.5	8.61	0.003304	0.000113	0.00406743	2	0.15	0.1	0.00114006	0.2	0.00194564	0.45	0.00104239	2	4.5	0.001	0.04791554	0.39	1	0.00023852	0.001	0.00177971	0.07234141	0.59697257	0.09998312	8.51307552	0.1	0.01	0.01	0.01	1e-05	0.01	0.001	0.05	0.5	1e-04	100	5e-06	0.001
0.471	0.9	0.1	0.1069	0.2	80	65.4	9.1	500	3.5	8.61	0.003304	0.00011287	0.00410516	2	0.15	0.1	0.00113927	0.2	0.0015891	0.45	0.00103895	2	4.5	0.001	0.04563272	0.39	1	0.00023852	0.001	0.00177971	0.07234141	0.59697257	0.09998312	8.51307552	0.1	0.01	0.01	0.01	1e-05	0.01	0.001	0.05	0.5	1e-04	100	5e-06	0.001
0.471	0.9	0.1	0.1069	0.2	80	65.4	9.1	500	3.5	8.61	0.003304	0.00011299	0.00406324	2	0.15	0.1	0.0011428	0.2	0.00196573	0.45	0.00107462	2	4.5	0.001	0.04785663	0.39	1	0.00023852	0.001	0.00177971	0.07234141	0.59697257	0.09998312	8.51307552	0.1	0.01	0.01	0.01	1e-05	0.01	0.001	0.05	0.5	1e-04	100	5e-06	0.001
0.471	0.9	0.1	0.1069	0.2	80	65.4	9.1	500	3.5	8.61	0.003304	0.00010253	0.00359847	2	0.15	0.1	0.00113728	0.2	0.00236269	0.45	0.00123659	2	4.5	0.001	0.04981397	0.39	1	0.00023852	0.001	0.00177971	0.07234141	0.59697257	0.09998312	8.51307552	0.1	0.01	0.01	0.01	1e-05	0.01	0.001	0.05	0.5	1e-04	100	5e-06	0.001
0.471	0.9	0.1	0.1069	0.2	80	65.4	9.1	500	3.5	8.61	0.003304	0.00010231	0.0035499	2	0.15	0.1	0.00114587	0.2	0.00273541	0.45	0.00105883	2	4.5	0.001	0.04997114	0.39	1	0.00023852	0.001	0.00177971	0.07234141	0.59697257	0.09998312	8.51307552	0.1	0.01	0.01	0.01	1e-05	0.01	0.001	0.05	0.5	1e-04	100	5e-06	0.001
0.471	0.9	0.1	0.1069	0.2	80	65.4	9.1	500	3.5	8.61	0.003304	0.00010253	0.00359847	2	0.15	0.1	0.00113728	0.2	0.00236269	0.45	0.00123659	2	4.5	0.001	0.04981397	0.39	1	0.00023852	0.001	0.00177971	0.07234141	0.59697257	0.09998312	8.51307552	0.1	0.01	0.01	0.01	1e-05	0.01	0.001	0.05	0.5	1e-04	100	5e-06	0.001
0.471	0.9	0.1	0.1069	0.2	80	65.4	9.1	500	3.5	8.61	0.003304	0.00010231	0.0035499	2	0.15	0.1	0.00114587	0.2	0.00273541	0.45	0.00105883	2	4.5	0.001	0.04997114	0.39	1	0.00023852	0.001	0.00177971	0.07234141	0.59697257	0.09998312	8.51307552	0.1	0.01	0.01	0.01	1e-05	0.01	0.001	0.05	0.5	1e-04	100	5e-06	0.001
0.471	0.9	0.1	0.1069	0.2	80	65.4	9.1	500	3.5	8.61	0.003304	0.00010215	0.00357429	2	0.15	0.1	0.00112606	0.2	0.00206705	0.45	0.00133873	2	4.5	0.001	0.04983881	0.39	1	0.00023852	0.001	0.00177971	0.07234141	0.59697257	0.09998312	8.51307552	0.1	0.01	0.01	0.01	1e-05	0.01	0.001	0.05	0.5	1e-04	100	5e-06	0.001
0.471	0.9	0.1	0.1069	0.2	80	65.4	9.1	500	3.5	8.61	0.003304	0.00010216	0.00356289	2	0.15	0.1	0.0011476	0.2	0.00231047	0.45	0.0010203	2	4.5	0.001	0.04902938	0.39	1	0.00023852	0.001	0.00177971	0.07234141	0.59697257	0.09998312	8.51307552	0.1	0.01	0.01	0.01	1e-05	0.01	0.001	0.05	0.5	1e-04	100	5e-06	0.001
0.471	0.9	0.1	0.1069	0.2	80	65.4	9.1	500	3.5	8.61	0.003304	0.00010221	0.00357031	2	0.15	0.1	0.00113667	0.2	0.00255181	0.45	0.00114293	2	4.5	0.001	0.04995815	0.39	1	0.00023852	0.001	0.00177971	0.07234141	0.59697257	0.09998312	8.51307552	0.1	0.01	0.01	0.01	1e-05	0.01	0.001	0.05	0.5	1e-04	100	5e-06	0.001
0.471	0.9	0.1	0.1069	0.2	80	65.4	9.1	500	3.5	8.61	0.003304	0.00010253	0.00359847	2	0.15	0.1	0.00113728	0.2	0.00236269	0.45	0.00123659	2	4.5	0.001	0.04981397	0.39	1	0.00023852	0.001	0.00177971	0.07234141	0.59697257	0.09998312	8.51307552	0.1	0.01	0.01	0.01	1e-05	0.01	0.001	0.05	0.5	1e-04	100	5e-06	0.001
0.471	0.9	0.1	0.1069	0.2	80	65.4	9.1	500	3.5	8.61	0.003304	0.00010214	0.00359778	2	0.15	0.1	0.00113676	0.2	0.00174725	0.45	0.00117059	2	4.5	0.001	0.04713542	0.39	1	0.00023852	0.001	0.00177971	0.07234141	0.59697257	0.09998312	8.51307552	0.1	0.01	0.01	0.01	1e-05	0.01	0.001	0.05	0.5	1e-04	100	5e-06	0.001
0.471	0.9	0.1	0.1069	0.2	80	65.4	9.1	500	3.5	8.61	0.003304	0.00010231	0.0035499	2	0.15	0.1	0.00114587	0.2	0.00273541	0.45	0.00105883	2	4.5	0.001	0.04997114	0.39	1	0.00023852	0.001	0.00177971	0.07234141	0.59697257	0.09998312	8.51307552	0.1	0.01	0.01	0.01	1e-05	0.01	0.001	0.05	0.5	1e-04	100	5e-06	0.001
0.471	0.9	0.1	0.1069	0.2	80	65.4	9.1	500	3.5	8.61	0.003304	0.00010253	0.00359847	2	0.15	0.1	0.00113728	0.2	0.00236269	0.45	0.00123659	2	4.5	0.001	0.04981397	0.39	1	0.00023852	0.001	0.00177971	0.07234141	0.59697257	0.09998312	8.51307552	0.1	0.01	0.01	0.01	1e-05	0.01	0.001	0.05	0.5	1e-04	100	5e-06	0.001
0.471	0.9	0.1	0.1069	0.2	80	65.4	9.1	500	3.5	8.61	0.003304	0.00010231	0.00355995	2	0.15	0.1	0.00114025	0.2	0.00265351	0.45	0.00111753	2	4.5	0.001	0.05027108	0.39	1	0.00023852	0.001	0.00177971	0.07234141	0.59697257	0.09998312	8.51307552	0.1	0.01	0.01	0.01	1e-05	0.01	0.001	0.05	0.5	1e-04	100	5e-06	0.001
0.471	0.9	0.1	0.1069	0.2	80	65.4	9.1	500	3.5	8.61	0.003304	0.00010258	0.00370353	2	0.15	0.1	0.0011986	0.2	0.00177971	0.45	0.00171101	2	4.5	0.001	0.04198864	0.39	1	0.00023852	0.001	0.00177971	0.07234141	0.59697257	0.09998312	8.51307552	0.1	0.01	0.01	0.01	1e-05	0.01	0.001	0.05	0.5	1e-04	100	5e-06	0.001
0.471	0.9	0.1	0.1069	0.2	80	65.4	9.1	500	3.5	8.61	0.003304	0.00010297	0.00370478	2	0.15	0.1	0.00119371	0.2	0.00225773	0.45	0.00158214	2	4.5	0.001	0.04276749	0.39	1	0.00023852	0.001	0.00177971	0.07234141	0.59697257	0.09998312	8.51307552	0.1	0.01	0.01	0.01	1e-05	0.01	0.001	0.05	0.5	1e-04	100	5e-06	0.001
0.471	0.9	0.1	0.1069	0.2	80	65.4	9.1	500	3.5	8.61	0.003304	0.00010219	0.00367444	2	0.15	0.1	0.00118913	0.2	0.00218374	0.45	0.00161386	2	4.5	0.001	0.04317564	0.39	1	0.00023852	0.001	0.00177971	0.07234141	0.59697257	0.09998312	8.51307552	0.1	0.01	0.01	0.01	1e-05	0.01	0.001	0.05	0.5	1e-04	100	5e-06	0.001
0.471	0.9	0.1	0.1069	0.2	80	65.4	9.1	500	3.5	8.61	0.003304	0.00010258	0.00370353	2	0.15	0.1	0.0011986	0.2	0.00177971	0.45	0.00171101	2	4.5	0.001	0.04198864	0.39	1	0.00023852	0.001	0.00177971	0.07234141	0.59697257	0.09998312	8.51307552	0.1	0.01	0.01	0.01	1e-05	0.01	0.001	0.05	0.5	1e-04	100	5e-06	0.001
0.471	0.9	0.1	0.1069	0.2	80	65.4	9.1	500	3.5	8.61	0.003304	0.00010297	0.00370478	2	0.15	0.1	0.00119371	0.2	0.00225773	0.45	0.00158214	2	4.5	0.001	0.04276749	0.39	1	0.00023852	0.001	0.00177971	0.07234141	0.59697257	0.09998312	8.51307552	0.1	0.01	0.01	0.01	1e-05	0.01	0.001	0.05	0.5	1e-04	100	5e-06	0.001
0.471	0.9	0.1	0.1069	0.2	80	65.4	9.1	500	3.5	8.61	0.003304	0.00010138	0.00363205	2	0.15	0.1	0.00118106	0.2	0.00220386	0.45	0.00168364	2	4.5	0.001	0.04381191	0.39	1	0.00023852	0.001	0.00177971	0.07234141	0.59697257	0.09998312	8.51307552	0.1	0.01	0.01	0.01	1e-05	0.01	0.001	0.05	0.5	1e-04	100	5e-06	0.001
0.471	0.9	0.1	0.1069	0.2	80	65.4	9.1	500	3.5	8.61	0.003304	0.00010203	0.00360928	2	0.15	0.1	0.00117022	0.2	0.00180286	0.45	0.00140889	2	4.5	0.001	0.04480845	0.39	1	0.00023852	0.001	0.00177971	0.07234141	0.59697257	0.09998312	8.51307552	0.1	0.01	0.01	0.01	1e-05	0.01	0.001	0.05	0.5	1e-04	100	5e-06	0.001
0.471	0.9	0.1	0.1069	0.2	80	65.4	9.1	500	3.5	8.61	0.003304	0.00010138	0.00360048	2	0.15	0.1	0.00117333	0.2	0.00214201	0.45	0.001541	2	4.5	0.001	0.04550731	0.39	1	0.00023852	0.001	0.00177971	0.07234141	0.59697257	0.09998312	8.51307552	0.1	0.01	0.01	0.01	1e-05	0.01	0.001	0.05	0.5	1e-04	100	5e-06	0.001
0.472	0.9	0.1	0.1069	0.2	80	65.4	9.1	500	3.5	8.61	0.003304	0.00011331	0.00402533	2	0.15	0.1	0.00114417	0.2	0.00212972	0.45	0.0010196	2	4.5	0.001	0.04998396	0.39	1	0.00023852	0.001	0.00177971	0.07234141	0.59697257	0.09998312	8.51307552	0.1	0.01	0.01	0.01	1e-05	0.01	0.001	0.05	0.5	1e-04	100	5e-06	0.001
0.472	0.9	0.1	0.1069	0.2	80	65.4	9.1	500	3.5	8.61	0.003304	0.00011384	0.00409462	2	0.15	0.1	0.00114273	0.2	0.00166389	0.45	0.00100079	2	4.5	0.001	0.04741848	0.39	1	0.00023852	0.001	0.00177971	0.07234141	0.59697257	0.09998312	8.51307552	0.1	0.01	0.01	0.01	1e-05	0.01	0.001	0.05	0.5	1e-04	100	5e-06	0.001
0.472	0.9	0.1	0.1069	0.2	80	65.4	9.1	500	3.5	8.61	0.003304	0.00011387	0.00405123	2	0.15	0.1	0.0011432	0.2	0.0020347	0.45	0.00104775	2	4.5	0.001	0.04924682	0.39	1	0.00023852	0.001	0.00177971	0.07234141	0.59697257	0.09998312	8.51307552	0.1	0.01	0.01	0.01	1e-05	0.01	0.001	0.05	0.5	1e-04	100	5e-06	0.001
0.472	0.9	0.1	0.1069	0.2	80	65.4	9.1	500	3.5	8.61	0.003304	0.00011331	0.00402533	2	0.15	0.1	0.00114417	0.2	0.00212972	0.45	0.0010196	2	4.5	0.001	0.04998396	0.39	1	0.00023852	0.001	0.00177971	0.07234141	0.59697257	0.09998312	8.51307552	0.1	0.01	0.01	0.01	1e-05	0.01	0.001	0.05	0.5	1e-04	100	5e-06	0.001
0.472	0.9	0.1	0.1069	0.2	80	65.4	9.1	500	3.5	8.61	0.003304	0.00011384	0.00409462	2	0.15	0.1	0.00114273	0.2	0.00166389	0.45	0.00100079	2	4.5	0.001	0.04741848	0.39	1	0.00023852	0.001	0.00177971	0.07234141	0.59697257	0.09998312	8.51307552	0.1	0.01	0.01	0.01	1e-05	0.01	0.001	0.05	0.5	1e-04	100	5e-06	0.001
0.472	0.9	0.1	0.1069	0.2	80	65.4	9.1	500	3.5	8.61	0.003304	0.00011387	0.00405123	2	0.15	0.1	0.0011432	0.2	0.0020347	0.45	0.00104775	2	4.5	0.001	0.04924682	0.39	1	0.00023852	0.001	0.00177971	0.07234141	0.59697257	0.09998312	8.51307552	0.1	0.01	0.01	0.01	1e-05	0.01	0.001	0.05	0.5	1e-04	100	5e-06	0.001
0.472	0.9	0.1	0.1069	0.2	80	65.4	9.1	500	3.5	8.61	0.003304	0.00011277	0.00398895	2	0.15	0.1	0.00115157	0.2	0.00244691	0.45	0.00118509	2	4.5	0.001	0.04991391	0.39	1	0.00023852	0.001	0.00177971	0.07234141	0.59697257	0.09998312	8.51307552	0.1	0.01	0.01	0.01	1e-05	0.01	0.001	0.05	0.5	1e-04	100	5e-06	0.001
0.472	0.9	0.1	0.1069	0.2	80	65.4	9.1	500	3.5	8.61	0.003304	0.00011204	0.00396361	2	0.15	0.1	0.00117291	0.2	0.00249465	0.45	0.00115644	2	4.5	0.001	0.04839836	0.39	1	0.00023852	0.001	0.00177971	0.07234141	0.59697257	0.09998312	8.51307552	0.1	0.01	0.01	0.01	1e-05	0.01	0.001	0.05	0.5	1e-04	100	5e-06	0.001
0.472	0.9	0.1	0.1069	0.2	80	65.4	9.1	500	3.5	8.61	0.003304	0.00011331	0.00402533	2	0.15	0.1	0.00114417	0.2	0.00212972	0.45	0.0010196	2	4.5	0.001	0.04998396	0.39	1	0.00023852	0.001	0.00177971	0.07234141	0.59697257	0.09998312	8.51307552	0.1	0.01	0.01	0.01	1e-05	0.01	0.001	0.05	0.5	1e-04	100	5e-06	0.001
0.472	0.9	0.1	0.1069	0.2	80	65.4	9.1	500	3.5	8.61	0.003304	0.00011331	0.00404027	2	0.15	0.1	0.00115095	0.2	0.00191789	0.45	0.00114383	2	4.5	0.001	0.0481779	0.39	1	0.00023852	0.001	0.00177971	0.07234141	0.59697257	0.09998312	8.51307552	0.1	0.01	0.01	0.01	1e-05	0.01	0.001	0.05	0.5	1e-04	100	5e-06	0.001
0.472	0.9	0.1	0.1069	0.2	80	65.4	9.1	500	3.5	8.61	0.003304	0.00011304	0.00400201	2	0.15	0.1	0.00114928	0.2	0.00232659	0.45	0.00112476	2	4.5	0.001	0.0504769	0.39	1	0.00023852	0.001	0.00177971	0.07234141	0.59697257	0.09998312	8.51307552	0.1	0.01	0.01	0.01	1e-05	0.01	0.001	0.05	0.5	1e-04	100	5e-06	0.001
0.472	0.9	0.1	0.1069	0.2	80	65.4	9.1	500	3.5	8.61	0.003304	0.00011353	0.00405883	2	0.15	0.1	0.00113777	0.2	0.00194565	0.45	0.00102343	2	4.5	0.001	0.04952412	0.39	1	0.00023852	0.001	0.00177971	0.07234141	0.59697257	0.09998312	8.51307552	0.1	0.01	0.01	0.01	1e-05	0.01	0.001	0.05	0.5	1e-04	100	5e-06	0.001
0.472	0.9	0.1	0.1069	0.2	80	65.4	9.1	500	3.5	8.61	0.003304	0.00011327	0.00399686	2	0.15	0.1	0.00115186	0.2	0.0022514	0.45	0.00110292	2	4.5	0.001	0.05012637	0.39	1	0.00023852	0.001	0.00177971	0.07234141	0.59697257	0.09998312	8.51307552	0.1	0.01	0.01	0.01	1e-05	0.01	0.001	0.05	0.5	1e-04	100	5e-06	0.001
0.472	0.9	0.1	0.1069	0.2	80	65.4	9.1	500	3.5	8.61	0.003304	0.00011358	0.00400826	2	0.15	0.1	0.00114577	0.2	0.00232652	0.45	0.00110442	2	4.5	0.001	0.05098126	0.39	1	0.00023852	0.001	0.00177971	0.07234141	0.59697257	0.09998312	8.51307552	0.1	0.01	0.01	0.01	1e-05	0.01	0.001	0.05	0.5	1e-04	100	5e-06	0.001
0.472	0.9	0.1	0.1069	0.2	80	65.4	9.1	500	3.5	8.61	0.003304	0.00011449	0.00411055	2	0.15	0.1	0.00112968	0.2	0.00179013	0.45	0.00105312	2	4.5	0.001	0.04902497	0.39	1	0.00023852	0.001	0.00177971	0.07234141	0.59697257	0.09998312	8.51307552	0.1	0.01	0.01	0.01	1e-05	0.01	0.001	0.05	0.5	1e-04	100	5e-06	0.001
0.472	0.9	0.1	0.1069	0.2	80	65.4	9.1	500	3.5	8.61	0.003304	0.00011384	0.00409462	2	0.15	0.1	0.00114273	0.2	0.00166389	0.45	0.00100079	2	4.5	0.001	0.04741848	0.39	1	0.00023852	0.001	0.00177971	0.07234141	0.59697257	0.09998312	8.51307552	0.1	0.01	0.01	0.01	1e-05	0.01	0.001	0.05	0.5	1e-04	100	5e-06	0.001
0.472	0.9	0.1	0.1069	0.2	80	65.4	9.1	500	3.5	8.61	0.003304	0.00011324	0.00403922	2	0.15	0.1	0.00114352	0.2	0.00204755	0.45	0.00105477	2	4.5	0.001	0.04915015	0.39	1	0.00023852	0.001	0.00177971	0.07234141	0.59697257	0.09998312	8.51307552	0.1	0.01	0.01	0.01	1e-05	0.01	0.001	0.05	0.5	1e-04	100	5e-06	0.001
0.472	0.9	0.1	0.1069	0.2	80	65.4	9.1	500	3.5	8.61	0.003304	0.00011387	0.00405123	2	0.15	0.1	0.0011432	0.2	0.0020347	0.45	0.00104775	2	4.5	0.001	0.04924682	0.39	1	0.00023852	0.001	0.00177971	0.07234141	0.59697257	0.09998312	8.51307552	0.1	0.01	0.01	0.01	1e-05	0.01	0.001	0.05	0.5	1e-04	100	5e-06	0.001
0.472	0.9	0.1	0.1069	0.2	80	65.4	9.1	500	3.5	8.61	0.003304	0.00011277	0.00398895	2	0.15	0.1	0.00115157	0.2	0.00244691	0.45	0.00118509	2	4.5	0.001	0.04991391	0.39	1	0.00023852	0.001	0.00177971	0.07234141	0.59697257	0.09998312	8.51307552	0.1	0.01	0.01	0.01	1e-05	0.01	0.001	0.05	0.5	1e-04	100	5e-06	0.001
0.472	0.9	0.1	0.1069	0.2	80	65.4	9.1	500	3.5	8.61	0.003304	0.00011318	0.00400413	2	0.15	0.1	0.00114992	0.2	0.00229244	0.45	0.00111032	2	4.5	0.001	0.05001394	0.39	1	0.00023852	0.001	0.00177971	0.07234141	0.59697257	0.09998312	8.51307552	0.1	0.01	0.01	0.01	1e-05	0.01	0.001	0.05	0.5	1e-04	100	5e-06	0.001
0.472	0.9	0.1	0.1069	0.2	80	65.4	9.1	500	3.5	8.61	0.003304	0.00010236	0.00354567	2	0.15	0.1	0.00114438	0.2	0.00298927	0.45	0.00105038	2	4.5	0.001	0.05088246	0.39	1	0.00023852	0.001	0.00177971	0.07234141	0.59697257	0.09998312	8.51307552	0.1	0.01	0.01	0.01	1e-05	0.01	0.001	0.05	0.5	1e-04	100	5e-06	0.001
0.472	0.9	0.1	0.1069	0.2	80	65.4	9.1	500	3.5	8.61	0.003304	0.00010268	0.00354839	2	0.15	0.1	0.00114317	0.2	0.00272884	0.45	0.0011923	2	4.5	0.001	0.05102991	0.39	1	0.00023852	0.001	0.00177971	0.07234141	0.59697257	0.09998312	8.51307552	0.1	0.01	0.01	0.01	1e-05	0.01	0.001	0.05	0.5	1e-04	100	5e-06	0.001
0.472	0.9	0.1	0.1069	0.2	80	65.4	9.1	500	3.5	8.61	0.003304	0.00010271	0.00353241	2	0.15	0.1	0.00115422	0.2	0.0024543	0.45	0.0011374	2	4.5	0.001	0.05014299	0.39	1	0.00023852	0.001	0.00177971	0.07234141	0.59697257	0.09998312	8.51307552	0.1	0.01	0.01	0.01	1e-05	0.01	0.001	0.05	0.5	1e-04	100	5e-06	0.001
0.472	0.9	0.1	0.1069	0.2	80	65.4	9.1	500	3.5	8.61	0.003304	0.00010227	0.00353334	2	0.15	0.1	0.00113678	0.2	0.00304853	0.45	0.00115078	2	4.5	0.001	0.05251843	0.39	1	0.00023852	0.001	0.00177971	0.07234141	0.59697257	0.09998312	8.51307552	0.1	0.01	0.01	0.01	1e-05	0.01	0.001	0.05	0.5	1e-04	100	5e-06	0.001
0.472	0.9	0.1	0.1069	0.2	80	65.4	9.1	500	3.5	8.61	0.003304	0.00010242	0.0034977	2	0.15	0.1	0.00114075	0.2	0.00283965	0.45	0.00100063	2	4.5	0.001	0.05334479	0.39	1	0.00023852	0.001	0.00177971	0.07234141	0.59697257	0.09998312	8.51307552	0.1	0.01	0.01	0.01	1e-05	0.01	0.001	0.05	0.5	1e-04	100	5e-06	0.001
0.472	0.9	0.1	0.1069	0.2	80	65.4	9.1	500	3.5	8.61	0.003304	0.0001025	0.00354073	2	0.15	0.1	0.00114553	0.2	0.00268232	0.45	0.00111461	2	4.5	0.001	0.05068078	0.39	1	0.00023852	0.001	0.00177971	0.07234141	0.59697257	0.09998312	8.51307552	0.1	0.01	0.01	0.01	1e-05	0.01	0.001	0.05	0.5	1e-04	100	5e-06	0.001
0.472	0.9	0.1	0.1069	0.2	80	65.4	9.1	500	3.5	8.61	0.003304	0.00010247	0.00353626	2	0.15	0.1	0.00114381	0.2	0.00271561	0.45	0.00111361	2	4.5	0.001	0.05101279	0.39	1	0.00023852	0.001	0.00177971	0.07234141	0.59697257	0.09998312	8.51307552	0.1	0.01	0.01	0.01	1e-05	0.01	0.001	0.05	0.5	1e-04	100	5e-06	0.001
0.472	0.9	0.1	0.1069	0.2	80	65.4	9.1	500	3.5	8.61	0.003304	0.00010236	0.00354567	2	0.15	0.1	0.00114438	0.2	0.00298927	0.45	0.00105038	2	4.5	0.001	0.05088246	0.39	1	0.00023852	0.001	0.00177971	0.07234141	0.59697257	0.09998312	8.51307552	0.1	0.01	0.01	0.01	1e-05	0.01	0.001	0.05	0.5	1e-04	100	5e-06	0.001
0.472	0.9	0.1	0.1069	0.2	80	65.4	9.1	500	3.5	8.61	0.003304	0.00010242	0.00352208	2	0.15	0.1	0.00114303	0.2	0.00268039	0.45	0.00104829	2	4.5	0.001	0.05167335	0.39	1	0.00023852	0.001	0.00177971	0.07234141	0.59697257	0.09998312	8.51307552	0.1	0.01	0.01	0.01	1e-05	0.01	0.001	0.05	0.5	1e-04	100	5e-06	0.001
0.472	0.9	0.1	0.1069	0.2	80	65.4	9.1	500	3.5	8.61	0.003304	0.00010237	0.00352175	2	0.15	0.1	0.00114035	0.2	0.00238363	0.45	0.00111489	2	4.5	0.001	0.05086599	0.39	1	0.00023852	0.001	0.00177971	0.07234141	0.59697257	0.09998312	8.51307552	0.1	0.01	0.01	0.01	1e-05	0.01	0.001	0.05	0.5	1e-04	100	5e-06	0.001
0.472	0.9	0.1	0.1069	0.2	80	65.4	9.1	500	3.5	8.61	0.003304	0.00010268	0.00354839	2	0.15	0.1	0.00114317	0.2	0.00272884	0.45	0.0011923	2	4.5	0.001	0.05102991	0.39	1	0.00023852	0.001	0.00177971	0.07234141	0.59697257	0.09998312	8.51307552	0.1	0.01	0.01	0.01	1e-05	0.01	0.001	0.05	0.5	1e-04	100	5e-06	0.001
0.472	0.9	0.1	0.1069	0.2	80	65.4	9.1	500	3.5	8.61	0.003304	0.00010238	0.00353317	2	0.15	0.1	0.00114454	0.2	0.0029181	0.45	0.00112078	2	4.5	0.001	0.05104318	0.39	1	0.00023852	0.001	0.00177971	0.07234141	0.59697257	0.09998312	8.51307552	0.1	0.01	0.01	0.01	1e-05	0.01	0.001	0.05	0.5	1e-04	100	5e-06	0.001
0.472	0.9	0.1	0.1069	0.2	80	65.4	9.1	500	3.5	8.61	0.003304	0.00010271	0.00353241	2	0.15	0.1	0.00115422	0.2	0.0024543	0.45	0.0011374	2	4.5	0.001	0.05014299	0.39	1	0.00023852	0.001	0.00177971	0.07234141	0.59697257	0.09998312	8.51307552	0.1	0.01	0.01	0.01	1e-05	0.01	0.001	0.05	0.5	1e-04	100	5e-06	0.001
0.472	0.9	0.1	0.1069	0.2	80	65.4	9.1	500	3.5	8.61	0.003304	0.00010256	0.00352899	2	0.15	0.1	0.00114592	0.2	0.00281435	0.45	0.00112907	2	4.5	0.001	0.05144326	0.39	1	0.00023852	0.001	0.00177971	0.07234141	0.59697257	0.09998312	8.51307552	0.1	0.01	0.01	0.01	1e-05	0.01	0.001	0.05	0.5	1e-04	100	5e-06	0.001
0.472	0.9	0.1	0.1069	0.2	80	65.4	9.1	500	3.5	8.61	0.003304	0.00010223	0.00355597	2	0.15	0.1	0.00113692	0.2	0.00178658	0.45	0.00110492	2	4.5	0.001	0.04854604	0.39	1	0.00023852	0.001	0.00177971	0.07234141	0.59697257	0.09998312	8.51307552	0.1	0.01	0.01	0.01	1e-05	0.01	0.001	0.05	0.5	1e-04	100	5e-06	0.001
0.472	0.9	0.1	0.1069	0.2	80	65.4	9.1	500	3.5	8.61	0.003304	0.00010228	0.00354734	2	0.15	0.1	0.00114126	0.2	0.00227323	0.45	0.00111961	2	4.5	0.001	0.05047542	0.39	1	0.00023852	0.001	0.00177971	0.07234141	0.59697257	0.09998312	8.51307552	0.1	0.01	0.01	0.01	1e-05	0.01	0.001	0.05	0.5	1e-04	100	5e-06	0.001
0.472	0.9	0.1	0.1069	0.2	80	65.4	9.1	500	3.5	8.61	0.003304	0.00010217	0.00357859	2	0.15	0.1	0.0011518	0.2	0.00217248	0.45	0.00123293	2	4.5	0.001	0.04940849	0.39	1	0.00023852	0.001	0.00177971	0.07234141	0.59697257	0.09998312	8.51307552	0.1	0.01	0.01	0.01	1e-05	0.01	0.001	0.05	0.5	1e-04	100	5e-06	0.001
0.472	0.9	0.1	0.1069	0.2	80	65.4	9.1	500	3.5	8.61	0.003304	0.00010058	0.00357117	2	0.15	0.1	0.00117926	0.2	0.00246533	0.45	0.0017505	2	4.5	0.001	0.04485697	0.39	1	0.00023852	0.001	0.00177971	0.07234141	0.59697257	0.09998312	8.51307552	0.1	0.01	0.01	0.01	1e-05	0.01	0.001	0.05	0.5	1e-04	100	5e-06	0.001
0.472	0.9	0.1	0.1069	0.2	80	65.4	9.1	500	3.5	8.61	0.003304	0.00010316	0.0036651	2	0.15	0.1	0.00119983	0.2	0.0023286	0.45	0.0017147	2	4.5	0.001	0.04421098	0.39	1	0.00023852	0.001	0.00177971	0.07234141	0.59697257	0.09998312	8.51307552	0.1	0.01	0.01	0.01	1e-05	0.01	0.001	0.05	0.5	1e-04	100	5e-06	0.001
0.472	0.9	0.1	0.1069	0.2	80	65.4	9.1	500	3.5	8.61	0.003304	0.00010335	0.00370803	2	0.15	0.1	0.00119981	0.2	0.00220304	0.45	0.00167839	2	4.5	0.001	0.04329882	0.39	1	0.00023852	0.001	0.00177971	0.07234141	0.59697257	0.09998312	8.51307552	0.1	0.01	0.01	0.01	1e-05	0.01	0.001	0.05	0.5	1e-04	100	5e-06	0.001
0.472	0.9	0.1	0.1069	0.2	80	65.4	9.1	500	3.5	8.61	0.003304	0.00010215	0.0036248	2	0.15	0.1	0.00119047	0.2	0.00210842	0.45	0.00164079	2	4.5	0.001	0.04491014	0.39	1	0.00023852	0.001	0.00177971	0.07234141	0.59697257	0.09998312	8.51307552	0.1	0.01	0.01	0.01	1e-05	0.01	0.001	0.05	0.5	1e-04	100	5e-06	0.001
0.472	0.9	0.1	0.1069	0.2	80	65.4	9.1	500	3.5	8.61	0.003304	0.00010373	0.00369775	2	0.15	0.1	0.00120412	0.2	0.00223324	0.45	0.00170731	2	4.5	0.001	0.04392325	0.39	1	0.00023852	0.001	0.00177971	0.07234141	0.59697257	0.09998312	8.51307552	0.1	0.01	0.01	0.01	1e-05	0.01	0.001	0.05	0.5	1e-04	100	5e-06	0.001
0.473	0.9	0.1	0.1069	0.2	80	65.4	9.1	500	3.5	8.61	0.003304	0.00011353	0.00399282	2	0.15	0.1	0.00113276	0.2	0.00233963	0.45	0.00108719	2	4.5	0.001	0.05296114	0.39	1	0.00023852	0.001	0.00177971	0.07234141	0.59697257	0.09998312	8.51307552	0.1	0.01	0.01	0.01	1e-05	0.01	0.001	0.05	0.5	1e-04	100	5e-06	0.001
0.473	0.9	0.1	0.1069	0.2	80	65.4	9.1	500	3.5	8.61	0.003304	0.00011363	0.00397214	2	0.15	0.1	0.00114632	0.2	0.002609	0.45	0.00115671	2	4.5	0.001	0.0525247	0.39	1	0.00023852	0.001	0.00177971	0.07234141	0.59697257	0.09998312	8.51307552	0.1	0.01	0.01	0.01	1e-05	0.01	0.001	0.05	0.5	1e-04	100	5e-06	0.001
0.473	0.9	0.1	0.1069	0.2	80	65.4	9.1	500	3.5	8.61	0.003304	0.00011309	0.00394068	2	0.15	0.1	0.00115775	0.2	0.00248159	0.45	0.0010495	2	4.5	0.001	0.05164608	0.39	1	0.00023852	0.001	0.00177971	0.07234141	0.59697257	0.09998312	8.51307552	0.1	0.01	0.01	0.01	1e-05	0.01	0.001	0.05	0.5	1e-04	100	5e-06	0.001
0.473	0.9	0.1	0.1069	0.2	80	65.4	9.1	500	3.5	8.61	0.003304	0.00011353	0.00399282	2	0.15	0.1	0.00113276	0.2	0.00233963	0.45	0.00108719	2	4.5	0.001	0.05296114	0.39	1	0.00023852	0.001	0.00177971	0.07234141	0.59697257	0.09998312	8.51307552	0.1	0.01	0.01	0.01	1e-05	0.01	0.001	0.05	0.5	1e-04	100	5e-06	0.001
0.473	0.9	0.1	0.1069	0.2	80	65.4	9.1	500	3.5	8.61	0.003304	0.00011381	0.00408209	2	0.15	0.1	0.00112729	0.2	0.00170382	0.45	0.00105138	2	4.5	0.001	0.04883372	0.39	1	0.00023852	0.001	0.00177971	0.07234141	0.59697257	0.09998312	8.51307552	0.1	0.01	0.01	0.01	1e-05	0.01	0.001	0.05	0.5	1e-04	100	5e-06	0.001
0.473	0.9	0.1	0.1069	0.2	80	65.4	9.1	500	3.5	8.61	0.003304	0.00011363	0.00397214	2	0.15	0.1	0.00114632	0.2	0.002609	0.45	0.00115671	2	4.5	0.001	0.0525247	0.39	1	0.00023852	0.001	0.00177971	0.07234141	0.59697257	0.09998312	8.51307552	0.1	0.01	0.01	0.01	1e-05	0.01	0.001	0.05	0.5	1e-04	100	5e-06	0.001
0.473	0.9	0.1	0.1069	0.2	80	65.4	9.1	500	3.5	8.61	0.003304	0.00011309	0.00394068	2	0.15	0.1	0.00115775	0.2	0.00248159	0.45	0.0010495	2	4.5	0.001	0.05164608	0.39	1	0.00023852	0.001	0.00177971	0.07234141	0.59697257	0.09998312	8.51307552	0.1	0.01	0.01	0.01	1e-05	0.01	0.001	0.05	0.5	1e-04	100	5e-06	0.001
0.473	0.9	0.1	0.1069	0.2	80	65.4	9.1	500	3.5	8.61	0.003304	0.00011353	0.00399282	2	0.15	0.1	0.00113276	0.2	0.00233963	0.45	0.00108719	2	4.5	0.001	0.05296114	0.39	1	0.00023852	0.001	0.00177971	0.07234141	0.59697257	0.09998312	8.51307552	0.1	0.01	0.01	0.01	1e-05	0.01	0.001	0.05	0.5	1e-04	100	5e-06	0.001
0.473	0.9	0.1	0.1069	0.2	80	65.4	9.1	500	3.5	8.61	0.003304	0.00011244	0.00394166	2	0.15	0.1	0.00115688	0.2	0.00290296	0.45	0.00129135	2	4.5	0.001	0.05128983	0.39	1	0.00023852	0.001	0.00177971	0.07234141	0.59697257	0.09998312	8.51307552	0.1	0.01	0.01	0.01	1e-05	0.01	0.001	0.05	0.5	1e-04	100	5e-06	0.001
0.473	0.9	0.1	0.1069	0.2	80	65.4	9.1	500	3.5	8.61	0.003304	0.00011365	0.00398784	2	0.15	0.1	0.00115298	0.2	0.00221858	0.45	0.00115533	2	4.5	0.001	0.05077081	0.39	1	0.00023852	0.001	0.00177971	0.07234141	0.59697257	0.09998312	8.51307552	0.1	0.01	0.01	0.01	1e-05	0.01	0.001	0.05	0.5	1e-04	100	5e-06	0.001
0.473	0.9	0.1	0.1069	0.2	80	65.4	9.1	500	3.5	8.61	0.003304	0.00011363	0.0039608	2	0.15	0.1	0.00115073	0.2	0.00264793	0.45	0.00114486	2	4.5	0.001	0.05283591	0.39	1	0.00023852	0.001	0.00177971	0.07234141	0.59697257	0.09998312	8.51307552	0.1	0.01	0.01	0.01	1e-05	0.01	0.001	0.05	0.5	1e-04	100	5e-06	0.001
0.473	0.9	0.1	0.1069	0.2	80	65.4	9.1	500	3.5	8.61	0.003304	0.00011299	0.00405962	2	0.15	0.1	0.00114927	0.2	0.00155432	0.45	0.00125093	2	4.5	0.001	0.04642984	0.39	1	0.00023852	0.001	0.00177971	0.07234141	0.59697257	0.09998312	8.51307552	0.1	0.01	0.01	0.01	1e-05	0.01	0.001	0.05	0.5	1e-04	100	5e-06	0.001
0.473	0.9	0.1	0.1069	0.2	80	65.4	9.1	500	3.5	8.61	0.003304	0.00011336	0.00399525	2	0.15	0.1	0.00115456	0.2	0.00227175	0.45	0.00117611	2	4.5	0.001	0.05021299	0.39	1	0.00023852	0.001	0.00177971	0.07234141	0.59697257	0.09998312	8.51307552	0.1	0.01	0.01	0.01	1e-05	0.01	0.001	0.05	0.5	1e-04	100	5e-06	0.001
0.473	0.9	0.1	0.1069	0.2	80	65.4	9.1	500	3.5	8.61	0.003304	0.00011366	0.00398441	2	0.15	0.1	0.00114927	0.2	0.00255083	0.45	0.00117453	2	4.5	0.001	0.05175864	0.39	1	0.00023852	0.001	0.00177971	0.07234141	0.59697257	0.09998312	8.51307552	0.1	0.01	0.01	0.01	1e-05	0.01	0.001	0.05	0.5	1e-04	100	5e-06	0.001
0.473	0.9	0.1	0.1069	0.2	80	65.4	9.1	500	3.5	8.61	0.003304	0.00011342	0.00398247	2	0.15	0.1	0.00115577	0.2	0.00236463	0.45	0.00115941	2	4.5	0.001	0.0508249	0.39	1	0.00023852	0.001	0.00177971	0.07234141	0.59697257	0.09998312	8.51307552	0.1	0.01	0.01	0.01	1e-05	0.01	0.001	0.05	0.5	1e-04	100	5e-06	0.001
0.473	0.9	0.1	0.1069	0.2	80	65.4	9.1	500	3.5	8.61	0.003304	0.00011328	0.00395115	2	0.15	0.1	0.00114753	0.2	0.00273718	0.45	0.00113856	2	4.5	0.001	0.0527786	0.39	1	0.00023852	0.001	0.00177971	0.07234141	0.59697257	0.09998312	8.51307552	0.1	0.01	0.01	0.01	1e-05	0.01	0.001	0.05	0.5	1e-04	100	5e-06	0.001
0.473	0.9	0.1	0.1069	0.2	80	65.4	9.1	500	3.5	8.61	0.003304	0.00011363	0.00397214	2	0.15	0.1	0.00114632	0.2	0.002609	0.45	0.00115671	2	4.5	0.001	0.0525247	0.39	1	0.00023852	0.001	0.00177971	0.07234141	0.59697257	0.09998312	8.51307552	0.1	0.01	0.01	0.01	1e-05	0.01	0.001	0.05	0.5	1e-04	100	5e-06	0.001
0.473	0.9	0.1	0.1069	0.2	80	65.4	9.1	500	3.5	8.61	0.003304	0.00011309	0.00394068	2	0.15	0.1	0.00115775	0.2	0.00248159	0.45	0.0010495	2	4.5	0.001	0.05164608	0.39	1	0.00023852	0.001	0.00177971	0.07234141	0.59697257	0.09998312	8.51307552	0.1	0.01	0.01	0.01	1e-05	0.01	0.001	0.05	0.5	1e-04	100	5e-06	0.001
0.473	0.9	0.1	0.1069	0.2	80	65.4	9.1	500	3.5	8.61	0.003304	0.00011353	0.00399282	2	0.15	0.1	0.00113276	0.2	0.00233963	0.45	0.00108719	2	4.5	0.001	0.05296114	0.39	1	0.00023852	0.001	0.00177971	0.07234141	0.59697257	0.09998312	8.51307552	0.1	0.01	0.01	0.01	1e-05	0.01	0.001	0.05	0.5	1e-04	100	5e-06	0.001
0.473	0.9	0.1	0.1069	0.2	80	65.4	9.1	500	3.5	8.61	0.003304	0.00011299	0.00405962	2	0.15	0.1	0.00114927	0.2	0.00155432	0.45	0.00125093	2	4.5	0.001	0.04642984	0.39	1	0.00023852	0.001	0.00177971	0.07234141	0.59697257	0.09998312	8.51307552	0.1	0.01	0.01	0.01	1e-05	0.01	0.001	0.05	0.5	1e-04	100	5e-06	0.001
0.473	0.9	0.1	0.1069	0.2	80	65.4	9.1	500	3.5	8.61	0.003304	0.00011336	0.00399525	2	0.15	0.1	0.00115456	0.2	0.00227175	0.45	0.00117611	2	4.5	0.001	0.05021299	0.39	1	0.00023852	0.001	0.00177971	0.07234141	0.59697257	0.09998312	8.51307552	0.1	0.01	0.01	0.01	1e-05	0.01	0.001	0.05	0.5	1e-04	100	5e-06	0.001
0.473	0.9	0.1	0.1069	0.2	80	65.4	9.1	500	3.5	8.61	0.003304	0.00011366	0.00398441	2	0.15	0.1	0.00114927	0.2	0.00255083	0.45	0.00117453	2	4.5	0.001	0.05175864	0.39	1	0.00023852	0.001	0.00177971	0.07234141	0.59697257	0.09998312	8.51307552	0.1	0.01	0.01	0.01	1e-05	0.01	0.001	0.05	0.5	1e-04	100	5e-06	0.001
0.473	0.9	0.1	0.1069	0.2	80	65.4	9.1	500	3.5	8.61	0.003304	0.00010236	0.00351267	2	0.15	0.1	0.00114906	0.2	0.00335367	0.45	0.00107038	2	4.5	0.001	0.05162816	0.39	1	0.00023852	0.001	0.00177971	0.07234141	0.59697257	0.09998312	8.51307552	0.1	0.01	0.01	0.01	1e-05	0.01	0.001	0.05	0.5	1e-04	100	5e-06	0.001
0.473	0.9	0.1	0.1069	0.2	80	65.4	9.1	500	3.5	8.61	0.003304	0.0001023	0.00352309	2	0.15	0.1	0.00113307	0.2	0.00340922	0.45	0.00105208	2	4.5	0.001	0.05285335	0.39	1	0.00023852	0.001	0.00177971	0.07234141	0.59697257	0.09998312	8.51307552	0.1	0.01	0.01	0.01	1e-05	0.01	0.001	0.05	0.5	1e-04	100	5e-06	0.001
0.473	0.9	0.1	0.1069	0.2	80	65.4	9.1	500	3.5	8.61	0.003304	0.00010276	0.00350759	2	0.15	0.1	0.00114748	0.2	0.00295131	0.45	0.00115322	2	4.5	0.001	0.05262506	0.39	1	0.00023852	0.001	0.00177971	0.07234141	0.59697257	0.09998312	8.51307552	0.1	0.01	0.01	0.01	1e-05	0.01	0.001	0.05	0.5	1e-04	100	5e-06	0.001
0.473	0.9	0.1	0.1069	0.2	80	65.4	9.1	500	3.5	8.61	0.003304	0.00010236	0.00351267	2	0.15	0.1	0.00114906	0.2	0.00335367	0.45	0.00107038	2	4.5	0.001	0.05162816	0.39	1	0.00023852	0.001	0.00177971	0.07234141	0.59697257	0.09998312	8.51307552	0.1	0.01	0.01	0.01	1e-05	0.01	0.001	0.05	0.5	1e-04	100	5e-06	0.001
0.473	0.9	0.1	0.1069	0.2	80	65.4	9.1	500	3.5	8.61	0.003304	0.00010293	0.00353169	2	0.15	0.1	0.00115018	0.2	0.00317661	0.45	0.00124763	2	4.5	0.001	0.05188011	0.39	1	0.00023852	0.001	0.00177971	0.07234141	0.59697257	0.09998312	8.51307552	0.1	0.01	0.01	0.01	1e-05	0.01	0.001	0.05	0.5	1e-04	100	5e-06	0.001
0.473	0.9	0.1	0.1069	0.2	80	65.4	9.1	500	3.5	8.61	0.003304	0.00010258	0.00350626	2	0.15	0.1	0.00113831	0.2	0.00294766	0.45	0.00115295	2	4.5	0.001	0.05304851	0.39	1	0.00023852	0.001	0.00177971	0.07234141	0.59697257	0.09998312	8.51307552	0.1	0.01	0.01	0.01	1e-05	0.01	0.001	0.05	0.5	1e-04	100	5e-06	0.001
0.473	0.9	0.1	0.1069	0.2	80	65.4	9.1	500	3.5	8.61	0.003304	0.00010276	0.00350759	2	0.15	0.1	0.00114748	0.2	0.00295131	0.45	0.00115322	2	4.5	0.001	0.05262506	0.39	1	0.00023852	0.001	0.00177971	0.07234141	0.59697257	0.09998312	8.51307552	0.1	0.01	0.01	0.01	1e-05	0.01	0.001	0.05	0.5	1e-04	100	5e-06	0.001
0.473	0.9	0.1	0.1069	0.2	80	65.4	9.1	500	3.5	8.61	0.003304	0.00010189	0.00355237	2	0.15	0.1	0.00118366	0.2	0.00256534	0.45	0.00161625	2	4.5	0.001	0.04748778	0.39	1	0.00023852	0.001	0.00177971	0.07234141	0.59697257	0.09998312	8.51307552	0.1	0.01	0.01	0.01	1e-05	0.01	0.001	0.05	0.5	1e-04	100	5e-06	0.001
0.473	0.9	0.1	0.1069	0.2	80	65.4	9.1	500	3.5	8.61	0.003304	0.00010488	0.00378744	2	0.15	0.1	0.00124348	0.2	0.00182662	0.45	0.00202506	2	4.5	0.001	0.04045162	0.39	1	0.00023852	0.001	0.00177971	0.07234141	0.59697257	0.09998312	8.51307552	0.1	0.01	0.01	0.01	1e-05	0.01	0.001	0.05	0.5	1e-04	100	5e-06	0.001
0.473	0.9	0.1	0.1069	0.2	80	65.4	9.1	500	3.5	8.61	0.003304	0.00010183	0.00373089	2	0.15	0.1	0.00123014	0.2	0.00214699	0.45	0.00214067	2	4.5	0.001	0.03926022	0.39	1	0.00023852	0.001	0.00177971	0.07234141	0.59697257	0.09998312	8.51307552	0.1	0.01	0.01	0.01	1e-05	0.01	0.001	0.05	0.5	1e-04	100	5e-06	0.001
0.473	0.9	0.1	0.1069	0.2	80	65.4	9.1	500	3.5	8.61	0.003304	0.00010189	0.00355237	2	0.15	0.1	0.00118366	0.2	0.00256534	0.45	0.00161625	2	4.5	0.001	0.04748778	0.39	1	0.00023852	0.001	0.00177971	0.07234141	0.59697257	0.09998312	8.51307552	0.1	0.01	0.01	0.01	1e-05	0.01	0.001	0.05	0.5	1e-04	100	5e-06	0.001
0.473	0.9	0.1	0.1069	0.2	80	65.4	9.1	500	3.5	8.61	0.003304	0.00010243	0.00354956	2	0.15	0.1	0.00118989	0.2	0.00224357	0.45	0.00142673	2	4.5	0.001	0.04681469	0.39	1	0.00023852	0.001	0.00177971	0.07234141	0.59697257	0.09998312	8.51307552	0.1	0.01	0.01	0.01	1e-05	0.01	0.001	0.05	0.5	1e-04	100	5e-06	0.001
0.473	0.9	0.1	0.1069	0.2	80	65.4	9.1	500	3.5	8.61	0.003304	0.00010488	0.00378744	2	0.15	0.1	0.00124348	0.2	0.00182662	0.45	0.00202506	2	4.5	0.001	0.04045162	0.39	1	0.00023852	0.001	0.00177971	0.07234141	0.59697257	0.09998312	8.51307552	0.1	0.01	0.01	0.01	1e-05	0.01	0.001	0.05	0.5	1e-04	100	5e-06	0.001
0.473	0.9	0.1	0.1069	0.2	80	65.4	9.1	500	3.5	8.61	0.003304	0.00010183	0.00373089	2	0.15	0.1	0.00123014	0.2	0.00214699	0.45	0.00214067	2	4.5	0.001	0.03926022	0.39	1	0.00023852	0.001	0.00177971	0.07234141	0.59697257	0.09998312	8.51307552	0.1	0.01	0.01	0.01	1e-05	0.01	0.001	0.05	0.5	1e-04	100	5e-06	0.001
0.473	0.9	0.1	0.1069	0.2	80	65.4	9.1	500	3.5	8.61	0.003304	0.00010189	0.00355237	2	0.15	0.1	0.00118366	0.2	0.00256534	0.45	0.00161625	2	4.5	0.001	0.04748778	0.39	1	0.00023852	0.001	0.00177971	0.07234141	0.59697257	0.09998312	8.51307552	0.1	0.01	0.01	0.01	1e-05	0.01	0.001	0.05	0.5	1e-04	100	5e-06	0.001
0.473	0.9	0.1	0.1069	0.2	80	65.4	9.1	500	3.5	8.61	0.003304	0.00010101	0.00362501	2	0.15	0.1	0.00121108	0.2	0.002428	0.45	0.00190193	2	4.5	0.001	0.04257567	0.39	1	0.00023852	0.001	0.00177971	0.07234141	0.59697257	0.09998312	8.51307552	0.1	0.01	0.01	0.01	1e-05	0.01	0.001	0.05	0.5	1e-04	100	5e-06	0.001
0.473	0.9	0.1	0.1069	0.2	80	65.4	9.1	500	3.5	8.61	0.003304	0.00010303	0.00367459	2	0.15	0.1	0.00121457	0.2	0.00199525	0.45	0.00185354	2	4.5	0.001	0.04272486	0.39	1	0.00023852	0.001	0.00177971	0.07234141	0.59697257	0.09998312	8.51307552	0.1	0.01	0.01	0.01	1e-05	0.01	0.001	0.05	0.5	1e-04	100	5e-06	0.001
0.473	0.9	0.1	0.1069	0.2	80	65.4	9.1	500	3.5	8.61	0.003304	0.00010488	0.00378816	2	0.15	0.1	0.00121888	0.2	0.00240677	0.45	0.00171485	2	4.5	0.001	0.0415979	0.39	1	0.00023852	0.001	0.00177971	0.07234141	0.59697257	0.09998312	8.51307552	0.1	0.01	0.01	0.01	1e-05	0.01	0.001	0.05	0.5	1e-04	100	5e-06	0.001
0.473	0.9	0.1	0.1069	0.2	80	65.4	9.1	500	3.5	8.61	0.003304	0.00010149	0.00360106	2	0.15	0.1	0.00117817	0.2	0.00255124	0.45	0.00172789	2	4.5	0.001	0.04649254	0.39	1	0.00023852	0.001	0.00177971	0.07234141	0.59697257	0.09998312	8.51307552	0.1	0.01	0.01	0.01	1e-05	0.01	0.001	0.05	0.5	1e-04	100	5e-06	0.001
0.473	0.9	0.1	0.1069	0.2	80	65.4	9.1	500	3.5	8.61	0.003304	0.00010243	0.00354956	2	0.15	0.1	0.00118989	0.2	0.00224357	0.45	0.00142673	2	4.5	0.001	0.04681469	0.39	1	0.00023852	0.001	0.00177971	0.07234141	0.59697257	0.09998312	8.51307552	0.1	0.01	0.01	0.01	1e-05	0.01	0.001	0.05	0.5	1e-04	100	5e-06	0.001
0.473	0.9	0.1	0.1069	0.2	80	65.4	9.1	500	3.5	8.61	0.003304	0.00010488	0.00378744	2	0.15	0.1	0.00124348	0.2	0.00182662	0.45	0.00202506	2	4.5	0.001	0.04045162	0.39	1	0.00023852	0.001	0.00177971	0.07234141	0.59697257	0.09998312	8.51307552	0.1	0.01	0.01	0.01	1e-05	0.01	0.001	0.05	0.5	1e-04	100	5e-06	0.001
0.473	0.9	0.1	0.1069	0.2	80	65.4	9.1	500	3.5	8.61	0.003304	0.00010183	0.00373089	2	0.15	0.1	0.00123014	0.2	0.00214699	0.45	0.00214067	2	4.5	0.001	0.03926022	0.39	1	0.00023852	0.001	0.00177971	0.07234141	0.59697257	0.09998312	8.51307552	0.1	0.01	0.01	0.01	1e-05	0.01	0.001	0.05	0.5	1e-04	100	5e-06	0.001
0.473	0.9	0.1	0.1069	0.2	80	65.4	9.1	500	3.5	8.61	0.003304	0.00010189	0.00355237	2	0.15	0.1	0.00118366	0.2	0.00256534	0.45	0.00161625	2	4.5	0.001	0.04748778	0.39	1	0.00023852	0.001	0.00177971	0.07234141	0.59697257	0.09998312	8.51307552	0.1	0.01	0.01	0.01	1e-05	0.01	0.001	0.05	0.5	1e-04	100	5e-06	0.001
0.473	0.9	0.1	0.1069	0.2	80	65.4	9.1	500	3.5	8.61	0.003304	0.00010101	0.00362501	2	0.15	0.1	0.00121108	0.2	0.002428	0.45	0.00190193	2	4.5	0.001	0.04257567	0.39	1	0.00023852	0.001	0.00177971	0.07234141	0.59697257	0.09998312	8.51307552	0.1	0.01	0.01	0.01	1e-05	0.01	0.001	0.05	0.5	1e-04	100	5e-06	0.001
0.473	0.9	0.1	0.1069	0.2	80	65.4	9.1	500	3.5	8.61	0.003304	0.00010386	0.00374574	2	0.15	0.1	0.00119339	0.2	0.00264633	0.45	0.00175837	2	4.5	0.001	0.04358218	0.39	1	0.00023852	0.001	0.00177971	0.07234141	0.59697257	0.09998312	8.51307552	0.1	0.01	0.01	0.01	1e-05	0.01	0.001	0.05	0.5	1e-04	100	5e-06	0.001
0.473	0.9	0.1	0.1069	0.2	80	65.4	9.1	500	3.5	8.61	0.003304	0.00010303	0.00367459	2	0.15	0.1	0.00121457	0.2	0.00199525	0.45	0.00185354	2	4.5	0.001	0.04272486	0.39	1	0.00023852	0.001	0.00177971	0.07234141	0.59697257	0.09998312	8.51307552	0.1	0.01	0.01	0.01	1e-05	0.01	0.001	0.05	0.5	1e-04	100	5e-06	0.001
0.474	0.9	0.1	0.1069	0.2	80	65.4	9.1	500	3.5	8.61	0.003304	0.00011361	0.00407796	2	0.15	0.1	0.00116385	0.2	0.00150973	0.45	0.00131429	2	4.5	0.001	0.0454786	0.39	1	0.00023852	0.001	0.00177971	0.07234141	0.59697257	0.09998312	8.51307552	0.1	0.01	0.01	0.01	1e-05	0.01	0.001	0.05	0.5	1e-04	100	5e-06	0.001
0.474	0.9	0.1	0.1069	0.2	80	65.4	9.1	500	3.5	8.61	0.003304	0.00011372	0.00394444	2	0.15	0.1	0.00116144	0.2	0.00268639	0.45	0.00120676	2	4.5	0.001	0.05286403	0.39	1	0.00023852	0.001	0.00177971	0.07234141	0.59697257	0.09998312	8.51307552	0.1	0.01	0.01	0.01	1e-05	0.01	0.001	0.05	0.5	1e-04	100	5e-06	0.001
0.474	0.9	0.1	0.1069	0.2	80	65.4	9.1	500	3.5	8.61	0.003304	0.00011409	0.00397579	2	0.15	0.1	0.00115896	0.2	0.00225412	0.45	0.00122541	2	4.5	0.001	0.05151107	0.39	1	0.00023852	0.001	0.00177971	0.07234141	0.59697257	0.09998312	8.51307552	0.1	0.01	0.01	0.01	1e-05	0.01	0.001	0.05	0.5	1e-04	100	5e-06	0.001
0.474	0.9	0.1	0.1069	0.2	80	65.4	9.1	500	3.5	8.61	0.003304	0.00011361	0.00407796	2	0.15	0.1	0.00116385	0.2	0.00150973	0.45	0.00131429	2	4.5	0.001	0.0454786	0.39	1	0.00023852	0.001	0.00177971	0.07234141	0.59697257	0.09998312	8.51307552	0.1	0.01	0.01	0.01	1e-05	0.01	0.001	0.05	0.5	1e-04	100	5e-06	0.001
0.474	0.9	0.1	0.1069	0.2	80	65.4	9.1	500	3.5	8.61	0.003304	0.00011248	0.00388645	2	0.15	0.1	0.00116021	0.2	0.00289455	0.45	0.00123859	2	4.5	0.001	0.05310521	0.39	1	0.00023852	0.001	0.00177971	0.07234141	0.59697257	0.09998312	8.51307552	0.1	0.01	0.01	0.01	1e-05	0.01	0.001	0.05	0.5	1e-04	100	5e-06	0.001
0.474	0.9	0.1	0.1069	0.2	80	65.4	9.1	500	3.5	8.61	0.003304	0.00011372	0.00394444	2	0.15	0.1	0.00116144	0.2	0.00268639	0.45	0.00120676	2	4.5	0.001	0.05286403	0.39	1	0.00023852	0.001	0.00177971	0.07234141	0.59697257	0.09998312	8.51307552	0.1	0.01	0.01	0.01	1e-05	0.01	0.001	0.05	0.5	1e-04	100	5e-06	0.001
0.474	0.9	0.1	0.1069	0.2	80	65.4	9.1	500	3.5	8.61	0.003304	0.0001137	0.00393056	2	0.15	0.1	0.00115479	0.2	0.00326504	0.45	0.00127362	2	4.5	0.001	0.05389435	0.39	1	0.00023852	0.001	0.00177971	0.07234141	0.59697257	0.09998312	8.51307552	0.1	0.01	0.01	0.01	1e-05	0.01	0.001	0.05	0.5	1e-04	100	5e-06	0.001
0.474	0.9	0.1	0.1069	0.2	80	65.4	9.1	500	3.5	8.61	0.003304	0.00011285	0.00416137	2	0.15	0.1	0.00113603	0.2	0.00108832	0.45	0.00103125	2	4.5	0.001	0.04267326	0.39	1	0.00023852	0.001	0.00177971	0.07234141	0.59697257	0.09998312	8.51307552	0.1	0.01	0.01	0.01	1e-05	0.01	0.001	0.05	0.5	1e-04	100	5e-06	0.001
0.474	0.9	0.1	0.1069	0.2	80	65.4	9.1	500	3.5	8.61	0.003304	0.00010269	0.00349691	2	0.15	0.1	0.00115334	0.2	0.00325322	0.45	0.00109549	2	4.5	0.001	0.05288642	0.39	1	0.00023852	0.001	0.00177971	0.07234141	0.59697257	0.09998312	8.51307552	0.1	0.01	0.01	0.01	1e-05	0.01	0.001	0.05	0.5	1e-04	100	5e-06	0.001
0.474	0.9	0.1	0.1069	0.2	80	65.4	9.1	500	3.5	8.61	0.003304	0.00010223	0.003518	2	0.15	0.1	0.00114173	0.2	0.00177088	0.45	0.00104231	2	4.5	0.001	0.04950866	0.39	1	0.00023852	0.001	0.00177971	0.07234141	0.59697257	0.09998312	8.51307552	0.1	0.01	0.01	0.01	1e-05	0.01	0.001	0.05	0.5	1e-04	100	5e-06	0.001
0.474	0.9	0.1	0.1069	0.2	80	65.4	9.1	500	3.5	8.61	0.003304	0.00010269	0.00349691	2	0.15	0.1	0.00115334	0.2	0.00325322	0.45	0.00109549	2	4.5	0.001	0.05288642	0.39	1	0.00023852	0.001	0.00177971	0.07234141	0.59697257	0.09998312	8.51307552	0.1	0.01	0.01	0.01	1e-05	0.01	0.001	0.05	0.5	1e-04	100	5e-06	0.001
0.474	0.9	0.1	0.1069	0.2	80	65.4	9.1	500	3.5	8.61	0.003304	0.0001027	0.00347498	2	0.15	0.1	0.00113164	0.2	0.00318384	0.45	0.00121535	2	4.5	0.001	0.05516111	0.39	1	0.00023852	0.001	0.00177971	0.07234141	0.59697257	0.09998312	8.51307552	0.1	0.01	0.01	0.01	1e-05	0.01	0.001	0.05	0.5	1e-04	100	5e-06	0.001
0.474	0.9	0.1	0.1069	0.2	80	65.4	9.1	500	3.5	8.61	0.003304	0.00010275	0.00351406	2	0.15	0.1	0.00113652	0.2	0.00332949	0.45	0.00127613	2	4.5	0.001	0.05364646	0.39	1	0.00023852	0.001	0.00177971	0.07234141	0.59697257	0.09998312	8.51307552	0.1	0.01	0.01	0.01	1e-05	0.01	0.001	0.05	0.5	1e-04	100	5e-06	0.001
0.474	0.9	0.1	0.1069	0.2	80	65.4	9.1	500	3.5	8.61	0.003304	0.00010273	0.00348394	2	0.15	0.1	0.00114412	0.2	0.00317967	0.45	0.00121196	2	4.5	0.001	0.05430573	0.39	1	0.00023852	0.001	0.00177971	0.07234141	0.59697257	0.09998312	8.51307552	0.1	0.01	0.01	0.01	1e-05	0.01	0.001	0.05	0.5	1e-04	100	5e-06	0.001
0.474	0.9	0.1	0.1069	0.2	80	65.4	9.1	500	3.5	8.61	0.003304	0.00010282	0.00348056	2	0.15	0.1	0.00114592	0.2	0.00309002	0.45	0.0011952	2	4.5	0.001	0.05434321	0.39	1	0.00023852	0.001	0.00177971	0.07234141	0.59697257	0.09998312	8.51307552	0.1	0.01	0.01	0.01	1e-05	0.01	0.001	0.05	0.5	1e-04	100	5e-06	0.001
0.474	0.9	0.1	0.1069	0.2	80	65.4	9.1	500	3.5	8.61	0.003304	0.00010286	0.00348825	2	0.15	0.1	0.00114572	0.2	0.00313969	0.45	0.00124855	2	4.5	0.001	0.05409529	0.39	1	0.00023852	0.001	0.00177971	0.07234141	0.59697257	0.09998312	8.51307552	0.1	0.01	0.01	0.01	1e-05	0.01	0.001	0.05	0.5	1e-04	100	5e-06	0.001
0.474	0.9	0.1	0.1069	0.2	80	65.4	9.1	500	3.5	8.61	0.003304	0.00010223	0.003518	2	0.15	0.1	0.00114173	0.2	0.00177088	0.45	0.00104231	2	4.5	0.001	0.04950866	0.39	1	0.00023852	0.001	0.00177971	0.07234141	0.59697257	0.09998312	8.51307552	0.1	0.01	0.01	0.01	1e-05	0.01	0.001	0.05	0.5	1e-04	100	5e-06	0.001
0.474	0.9	0.1	0.1069	0.2	80	65.4	9.1	500	3.5	8.61	0.003304	0.00010189	0.00356863	2	0.15	0.1	0.00118366	0.2	0.00201381	0.45	0.00161625	2	4.5	0.001	0.04708022	0.39	1	0.00023852	0.001	0.00177971	0.07234141	0.59697257	0.09998312	8.51307552	0.1	0.01	0.01	0.01	1e-05	0.01	0.001	0.05	0.5	1e-04	100	5e-06	0.001
0.474	0.9	0.1	0.1069	0.2	80	65.4	9.1	500	3.5	8.61	0.003304	0.00010021	0.00354651	2	0.15	0.1	0.00115598	0.2	0.00305276	0.45	0.00173243	2	4.5	0.001	0.04883356	0.39	1	0.00023852	0.001	0.00177971	0.07234141	0.59697257	0.09998312	8.51307552	0.1	0.01	0.01	0.01	1e-05	0.01	0.001	0.05	0.5	1e-04	100	5e-06	0.001
0.474	0.9	0.1	0.1069	0.2	80	65.4	9.1	500	3.5	8.61	0.003304	0.00010189	0.00356863	2	0.15	0.1	0.00118366	0.2	0.00201381	0.45	0.00161625	2	4.5	0.001	0.04708022	0.39	1	0.00023852	0.001	0.00177971	0.07234141	0.59697257	0.09998312	8.51307552	0.1	0.01	0.01	0.01	1e-05	0.01	0.001	0.05	0.5	1e-04	100	5e-06	0.001
0.474	0.9	0.1	0.1069	0.2	80	65.4	9.1	500	3.5	8.61	0.003304	0.00010333	0.00359837	2	0.15	0.1	0.00119644	0.2	0.00195966	0.45	0.0015631	2	4.5	0.001	0.04597037	0.39	1	0.00023852	0.001	0.00177971	0.07234141	0.59697257	0.09998312	8.51307552	0.1	0.01	0.01	0.01	1e-05	0.01	0.001	0.05	0.5	1e-04	100	5e-06	0.001
0.474	0.9	0.1	0.1069	0.2	80	65.4	9.1	500	3.5	8.61	0.003304	0.00010021	0.00354651	2	0.15	0.1	0.00115598	0.2	0.00305276	0.45	0.00173243	2	4.5	0.001	0.04883356	0.39	1	0.00023852	0.001	0.00177971	0.07234141	0.59697257	0.09998312	8.51307552	0.1	0.01	0.01	0.01	1e-05	0.01	0.001	0.05	0.5	1e-04	100	5e-06	0.001
0.474	0.9	0.1	0.1069	0.2	80	65.4	9.1	500	3.5	8.61	0.003304	0.00010342	0.00369042	2	0.15	0.1	0.00122928	0.2	0.00168281	0.45	0.00200254	2	4.5	0.001	0.04178649	0.39	1	0.00023852	0.001	0.00177971	0.07234141	0.59697257	0.09998312	8.51307552	0.1	0.01	0.01	0.01	1e-05	0.01	0.001	0.05	0.5	1e-04	100	5e-06	0.001
0.474	0.9	0.1	0.1069	0.2	80	65.4	9.1	500	3.5	8.61	0.003304	0.00010321	0.00363129	2	0.15	0.1	0.00122331	0.2	0.00236528	0.45	0.00183182	2	4.5	0.001	0.0443206	0.39	1	0.00023852	0.001	0.00177971	0.07234141	0.59697257	0.09998312	8.51307552	0.1	0.01	0.01	0.01	1e-05	0.01	0.001	0.05	0.5	1e-04	100	5e-06	0.001
0.474	0.9	0.1	0.1069	0.2	80	65.4	9.1	500	3.5	8.61	0.003304	0.00010419	0.0036755	2	0.15	0.1	0.00120575	0.2	0.00238566	0.45	0.00176447	2	4.5	0.001	0.04542393	0.39	1	0.00023852	0.001	0.00177971	0.07234141	0.59697257	0.09998312	8.51307552	0.1	0.01	0.01	0.01	1e-05	0.01	0.001	0.05	0.5	1e-04	100	5e-06	0.001
0.474	0.9	0.1	0.1069	0.2	80	65.4	9.1	500	3.5	8.61	0.003304	0.00010457	0.00370734	2	0.15	0.1	0.00121668	0.2	0.00238224	0.45	0.00180803	2	4.5	0.001	0.04445657	0.39	1	0.00023852	0.001	0.00177971	0.07234141	0.59697257	0.09998312	8.51307552	0.1	0.01	0.01	0.01	1e-05	0.01	0.001	0.05	0.5	1e-04	100	5e-06	0.001
0.474	0.9	0.1	0.1069	0.2	80	65.4	9.1	500	3.5	8.61	0.003304	0.00010189	0.00356863	2	0.15	0.1	0.00118366	0.2	0.00201381	0.45	0.00161625	2	4.5	0.001	0.04708022	0.39	1	0.00023852	0.001	0.00177971	0.07234141	0.59697257	0.09998312	8.51307552	0.1	0.01	0.01	0.01	1e-05	0.01	0.001	0.05	0.5	1e-04	100	5e-06	0.001
0.474	0.9	0.1	0.1069	0.2	80	65.4	9.1	500	3.5	8.61	0.003304	0.00010333	0.00359837	2	0.15	0.1	0.00119644	0.2	0.00195966	0.45	0.0015631	2	4.5	0.001	0.04597037	0.39	1	0.00023852	0.001	0.00177971	0.07234141	0.59697257	0.09998312	8.51307552	0.1	0.01	0.01	0.01	1e-05	0.01	0.001	0.05	0.5	1e-04	100	5e-06	0.001
0.474	0.9	0.1	0.1069	0.2	80	65.4	9.1	500	3.5	8.61	0.003304	0.0001018	0.00353742	2	0.15	0.1	0.00117827	0.2	0.00203024	0.45	0.00174456	2	4.5	0.001	0.04707855	0.39	1	0.00023852	0.001	0.00177971	0.07234141	0.59697257	0.09998312	8.51307552	0.1	0.01	0.01	0.01	1e-05	0.01	0.001	0.05	0.5	1e-04	100	5e-06	0.001
0.475	0.9	0.1	0.1069	0.2	80	65.4	9.1	500	3.5	8.61	0.003304	0.00011334	0.0039056	2	0.15	0.1	0.00116493	0.2	0.00277779	0.45	0.00114561	2	4.5	0.001	0.05423588	0.39	1	0.00023852	0.001	0.00177971	0.07234141	0.59697257	0.09998312	8.51307552	0.1	0.01	0.01	0.01	1e-05	0.01	0.001	0.05	0.5	1e-04	100	5e-06	0.001
0.475	0.9	0.1	0.1069	0.2	80	65.4	9.1	500	3.5	8.61	0.003304	0.00011334	0.0039056	2	0.15	0.1	0.00116493	0.2	0.00277779	0.45	0.00114561	2	4.5	0.001	0.05423588	0.39	1	0.00023852	0.001	0.00177971	0.07234141	0.59697257	0.09998312	8.51307552	0.1	0.01	0.01	0.01	1e-05	0.01	0.001	0.05	0.5	1e-04	100	5e-06	0.001
0.475	0.9	0.1	0.1069	0.2	80	65.4	9.1	500	3.5	8.61	0.003304	0.00011294	0.00386351	2	0.15	0.1	0.00115815	0.2	0.00337649	0.45	0.00124311	2	4.5	0.001	0.05548001	0.39	1	0.00023852	0.001	0.00177971	0.07234141	0.59697257	0.09998312	8.51307552	0.1	0.01	0.01	0.01	1e-05	0.01	0.001	0.05	0.5	1e-04	100	5e-06	0.001
0.475	0.9	0.1	0.1069	0.2	80	65.4	9.1	500	3.5	8.61	0.003304	0.00011334	0.0039056	2	0.15	0.1	0.00116493	0.2	0.00277779	0.45	0.00114561	2	4.5	0.001	0.05423588	0.39	1	0.00023852	0.001	0.00177971	0.07234141	0.59697257	0.09998312	8.51307552	0.1	0.01	0.01	0.01	1e-05	0.01	0.001	0.05	0.5	1e-04	100	5e-06	0.001
0.475	0.9	0.1	0.1069	0.2	80	65.4	9.1	500	3.5	8.61	0.003304	0.00011294	0.00386351	2	0.15	0.1	0.00115815	0.2	0.00337649	0.45	0.00124311	2	4.5	0.001	0.05548001	0.39	1	0.00023852	0.001	0.00177971	0.07234141	0.59697257	0.09998312	8.51307552	0.1	0.01	0.01	0.01	1e-05	0.01	0.001	0.05	0.5	1e-04	100	5e-06	0.001
0.475	0.9	0.1	0.1069	0.2	80	65.4	9.1	500	3.5	8.61	0.003304	0.00011409	0.00392559	2	0.15	0.1	0.00116257	0.2	0.00274488	0.45	0.00110449	2	4.5	0.001	0.05400451	0.39	1	0.00023852	0.001	0.00177971	0.07234141	0.59697257	0.09998312	8.51307552	0.1	0.01	0.01	0.01	1e-05	0.01	0.001	0.05	0.5	1e-04	100	5e-06	0.001
0.475	0.9	0.1	0.1069	0.2	80	65.4	9.1	500	3.5	8.61	0.003304	0.00011298	0.00387592	2	0.15	0.1	0.00115051	0.2	0.00340433	0.45	0.00116067	2	4.5	0.001	0.05566523	0.39	1	0.00023852	0.001	0.00177971	0.07234141	0.59697257	0.09998312	8.51307552	0.1	0.01	0.01	0.01	1e-05	0.01	0.001	0.05	0.5	1e-04	100	5e-06	0.001
0.475	0.9	0.1	0.1069	0.2	80	65.4	9.1	500	3.5	8.61	0.003304	0.00011364	0.00390872	2	0.15	0.1	0.00115716	0.2	0.00293702	0.45	0.00117907	2	4.5	0.001	0.05493532	0.39	1	0.00023852	0.001	0.00177971	0.07234141	0.59697257	0.09998312	8.51307552	0.1	0.01	0.01	0.01	1e-05	0.01	0.001	0.05	0.5	1e-04	100	5e-06	0.001
0.475	0.9	0.1	0.1069	0.2	80	65.4	9.1	500	3.5	8.61	0.003304	0.00011334	0.0039056	2	0.15	0.1	0.00116493	0.2	0.00277779	0.45	0.00114561	2	4.5	0.001	0.05423588	0.39	1	0.00023852	0.001	0.00177971	0.07234141	0.59697257	0.09998312	8.51307552	0.1	0.01	0.01	0.01	1e-05	0.01	0.001	0.05	0.5	1e-04	100	5e-06	0.001
0.475	0.9	0.1	0.1069	0.2	80	65.4	9.1	500	3.5	8.61	0.003304	0.00011392	0.00394379	2	0.15	0.1	0.00116769	0.2	0.00264639	0.45	0.00138572	2	4.5	0.001	0.0526332	0.39	1	0.00023852	0.001	0.00177971	0.07234141	0.59697257	0.09998312	8.51307552	0.1	0.01	0.01	0.01	1e-05	0.01	0.001	0.05	0.5	1e-04	100	5e-06	0.001
0.475	0.9	0.1	0.1069	0.2	80	65.4	9.1	500	3.5	8.61	0.003304	0.00011294	0.00386351	2	0.15	0.1	0.00115815	0.2	0.00337649	0.45	0.00124311	2	4.5	0.001	0.05548001	0.39	1	0.00023852	0.001	0.00177971	0.07234141	0.59697257	0.09998312	8.51307552	0.1	0.01	0.01	0.01	1e-05	0.01	0.001	0.05	0.5	1e-04	100	5e-06	0.001
0.475	0.9	0.1	0.1069	0.2	80	65.4	9.1	500	3.5	8.61	0.003304	0.00011291	0.00386237	2	0.15	0.1	0.00116497	0.2	0.00327601	0.45	0.00125746	2	4.5	0.001	0.05506	0.39	1	0.00023852	0.001	0.00177971	0.07234141	0.59697257	0.09998312	8.51307552	0.1	0.01	0.01	0.01	1e-05	0.01	0.001	0.05	0.5	1e-04	100	5e-06	0.001
0.475	0.9	0.1	0.1069	0.2	80	65.4	9.1	500	3.5	8.61	0.003304	0.00011412	0.00410549	2	0.15	0.1	0.00114568	0.2	0.00144332	0.45	0.00110021	2	4.5	0.001	0.04688746	0.39	1	0.00023852	0.001	0.00177971	0.07234141	0.59697257	0.09998312	8.51307552	0.1	0.01	0.01	0.01	1e-05	0.01	0.001	0.05	0.5	1e-04	100	5e-06	0.001
0.475	0.9	0.1	0.1069	0.2	80	65.4	9.1	500	3.5	8.61	0.003304	0.00010285	0.00346872	2	0.15	0.1	0.00112757	0.2	0.00245496	0.45	0.00122287	2	4.5	0.001	0.0548718	0.39	1	0.00023852	0.001	0.00177971	0.07234141	0.59697257	0.09998312	8.51307552	0.1	0.01	0.01	0.01	1e-05	0.01	0.001	0.05	0.5	1e-04	100	5e-06	0.001
0.475	0.9	0.1	0.1069	0.2	80	65.4	9.1	500	3.5	8.61	0.003304	0.00010311	0.00354666	2	0.15	0.1	0.00115297	0.2	0.00359476	0.45	0.00134423	2	4.5	0.001	0.0516719	0.39	1	0.00023852	0.001	0.00177971	0.07234141	0.59697257	0.09998312	8.51307552	0.1	0.01	0.01	0.01	1e-05	0.01	0.001	0.05	0.5	1e-04	100	5e-06	0.001
0.475	0.9	0.1	0.1069	0.2	80	65.4	9.1	500	3.5	8.61	0.003304	0.00010277	0.00344543	2	0.15	0.1	0.00113308	0.2	0.00366811	0.45	0.00125553	2	4.5	0.001	0.0573855	0.39	1	0.00023852	0.001	0.00177971	0.07234141	0.59697257	0.09998312	8.51307552	0.1	0.01	0.01	0.01	1e-05	0.01	0.001	0.05	0.5	1e-04	100	5e-06	0.001
0.475	0.9	0.1	0.1069	0.2	80	65.4	9.1	500	3.5	8.61	0.003304	0.00010285	0.00346872	2	0.15	0.1	0.00112757	0.2	0.00245496	0.45	0.00122287	2	4.5	0.001	0.0548718	0.39	1	0.00023852	0.001	0.00177971	0.07234141	0.59697257	0.09998312	8.51307552	0.1	0.01	0.01	0.01	1e-05	0.01	0.001	0.05	0.5	1e-04	100	5e-06	0.001
0.475	0.9	0.1	0.1069	0.2	80	65.4	9.1	500	3.5	8.61	0.003304	0.0001032	0.00349159	2	0.15	0.1	0.00115427	0.2	0.00226954	0.45	0.00122433	2	4.5	0.001	0.05202476	0.39	1	0.00023852	0.001	0.00177971	0.07234141	0.59697257	0.09998312	8.51307552	0.1	0.01	0.01	0.01	1e-05	0.01	0.001	0.05	0.5	1e-04	100	5e-06	0.001
0.475	0.9	0.1	0.1069	0.2	80	65.4	9.1	500	3.5	8.61	0.003304	0.00010285	0.00345689	2	0.15	0.1	0.00114451	0.2	0.00339335	0.45	0.00129329	2	4.5	0.001	0.05608598	0.39	1	0.00023852	0.001	0.00177971	0.07234141	0.59697257	0.09998312	8.51307552	0.1	0.01	0.01	0.01	1e-05	0.01	0.001	0.05	0.5	1e-04	100	5e-06	0.001
0.475	0.9	0.1	0.1069	0.2	80	65.4	9.1	500	3.5	8.61	0.003304	0.00010311	0.00354666	2	0.15	0.1	0.00115297	0.2	0.00359476	0.45	0.00134423	2	4.5	0.001	0.0516719	0.39	1	0.00023852	0.001	0.00177971	0.07234141	0.59697257	0.09998312	8.51307552	0.1	0.01	0.01	0.01	1e-05	0.01	0.001	0.05	0.5	1e-04	100	5e-06	0.001
0.475	0.9	0.1	0.1069	0.2	80	65.4	9.1	500	3.5	8.61	0.003304	0.00010277	0.00344543	2	0.15	0.1	0.00113308	0.2	0.00366811	0.45	0.00125553	2	4.5	0.001	0.0573855	0.39	1	0.00023852	0.001	0.00177971	0.07234141	0.59697257	0.09998312	8.51307552	0.1	0.01	0.01	0.01	1e-05	0.01	0.001	0.05	0.5	1e-04	100	5e-06	0.001
0.475	0.9	0.1	0.1069	0.2	80	65.4	9.1	500	3.5	8.61	0.003304	0.00010302	0.00347254	2	0.15	0.1	0.0011502	0.2	0.00297581	0.45	0.00124699	2	4.5	0.001	0.05438878	0.39	1	0.00023852	0.001	0.00177971	0.07234141	0.59697257	0.09998312	8.51307552	0.1	0.01	0.01	0.01	1e-05	0.01	0.001	0.05	0.5	1e-04	100	5e-06	0.001
0.475	0.9	0.1	0.1069	0.2	80	65.4	9.1	500	3.5	8.61	0.003304	0.00010285	0.00346872	2	0.15	0.1	0.00112757	0.2	0.00245496	0.45	0.00122287	2	4.5	0.001	0.0548718	0.39	1	0.00023852	0.001	0.00177971	0.07234141	0.59697257	0.09998312	8.51307552	0.1	0.01	0.01	0.01	1e-05	0.01	0.001	0.05	0.5	1e-04	100	5e-06	0.001
0.475	0.9	0.1	0.1069	0.2	80	65.4	9.1	500	3.5	8.61	0.003304	0.00010046	0.00352764	2	0.15	0.1	0.00122604	0.2	0.00178025	0.45	0.00194569	2	4.5	0.001	0.04302766	0.39	1	0.00023852	0.001	0.00177971	0.07234141	0.59697257	0.09998312	8.51307552	0.1	0.01	0.01	0.01	1e-05	0.01	0.001	0.05	0.5	1e-04	100	5e-06	0.001
0.475	0.9	0.1	0.1069	0.2	80	65.4	9.1	500	3.5	8.61	0.003304	0.00010288	0.00359446	2	0.15	0.1	0.00119344	0.2	0.00297376	0.45	0.00169219	2	4.5	0.001	0.04818798	0.39	1	0.00023852	0.001	0.00177971	0.07234141	0.59697257	0.09998312	8.51307552	0.1	0.01	0.01	0.01	1e-05	0.01	0.001	0.05	0.5	1e-04	100	5e-06	0.001
0.475	0.9	0.1	0.1069	0.2	80	65.4	9.1	500	3.5	8.61	0.003304	0.0001018	0.00345013	2	0.15	0.1	0.00114833	0.2	0.00246695	0.45	0.00150998	2	4.5	0.001	0.05310095	0.39	1	0.00023852	0.001	0.00177971	0.07234141	0.59697257	0.09998312	8.51307552	0.1	0.01	0.01	0.01	1e-05	0.01	0.001	0.05	0.5	1e-04	100	5e-06	0.001
0.475	0.9	0.1	0.1069	0.2	80	65.4	9.1	500	3.5	8.61	0.003304	0.00010506	0.00369129	2	0.15	0.1	0.00121945	0.2	0.00245904	0.45	0.00179288	2	4.5	0.001	0.04538309	0.39	1	0.00023852	0.001	0.00177971	0.07234141	0.59697257	0.09998312	8.51307552	0.1	0.01	0.01	0.01	1e-05	0.01	0.001	0.05	0.5	1e-04	100	5e-06	0.001
0.475	0.9	0.1	0.1069	0.2	80	65.4	9.1	500	3.5	8.61	0.003304	0.0001018	0.00345013	2	0.15	0.1	0.00114833	0.2	0.00246695	0.45	0.00150998	2	4.5	0.001	0.05310095	0.39	1	0.00023852	0.001	0.00177971	0.07234141	0.59697257	0.09998312	8.51307552	0.1	0.01	0.01	0.01	1e-05	0.01	0.001	0.05	0.5	1e-04	100	5e-06	0.001
0.476	0.9	0.1	0.1069	0.2	80	65.4	9.1	500	3.5	8.61	0.003304	0.0001147	0.0038975	2	0.15	0.1	0.00117182	0.2	0.00287346	0.45	0.00107804	2	4.5	0.001	0.05506322	0.39	1	0.00023852	0.001	0.00177971	0.07234141	0.59697257	0.09998312	8.51307552	0.1	0.01	0.01	0.01	1e-05	0.01	0.001	0.05	0.5	1e-04	100	5e-06	0.001
0.476	0.9	0.1	0.1069	0.2	80	65.4	9.1	500	3.5	8.61	0.003304	0.0001147	0.0038975	2	0.15	0.1	0.00117182	0.2	0.00287346	0.45	0.00107804	2	4.5	0.001	0.05506322	0.39	1	0.00023852	0.001	0.00177971	0.07234141	0.59697257	0.09998312	8.51307552	0.1	0.01	0.01	0.01	1e-05	0.01	0.001	0.05	0.5	1e-04	100	5e-06	0.001
0.476	0.9	0.1	0.1069	0.2	80	65.4	9.1	500	3.5	8.61	0.003304	0.00011389	0.00393933	2	0.15	0.1	0.00114845	0.2	0.00380408	0.45	0.00132931	2	4.5	0.001	0.0546489	0.39	1	0.00023852	0.001	0.00177971	0.07234141	0.59697257	0.09998312	8.51307552	0.1	0.01	0.01	0.01	1e-05	0.01	0.001	0.05	0.5	1e-04	100	5e-06	0.001
0.476	0.9	0.1	0.1069	0.2	80	65.4	9.1	500	3.5	8.61	0.003304	0.00011357	0.00387057	2	0.15	0.1	0.00116427	0.2	0.00348889	0.45	0.00140534	2	4.5	0.001	0.05559247	0.39	1	0.00023852	0.001	0.00177971	0.07234141	0.59697257	0.09998312	8.51307552	0.1	0.01	0.01	0.01	1e-05	0.01	0.001	0.05	0.5	1e-04	100	5e-06	0.001
0.476	0.9	0.1	0.1069	0.2	80	65.4	9.1	500	3.5	8.61	0.003304	0.00011402	0.00403625	2	0.15	0.1	0.00114843	0.2	0.00158203	0.45	0.00106866	2	4.5	0.001	0.0489123	0.39	1	0.00023852	0.001	0.00177971	0.07234141	0.59697257	0.09998312	8.51307552	0.1	0.01	0.01	0.01	1e-05	0.01	0.001	0.05	0.5	1e-04	100	5e-06	0.001
0.476	0.9	0.1	0.1069	0.2	80	65.4	9.1	500	3.5	8.61	0.003304	0.00011357	0.00387057	2	0.15	0.1	0.00116427	0.2	0.00348889	0.45	0.00140534	2	4.5	0.001	0.05559247	0.39	1	0.00023852	0.001	0.00177971	0.07234141	0.59697257	0.09998312	8.51307552	0.1	0.01	0.01	0.01	1e-05	0.01	0.001	0.05	0.5	1e-04	100	5e-06	0.001
0.476	0.9	0.1	0.1069	0.2	80	65.4	9.1	500	3.5	8.61	0.003304	0.00011358	0.00398147	2	0.15	0.1	0.00115206	0.2	0.00190496	0.45	0.00113456	2	4.5	0.001	0.05101289	0.39	1	0.00023852	0.001	0.00177971	0.07234141	0.59697257	0.09998312	8.51307552	0.1	0.01	0.01	0.01	1e-05	0.01	0.001	0.05	0.5	1e-04	100	5e-06	0.001
0.476	0.9	0.1	0.1069	0.2	80	65.4	9.1	500	3.5	8.61	0.003304	0.00011358	0.00398147	2	0.15	0.1	0.00115206	0.2	0.00190496	0.45	0.00113456	2	4.5	0.001	0.05101289	0.39	1	0.00023852	0.001	0.00177971	0.07234141	0.59697257	0.09998312	8.51307552	0.1	0.01	0.01	0.01	1e-05	0.01	0.001	0.05	0.5	1e-04	100	5e-06	0.001
0.476	0.9	0.1	0.1069	0.2	80	65.4	9.1	500	3.5	8.61	0.003304	0.00010336	0.00340182	2	0.15	0.1	0.00116113	0.2	0.00345295	0.45	0.00103735	2	4.5	0.001	0.05690422	0.39	1	0.00023852	0.001	0.00177971	0.07234141	0.59697257	0.09998312	8.51307552	0.1	0.01	0.01	0.01	1e-05	0.01	0.001	0.05	0.5	1e-04	100	5e-06	0.001
0.476	0.9	0.1	0.1069	0.2	80	65.4	9.1	500	3.5	8.61	0.003304	0.00010289	0.00346924	2	0.15	0.1	0.00114221	0.2	0.00359746	0.45	0.00134073	2	4.5	0.001	0.05593645	0.39	1	0.00023852	0.001	0.00177971	0.07234141	0.59697257	0.09998312	8.51307552	0.1	0.01	0.01	0.01	1e-05	0.01	0.001	0.05	0.5	1e-04	100	5e-06	0.001
0.476	0.9	0.1	0.1069	0.2	80	65.4	9.1	500	3.5	8.61	0.003304	0.00010313	0.00345622	2	0.15	0.1	0.0011503	0.2	0.00262689	0.45	0.00128359	2	4.5	0.001	0.05481566	0.39	1	0.00023852	0.001	0.00177971	0.07234141	0.59697257	0.09998312	8.51307552	0.1	0.01	0.01	0.01	1e-05	0.01	0.001	0.05	0.5	1e-04	100	5e-06	0.001
0.476	0.9	0.1	0.1069	0.2	80	65.4	9.1	500	3.5	8.61	0.003304	0.00010319	0.00343384	2	0.15	0.1	0.00115008	0.2	0.00314543	0.45	0.00134001	2	4.5	0.001	0.05688797	0.39	1	0.00023852	0.001	0.00177971	0.07234141	0.59697257	0.09998312	8.51307552	0.1	0.01	0.01	0.01	1e-05	0.01	0.001	0.05	0.5	1e-04	100	5e-06	0.001
0.476	0.9	0.1	0.1069	0.2	80	65.4	9.1	500	3.5	8.61	0.003304	0.00010334	0.00345417	2	0.15	0.1	0.00115286	0.2	0.00338479	0.45	0.00148255	2	4.5	0.001	0.05579336	0.39	1	0.00023852	0.001	0.00177971	0.07234141	0.59697257	0.09998312	8.51307552	0.1	0.01	0.01	0.01	1e-05	0.01	0.001	0.05	0.5	1e-04	100	5e-06	0.001
0.476	0.9	0.1	0.1069	0.2	80	65.4	9.1	500	3.5	8.61	0.003304	0.00010268	0.0035186	2	0.15	0.1	0.00113496	0.2	0.00183023	0.45	0.00141442	2	4.5	0.001	0.05146902	0.39	1	0.00023852	0.001	0.00177971	0.07234141	0.59697257	0.09998312	8.51307552	0.1	0.01	0.01	0.01	1e-05	0.01	0.001	0.05	0.5	1e-04	100	5e-06	0.001
0.476	0.9	0.1	0.1069	0.2	80	65.4	9.1	500	3.5	8.61	0.003304	0.00010327	0.00343451	2	0.15	0.1	0.00115582	0.2	0.00305912	0.45	0.00137466	2	4.5	0.001	0.05619754	0.39	1	0.00023852	0.001	0.00177971	0.07234141	0.59697257	0.09998312	8.51307552	0.1	0.01	0.01	0.01	1e-05	0.01	0.001	0.05	0.5	1e-04	100	5e-06	0.001
0.476	0.9	0.1	0.1069	0.2	80	65.4	9.1	500	3.5	8.61	0.003304	0.00010336	0.00340182	2	0.15	0.1	0.00116113	0.2	0.00345295	0.45	0.00103735	2	4.5	0.001	0.05690422	0.39	1	0.00023852	0.001	0.00177971	0.07234141	0.59697257	0.09998312	8.51307552	0.1	0.01	0.01	0.01	1e-05	0.01	0.001	0.05	0.5	1e-04	100	5e-06	0.001
0.476	0.9	0.1	0.1069	0.2	80	65.4	9.1	500	3.5	8.61	0.003304	0.000103	0.00342701	2	0.15	0.1	0.00114911	0.2	0.00324407	0.45	0.00124568	2	4.5	0.001	0.0572941	0.39	1	0.00023852	0.001	0.00177971	0.07234141	0.59697257	0.09998312	8.51307552	0.1	0.01	0.01	0.01	1e-05	0.01	0.001	0.05	0.5	1e-04	100	5e-06	0.001
0.476	0.9	0.1	0.1069	0.2	80	65.4	9.1	500	3.5	8.61	0.003304	0.00010403	0.00364363	2	0.15	0.1	0.00122246	0.2	0.001844	0.45	0.00176448	2	4.5	0.001	0.04497916	0.39	1	0.00023852	0.001	0.00177971	0.07234141	0.59697257	0.09998312	8.51307552	0.1	0.01	0.01	0.01	1e-05	0.01	0.001	0.05	0.5	1e-04	100	5e-06	0.001
0.476	0.9	0.1	0.1069	0.2	80	65.4	9.1	500	3.5	8.61	0.003304	0.00010632	0.00374368	2	0.15	0.1	0.00123309	0.2	0.00251912	0.45	0.00191674	2	4.5	0.001	0.04498221	0.39	1	0.00023852	0.001	0.00177971	0.07234141	0.59697257	0.09998312	8.51307552	0.1	0.01	0.01	0.01	1e-05	0.01	0.001	0.05	0.5	1e-04	100	5e-06	0.001
0.476	0.9	0.1	0.1069	0.2	80	65.4	9.1	500	3.5	8.61	0.003304	0.0001059	0.00372229	2	0.15	0.1	0.0012387	0.2	0.00241818	0.45	0.0019776	2	4.5	0.001	0.04427231	0.39	1	0.00023852	0.001	0.00177971	0.07234141	0.59697257	0.09998312	8.51307552	0.1	0.01	0.01	0.01	1e-05	0.01	0.001	0.05	0.5	1e-04	100	5e-06	0.001
0.476	0.9	0.1	0.1069	0.2	80	65.4	9.1	500	3.5	8.61	0.003304	0.00010702	0.00374288	2	0.15	0.1	0.00123773	0.2	0.00245473	0.45	0.00190243	2	4.5	0.001	0.04520745	0.39	1	0.00023852	0.001	0.00177971	0.07234141	0.59697257	0.09998312	8.51307552	0.1	0.01	0.01	0.01	1e-05	0.01	0.001	0.05	0.5	1e-04	100	5e-06	0.001
0.476	0.9	0.1	0.1069	0.2	80	65.4	9.1	500	3.5	8.61	0.003304	0.00010403	0.00364363	2	0.15	0.1	0.00122246	0.2	0.001844	0.45	0.00176448	2	4.5	0.001	0.04497916	0.39	1	0.00023852	0.001	0.00177971	0.07234141	0.59697257	0.09998312	8.51307552	0.1	0.01	0.01	0.01	1e-05	0.01	0.001	0.05	0.5	1e-04	100	5e-06	0.001
0.476	0.9	0.1	0.1069	0.2	80	65.4	9.1	500	3.5	8.61	0.003304	0.00010646	0.00373976	2	0.15	0.1	0.00122692	0.2	0.00262498	0.45	0.00194926	2	4.5	0.001	0.04590923	0.39	1	0.00023852	0.001	0.00177971	0.07234141	0.59697257	0.09998312	8.51307552	0.1	0.01	0.01	0.01	1e-05	0.01	0.001	0.05	0.5	1e-04	100	5e-06	0.001
0.476	0.9	0.1	0.1069	0.2	80	65.4	9.1	500	3.5	8.61	0.003304	0.00010735	0.00370763	2	0.15	0.1	0.00121944	0.2	0.00239893	0.45	0.00185907	2	4.5	0.001	0.04747958	0.39	1	0.00023852	0.001	0.00177971	0.07234141	0.59697257	0.09998312	8.51307552	0.1	0.01	0.01	0.01	1e-05	0.01	0.001	0.05	0.5	1e-04	100	5e-06	0.001
0.477	0.9	0.1	0.1069	0.2	80	65.4	9.1	500	3.5	8.61	0.003304	0.00011318	0.00381766	2	0.15	0.1	0.00116529	0.2	0.00324395	0.45	0.0011967	2	4.5	0.001	0.05844599	0.39	1	0.00023852	0.001	0.00177971	0.07234141	0.59697257	0.09998312	8.51307552	0.1	0.01	0.01	0.01	1e-05	0.01	0.001	0.05	0.5	1e-04	100	5e-06	0.001
0.477	0.9	0.1	0.1069	0.2	80	65.4	9.1	500	3.5	8.61	0.003304	0.00011426	0.0039056	2	0.15	0.1	0.0011804	0.2	0.00277779	0.45	0.0015777	2	4.5	0.001	0.05423588	0.39	1	0.00023852	0.001	0.00177971	0.07234141	0.59697257	0.09998312	8.51307552	0.1	0.01	0.01	0.01	1e-05	0.01	0.001	0.05	0.5	1e-04	100	5e-06	0.001
0.477	0.9	0.1	0.1069	0.2	80	65.4	9.1	500	3.5	8.61	0.003304	0.0001132	0.00382054	2	0.15	0.1	0.00118816	0.2	0.00367944	0.45	0.00120423	2	4.5	0.001	0.05670763	0.39	1	0.00023852	0.001	0.00177971	0.07234141	0.59697257	0.09998312	8.51307552	0.1	0.01	0.01	0.01	1e-05	0.01	0.001	0.05	0.5	1e-04	100	5e-06	0.001
0.477	0.9	0.1	0.1069	0.2	80	65.4	9.1	500	3.5	8.61	0.003304	0.00011318	0.00381766	2	0.15	0.1	0.00116529	0.2	0.00324395	0.45	0.0011967	2	4.5	0.001	0.05844599	0.39	1	0.00023852	0.001	0.00177971	0.07234141	0.59697257	0.09998312	8.51307552	0.1	0.01	0.01	0.01	1e-05	0.01	0.001	0.05	0.5	1e-04	100	5e-06	0.001
0.477	0.9	0.1	0.1069	0.2	80	65.4	9.1	500	3.5	8.61	0.003304	0.00011426	0.0039056	2	0.15	0.1	0.0011804	0.2	0.00277779	0.45	0.0015777	2	4.5	0.001	0.05423588	0.39	1	0.00023852	0.001	0.00177971	0.07234141	0.59697257	0.09998312	8.51307552	0.1	0.01	0.01	0.01	1e-05	0.01	0.001	0.05	0.5	1e-04	100	5e-06	0.001
0.477	0.9	0.1	0.1069	0.2	80	65.4	9.1	500	3.5	8.61	0.003304	0.0001132	0.00382054	2	0.15	0.1	0.00118816	0.2	0.00367944	0.45	0.00120423	2	4.5	0.001	0.05670763	0.39	1	0.00023852	0.001	0.00177971	0.07234141	0.59697257	0.09998312	8.51307552	0.1	0.01	0.01	0.01	1e-05	0.01	0.001	0.05	0.5	1e-04	100	5e-06	0.001
0.477	0.9	0.1	0.1069	0.2	80	65.4	9.1	500	3.5	8.61	0.003304	0.00011384	0.00384747	2	0.15	0.1	0.00116952	0.2	0.00405162	0.45	0.00121973	2	4.5	0.001	0.05754188	0.39	1	0.00023852	0.001	0.00177971	0.07234141	0.59697257	0.09998312	8.51307552	0.1	0.01	0.01	0.01	1e-05	0.01	0.001	0.05	0.5	1e-04	100	5e-06	0.001
0.477	0.9	0.1	0.1069	0.2	80	65.4	9.1	500	3.5	8.61	0.003304	0.00010306	0.00340182	2	0.15	0.1	0.00116023	0.2	0.00345295	0.45	0.00119769	2	4.5	0.001	0.05690422	0.39	1	0.00023852	0.001	0.00177971	0.07234141	0.59697257	0.09998312	8.51307552	0.1	0.01	0.01	0.01	1e-05	0.01	0.001	0.05	0.5	1e-04	100	5e-06	0.001
0.477	0.9	0.1	0.1069	0.2	80	65.4	9.1	500	3.5	8.61	0.003304	0.00010313	0.00340894	2	0.15	0.1	0.00113928	0.2	0.00253172	0.45	0.00118347	2	4.5	0.001	0.05690591	0.39	1	0.00023852	0.001	0.00177971	0.07234141	0.59697257	0.09998312	8.51307552	0.1	0.01	0.01	0.01	1e-05	0.01	0.001	0.05	0.5	1e-04	100	5e-06	0.001
0.477	0.9	0.1	0.1069	0.2	80	65.4	9.1	500	3.5	8.61	0.003304	0.00010333	0.00341665	2	0.15	0.1	0.00113397	0.2	0.00287923	0.45	0.00147699	2	4.5	0.001	0.05876966	0.39	1	0.00023852	0.001	0.00177971	0.07234141	0.59697257	0.09998312	8.51307552	0.1	0.01	0.01	0.01	1e-05	0.01	0.001	0.05	0.5	1e-04	100	5e-06	0.001
0.477	0.9	0.1	0.1069	0.2	80	65.4	9.1	500	3.5	8.61	0.003304	0.00010306	0.00340182	2	0.15	0.1	0.00116023	0.2	0.00345295	0.45	0.00119769	2	4.5	0.001	0.05690422	0.39	1	0.00023852	0.001	0.00177971	0.07234141	0.59697257	0.09998312	8.51307552	0.1	0.01	0.01	0.01	1e-05	0.01	0.001	0.05	0.5	1e-04	100	5e-06	0.001
0.477	0.9	0.1	0.1069	0.2	80	65.4	9.1	500	3.5	8.61	0.003304	0.00010313	0.00340894	2	0.15	0.1	0.00113928	0.2	0.00253172	0.45	0.00118347	2	4.5	0.001	0.05690591	0.39	1	0.00023852	0.001	0.00177971	0.07234141	0.59697257	0.09998312	8.51307552	0.1	0.01	0.01	0.01	1e-05	0.01	0.001	0.05	0.5	1e-04	100	5e-06	0.001
0.477	0.9	0.1	0.1069	0.2	80	65.4	9.1	500	3.5	8.61	0.003304	0.00010333	0.00341665	2	0.15	0.1	0.00113397	0.2	0.00287923	0.45	0.00147699	2	4.5	0.001	0.05876966	0.39	1	0.00023852	0.001	0.00177971	0.07234141	0.59697257	0.09998312	8.51307552	0.1	0.01	0.01	0.01	1e-05	0.01	0.001	0.05	0.5	1e-04	100	5e-06	0.001
0.477	0.9	0.1	0.1069	0.2	80	65.4	9.1	500	3.5	8.61	0.003304	0.00010358	0.00346989	2	0.15	0.1	0.00117134	0.2	0.00253407	0.45	0.0014645	2	4.5	0.001	0.05288926	0.39	1	0.00023852	0.001	0.00177971	0.07234141	0.59697257	0.09998312	8.51307552	0.1	0.01	0.01	0.01	1e-05	0.01	0.001	0.05	0.5	1e-04	100	5e-06	0.001
0.477	0.9	0.1	0.1069	0.2	80	65.4	9.1	500	3.5	8.61	0.003304	0.00010306	0.00342131	2	0.15	0.1	0.00115444	0.2	0.00361489	0.45	0.0012526	2	4.5	0.001	0.0573983	0.39	1	0.00023852	0.001	0.00177971	0.07234141	0.59697257	0.09998312	8.51307552	0.1	0.01	0.01	0.01	1e-05	0.01	0.001	0.05	0.5	1e-04	100	5e-06	0.001
0.477	0.9	0.1	0.1069	0.2	80	65.4	9.1	500	3.5	8.61	0.003304	0.00010306	0.00340182	2	0.15	0.1	0.00116023	0.2	0.00345295	0.45	0.00119769	2	4.5	0.001	0.05690422	0.39	1	0.00023852	0.001	0.00177971	0.07234141	0.59697257	0.09998312	8.51307552	0.1	0.01	0.01	0.01	1e-05	0.01	0.001	0.05	0.5	1e-04	100	5e-06	0.001
0.477	0.9	0.1	0.1069	0.2	80	65.4	9.1	500	3.5	8.61	0.003304	0.00010313	0.00340894	2	0.15	0.1	0.00113928	0.2	0.00253172	0.45	0.00118347	2	4.5	0.001	0.05690591	0.39	1	0.00023852	0.001	0.00177971	0.07234141	0.59697257	0.09998312	8.51307552	0.1	0.01	0.01	0.01	1e-05	0.01	0.001	0.05	0.5	1e-04	100	5e-06	0.001
0.477	0.9	0.1	0.1069	0.2	80	65.4	9.1	500	3.5	8.61	0.003304	0.00010344	0.00341293	2	0.15	0.1	0.00115357	0.2	0.00342993	0.45	0.00137543	2	4.5	0.001	0.05872535	0.39	1	0.00023852	0.001	0.00177971	0.07234141	0.59697257	0.09998312	8.51307552	0.1	0.01	0.01	0.01	1e-05	0.01	0.001	0.05	0.5	1e-04	100	5e-06	0.001
0.477	0.9	0.1	0.1069	0.2	80	65.4	9.1	500	3.5	8.61	0.003304	0.0001029	0.00346872	2	0.15	0.1	0.00116272	0.2	0.00245496	0.45	0.00137809	2	4.5	0.001	0.0548718	0.39	1	0.00023852	0.001	0.00177971	0.07234141	0.59697257	0.09998312	8.51307552	0.1	0.01	0.01	0.01	1e-05	0.01	0.001	0.05	0.5	1e-04	100	5e-06	0.001
0.477	0.9	0.1	0.1069	0.2	80	65.4	9.1	500	3.5	8.61	0.003304	0.00010358	0.00346989	2	0.15	0.1	0.00117134	0.2	0.00253407	0.45	0.0014645	2	4.5	0.001	0.05288926	0.39	1	0.00023852	0.001	0.00177971	0.07234141	0.59697257	0.09998312	8.51307552	0.1	0.01	0.01	0.01	1e-05	0.01	0.001	0.05	0.5	1e-04	100	5e-06	0.001
0.477	0.9	0.1	0.1069	0.2	80	65.4	9.1	500	3.5	8.61	0.003304	0.00010313	0.00340894	2	0.15	0.1	0.00113928	0.2	0.00253172	0.45	0.00118347	2	4.5	0.001	0.05690591	0.39	1	0.00023852	0.001	0.00177971	0.07234141	0.59697257	0.09998312	8.51307552	0.1	0.01	0.01	0.01	1e-05	0.01	0.001	0.05	0.5	1e-04	100	5e-06	0.001
0.477	0.9	0.1	0.1069	0.2	80	65.4	9.1	500	3.5	8.61	0.003304	0.0001029	0.00346872	2	0.15	0.1	0.00116272	0.2	0.00245496	0.45	0.00137809	2	4.5	0.001	0.0548718	0.39	1	0.00023852	0.001	0.00177971	0.07234141	0.59697257	0.09998312	8.51307552	0.1	0.01	0.01	0.01	1e-05	0.01	0.001	0.05	0.5	1e-04	100	5e-06	0.001
0.477	0.9	0.1	0.1069	0.2	80	65.4	9.1	500	3.5	8.61	0.003304	0.00010358	0.00346989	2	0.15	0.1	0.00117134	0.2	0.00253407	0.45	0.0014645	2	4.5	0.001	0.05288926	0.39	1	0.00023852	0.001	0.00177971	0.07234141	0.59697257	0.09998312	8.51307552	0.1	0.01	0.01	0.01	1e-05	0.01	0.001	0.05	0.5	1e-04	100	5e-06	0.001
0.477	0.9	0.1	0.1069	0.2	80	65.4	9.1	500	3.5	8.61	0.003304	0.00010313	0.00340894	2	0.15	0.1	0.00113928	0.2	0.00253172	0.45	0.00118347	2	4.5	0.001	0.05690591	0.39	1	0.00023852	0.001	0.00177971	0.07234141	0.59697257	0.09998312	8.51307552	0.1	0.01	0.01	0.01	1e-05	0.01	0.001	0.05	0.5	1e-04	100	5e-06	0.001
0.477	0.9	0.1	0.1069	0.2	80	65.4	9.1	500	3.5	8.61	0.003304	0.0001029	0.00346872	2	0.15	0.1	0.00116272	0.2	0.00245496	0.45	0.00137809	2	4.5	0.001	0.0548718	0.39	1	0.00023852	0.001	0.00177971	0.07234141	0.59697257	0.09998312	8.51307552	0.1	0.01	0.01	0.01	1e-05	0.01	0.001	0.05	0.5	1e-04	100	5e-06	0.001
0.477	0.9	0.1	0.1069	0.2	80	65.4	9.1	500	3.5	8.61	0.003304	0.0001029	0.00346872	2	0.15	0.1	0.00116272	0.2	0.00245496	0.45	0.00137809	2	4.5	0.001	0.0548718	0.39	1	0.00023852	0.001	0.00177971	0.07234141	0.59697257	0.09998312	8.51307552	0.1	0.01	0.01	0.01	1e-05	0.01	0.001	0.05	0.5	1e-04	100	5e-06	0.001
0.477	0.9	0.1	0.1069	0.2	80	65.4	9.1	500	3.5	8.61	0.003304	0.00010189	0.00354171	2	0.15	0.1	0.00118366	0.2	0.00349548	0.45	0.00161625	2	4.5	0.001	0.05021321	0.39	1	0.00023852	0.001	0.00177971	0.07234141	0.59697257	0.09998312	8.51307552	0.1	0.01	0.01	0.01	1e-05	0.01	0.001	0.05	0.5	1e-04	100	5e-06	0.001
0.477	0.9	0.1	0.1069	0.2	80	65.4	9.1	500	3.5	8.61	0.003304	0.00010021	0.00345123	2	0.15	0.1	0.00115598	0.2	0.0015672	0.45	0.00173243	2	4.5	0.001	0.04761462	0.39	1	0.00023852	0.001	0.00177971	0.07234141	0.59697257	0.09998312	8.51307552	0.1	0.01	0.01	0.01	1e-05	0.01	0.001	0.05	0.5	1e-04	100	5e-06	0.001
0.477	0.9	0.1	0.1069	0.2	80	65.4	9.1	500	3.5	8.61	0.003304	0.00010516	0.00364975	2	0.15	0.1	0.00123586	0.2	0.00276757	0.45	0.00199036	2	4.5	0.001	0.04594653	0.39	1	0.00023852	0.001	0.00177971	0.07234141	0.59697257	0.09998312	8.51307552	0.1	0.01	0.01	0.01	1e-05	0.01	0.001	0.05	0.5	1e-04	100	5e-06	0.001
0.478	0.9	0.1	0.1069	0.2	80	65.4	9.1	500	3.5	8.61	0.003304	0.00011227	0.00376846	2	0.15	0.1	0.00115187	0.2	0.00437812	0.45	0.00121957	2	4.5	0.001	0.05934773	0.39	1	0.00023852	0.001	0.00177971	0.07234141	0.59697257	0.09998312	8.51307552	0.1	0.01	0.01	0.01	1e-05	0.01	0.001	0.05	0.5	1e-04	100	5e-06	0.001
0.478	0.9	0.1	0.1069	0.2	80	65.4	9.1	500	3.5	8.61	0.003304	0.00010311	0.00340894	2	0.15	0.1	0.00114664	0.2	0.00253172	0.45	0.00123672	2	4.5	0.001	0.05690591	0.39	1	0.00023852	0.001	0.00177971	0.07234141	0.59697257	0.09998312	8.51307552	0.1	0.01	0.01	0.01	1e-05	0.01	0.001	0.05	0.5	1e-04	100	5e-06	0.001
0.478	0.9	0.1	0.1069	0.2	80	65.4	9.1	500	3.5	8.61	0.003304	0.00010332	0.00338778	2	0.15	0.1	0.00113902	0.2	0.00324682	0.45	0.00153308	2	4.5	0.001	0.06059197	0.39	1	0.00023852	0.001	0.00177971	0.07234141	0.59697257	0.09998312	8.51307552	0.1	0.01	0.01	0.01	1e-05	0.01	0.001	0.05	0.5	1e-04	100	5e-06	0.001
0.478	0.9	0.1	0.1069	0.2	80	65.4	9.1	500	3.5	8.61	0.003304	0.00010325	0.00337098	2	0.15	0.1	0.00114574	0.2	0.00363159	0.45	0.00143454	2	4.5	0.001	0.06114838	0.39	1	0.00023852	0.001	0.00177971	0.07234141	0.59697257	0.09998312	8.51307552	0.1	0.01	0.01	0.01	1e-05	0.01	0.001	0.05	0.5	1e-04	100	5e-06	0.001
0.478	0.9	0.1	0.1069	0.2	80	65.4	9.1	500	3.5	8.61	0.003304	0.00010317	0.00339903	2	0.15	0.1	0.00114856	0.2	0.00441967	0.45	0.00121394	2	4.5	0.001	0.06068488	0.39	1	0.00023852	0.001	0.00177971	0.07234141	0.59697257	0.09998312	8.51307552	0.1	0.01	0.01	0.01	1e-05	0.01	0.001	0.05	0.5	1e-04	100	5e-06	0.001
0.478	0.9	0.1	0.1069	0.2	80	65.4	9.1	500	3.5	8.61	0.003304	0.00010363	0.00338676	2	0.15	0.1	0.00115275	0.2	0.00335386	0.45	0.00145114	2	4.5	0.001	0.05978383	0.39	1	0.00023852	0.001	0.00177971	0.07234141	0.59697257	0.09998312	8.51307552	0.1	0.01	0.01	0.01	1e-05	0.01	0.001	0.05	0.5	1e-04	100	5e-06	0.001
0.478	0.9	0.1	0.1069	0.2	80	65.4	9.1	500	3.5	8.61	0.003304	0.00010329	0.0034084	2	0.15	0.1	0.00115829	0.2	0.00272796	0.45	0.00130802	2	4.5	0.001	0.05657046	0.39	1	0.00023852	0.001	0.00177971	0.07234141	0.59697257	0.09998312	8.51307552	0.1	0.01	0.01	0.01	1e-05	0.01	0.001	0.05	0.5	1e-04	100	5e-06	0.001
0.478	0.9	0.1	0.1069	0.2	80	65.4	9.1	500	3.5	8.61	0.003304	0.00010363	0.00338676	2	0.15	0.1	0.00115275	0.2	0.00335386	0.45	0.00145114	2	4.5	0.001	0.05978383	0.39	1	0.00023852	0.001	0.00177971	0.07234141	0.59697257	0.09998312	8.51307552	0.1	0.01	0.01	0.01	1e-05	0.01	0.001	0.05	0.5	1e-04	100	5e-06	0.001
0.478	0.9	0.1	0.1069	0.2	80	65.4	9.1	500	3.5	8.61	0.003304	0.00010963	0.00374855	2	0.15	0.1	0.00123102	0.2	0.00225321	0.45	0.0018527	2	4.5	0.001	0.04768659	0.39	1	0.00023852	0.001	0.00177971	0.07234141	0.59697257	0.09998312	8.51307552	0.1	0.01	0.01	0.01	1e-05	0.01	0.001	0.05	0.5	1e-04	100	5e-06	0.001
0.478	0.9	0.1	0.1069	0.2	80	65.4	9.1	500	3.5	8.61	0.003304	0.00010438	0.0036667	2	0.15	0.1	0.00121887	0.2	0.00345841	0.45	0.00172173	2	4.5	0.001	0.04665889	0.39	1	0.00023852	0.001	0.00177971	0.07234141	0.59697257	0.09998312	8.51307552	0.1	0.01	0.01	0.01	1e-05	0.01	0.001	0.05	0.5	1e-04	100	5e-06	0.001
0.478	0.9	0.1	0.1069	0.2	80	65.4	9.1	500	3.5	8.61	0.003304	0.00010953	0.00382238	2	0.15	0.1	0.00125906	0.2	0.00258605	0.45	0.00205075	2	4.5	0.001	0.0448428	0.39	1	0.00023852	0.001	0.00177971	0.07234141	0.59697257	0.09998312	8.51307552	0.1	0.01	0.01	0.01	1e-05	0.01	0.001	0.05	0.5	1e-04	100	5e-06	0.001
0.478	0.9	0.1	0.1069	0.2	80	65.4	9.1	500	3.5	8.61	0.003304	0.00010963	0.00374855	2	0.15	0.1	0.00123102	0.2	0.00225321	0.45	0.0018527	2	4.5	0.001	0.04768659	0.39	1	0.00023852	0.001	0.00177971	0.07234141	0.59697257	0.09998312	8.51307552	0.1	0.01	0.01	0.01	1e-05	0.01	0.001	0.05	0.5	1e-04	100	5e-06	0.001
0.478	0.9	0.1	0.1069	0.2	80	65.4	9.1	500	3.5	8.61	0.003304	0.00010955	0.00389033	2	0.15	0.1	0.00122842	0.2	0.00319499	0.45	0.00191302	2	4.5	0.001	0.04592802	0.39	1	0.00023852	0.001	0.00177971	0.07234141	0.59697257	0.09998312	8.51307552	0.1	0.01	0.01	0.01	1e-05	0.01	0.001	0.05	0.5	1e-04	100	5e-06	0.001
0.478	0.9	0.1	0.1069	0.2	80	65.4	9.1	500	3.5	8.61	0.003304	0.00010905	0.00384773	2	0.15	0.1	0.00125843	0.2	0.00286568	0.45	0.0020521	2	4.5	0.001	0.04484555	0.39	1	0.00023852	0.001	0.00177971	0.07234141	0.59697257	0.09998312	8.51307552	0.1	0.01	0.01	0.01	1e-05	0.01	0.001	0.05	0.5	1e-04	100	5e-06	0.001
0.478	0.9	0.1	0.1069	0.2	80	65.4	9.1	500	3.5	8.61	0.003304	0.00010438	0.0036667	2	0.15	0.1	0.00121887	0.2	0.00345841	0.45	0.00172173	2	4.5	0.001	0.04665889	0.39	1	0.00023852	0.001	0.00177971	0.07234141	0.59697257	0.09998312	8.51307552	0.1	0.01	0.01	0.01	1e-05	0.01	0.001	0.05	0.5	1e-04	100	5e-06	0.001
0.478	0.9	0.1	0.1069	0.2	80	65.4	9.1	500	3.5	8.61	0.003304	0.00010804	0.0039096	2	0.15	0.1	0.00126614	0.2	0.00265421	0.45	0.00225516	2	4.5	0.001	0.04027638	0.39	1	0.00023852	0.001	0.00177971	0.07234141	0.59697257	0.09998312	8.51307552	0.1	0.01	0.01	0.01	1e-05	0.01	0.001	0.05	0.5	1e-04	100	5e-06	0.001
0.478	0.9	0.1	0.1069	0.2	80	65.4	9.1	500	3.5	8.61	0.003304	0.00011024	0.00378468	2	0.15	0.1	0.00123864	0.2	0.00303403	0.45	0.00180604	2	4.5	0.001	0.04901669	0.39	1	0.00023852	0.001	0.00177971	0.07234141	0.59697257	0.09998312	8.51307552	0.1	0.01	0.01	0.01	1e-05	0.01	0.001	0.05	0.5	1e-04	100	5e-06	0.001
0.478	0.9	0.1	0.1069	0.2	80	65.4	9.1	500	3.5	8.61	0.003304	0.0001101	0.00384516	2	0.15	0.1	0.00123392	0.2	0.00312794	0.45	0.00197418	2	4.5	0.001	0.0480372	0.39	1	0.00023852	0.001	0.00177971	0.07234141	0.59697257	0.09998312	8.51307552	0.1	0.01	0.01	0.01	1e-05	0.01	0.001	0.05	0.5	1e-04	100	5e-06	0.001
0.478	0.9	0.1	0.1069	0.2	80	65.4	9.1	500	3.5	8.61	0.003304	0.00010893	0.00376602	2	0.15	0.1	0.00124238	0.2	0.0027434	0.45	0.00197237	2	4.5	0.001	0.04692265	0.39	1	0.00023852	0.001	0.00177971	0.07234141	0.59697257	0.09998312	8.51307552	0.1	0.01	0.01	0.01	1e-05	0.01	0.001	0.05	0.5	1e-04	100	5e-06	0.001
0.478	0.9	0.1	0.1069	0.2	80	65.4	9.1	500	3.5	8.61	0.003304	0.00011196	0.00388073	2	0.15	0.1	0.00125844	0.2	0.00276523	0.45	0.00194088	2	4.5	0.001	0.04665395	0.39	1	0.00023852	0.001	0.00177971	0.07234141	0.59697257	0.09998312	8.51307552	0.1	0.01	0.01	0.01	1e-05	0.01	0.001	0.05	0.5	1e-04	100	5e-06	0.001
0.478	0.9	0.1	0.1069	0.2	80	65.4	9.1	500	3.5	8.61	0.003304	0.00011196	0.00388073	2	0.15	0.1	0.00125844	0.2	0.00276523	0.45	0.00194088	2	4.5	0.001	0.04665395	0.39	1	0.00023852	0.001	0.00177971	0.07234141	0.59697257	0.09998312	8.51307552	0.1	0.01	0.01	0.01	1e-05	0.01	0.001	0.05	0.5	1e-04	100	5e-06	0.001
0.479	0.9	0.1	0.1069	0.2	80	65.4	9.1	500	3.5	8.61	0.003304	0.00011538	0.00383036	2	0.15	0.1	0.00117461	0.2	0.00318982	0.45	0.00116593	2	4.5	0.001	0.0589906	0.39	1	0.00023852	0.001	0.00177971	0.07234141	0.59697257	0.09998312	8.51307552	0.1	0.01	0.01	0.01	1e-05	0.01	0.001	0.05	0.5	1e-04	100	5e-06	0.001
0.479	0.9	0.1	0.1069	0.2	80	65.4	9.1	500	3.5	8.61	0.003304	0.00011538	0.00383036	2	0.15	0.1	0.00117461	0.2	0.00318982	0.45	0.00116593	2	4.5	0.001	0.0589906	0.39	1	0.00023852	0.001	0.00177971	0.07234141	0.59697257	0.09998312	8.51307552	0.1	0.01	0.01	0.01	1e-05	0.01	0.001	0.05	0.5	1e-04	100	5e-06	0.001
0.479	0.9	0.1	0.1069	0.2	80	65.4	9.1	500	3.5	8.61	0.003304	0.00011414	0.0037683	2	0.15	0.1	0.00116664	0.2	0.00383553	0.45	0.00115192	2	4.5	0.001	0.06138357	0.39	1	0.00023852	0.001	0.00177971	0.07234141	0.59697257	0.09998312	8.51307552	0.1	0.01	0.01	0.01	1e-05	0.01	0.001	0.05	0.5	1e-04	100	5e-06	0.001
0.479	0.9	0.1	0.1069	0.2	80	65.4	9.1	500	3.5	8.61	0.003304	0.00011538	0.00383036	2	0.15	0.1	0.00117461	0.2	0.00318982	0.45	0.00116593	2	4.5	0.001	0.0589906	0.39	1	0.00023852	0.001	0.00177971	0.07234141	0.59697257	0.09998312	8.51307552	0.1	0.01	0.01	0.01	1e-05	0.01	0.001	0.05	0.5	1e-04	100	5e-06	0.001
0.479	0.9	0.1	0.1069	0.2	80	65.4	9.1	500	3.5	8.61	0.003304	0.00011414	0.0037683	2	0.15	0.1	0.00116664	0.2	0.00383553	0.45	0.00115192	2	4.5	0.001	0.06138357	0.39	1	0.00023852	0.001	0.00177971	0.07234141	0.59697257	0.09998312	8.51307552	0.1	0.01	0.01	0.01	1e-05	0.01	0.001	0.05	0.5	1e-04	100	5e-06	0.001
0.479	0.9	0.1	0.1069	0.2	80	65.4	9.1	500	3.5	8.61	0.003304	0.00011538	0.00383036	2	0.15	0.1	0.00117461	0.2	0.00318982	0.45	0.00116593	2	4.5	0.001	0.0589906	0.39	1	0.00023852	0.001	0.00177971	0.07234141	0.59697257	0.09998312	8.51307552	0.1	0.01	0.01	0.01	1e-05	0.01	0.001	0.05	0.5	1e-04	100	5e-06	0.001
0.479	0.9	0.1	0.1069	0.2	80	65.4	9.1	500	3.5	8.61	0.003304	0.00011538	0.00383036	2	0.15	0.1	0.00117461	0.2	0.00318982	0.45	0.00116593	2	4.5	0.001	0.0589906	0.39	1	0.00023852	0.001	0.00177971	0.07234141	0.59697257	0.09998312	8.51307552	0.1	0.01	0.01	0.01	1e-05	0.01	0.001	0.05	0.5	1e-04	100	5e-06	0.001
0.479	0.9	0.1	0.1069	0.2	80	65.4	9.1	500	3.5	8.61	0.003304	0.0001137	0.00379204	2	0.15	0.1	0.00117537	0.2	0.00415591	0.45	0.00133175	2	4.5	0.001	0.05891846	0.39	1	0.00023852	0.001	0.00177971	0.07234141	0.59697257	0.09998312	8.51307552	0.1	0.01	0.01	0.01	1e-05	0.01	0.001	0.05	0.5	1e-04	100	5e-06	0.001
0.479	0.9	0.1	0.1069	0.2	80	65.4	9.1	500	3.5	8.61	0.003304	0.00011265	0.0037376	2	0.15	0.1	0.00117461	0.2	0.00430526	0.45	0.00133205	2	4.5	0.001	0.06019363	0.39	1	0.00023852	0.001	0.00177971	0.07234141	0.59697257	0.09998312	8.51307552	0.1	0.01	0.01	0.01	1e-05	0.01	0.001	0.05	0.5	1e-04	100	5e-06	0.001
0.479	0.9	0.1	0.1069	0.2	80	65.4	9.1	500	3.5	8.61	0.003304	0.00010311	0.00349329	2	0.15	0.1	0.00113051	0.2	0.00462213	0.45	0.00138856	2	4.5	0.001	0.05759509	0.39	1	0.00023852	0.001	0.00177971	0.07234141	0.59697257	0.09998312	8.51307552	0.1	0.01	0.01	0.01	1e-05	0.01	0.001	0.05	0.5	1e-04	100	5e-06	0.001
0.479	0.9	0.1	0.1069	0.2	80	65.4	9.1	500	3.5	8.61	0.003304	0.00010402	0.00346208	2	0.15	0.1	0.00119517	0.2	0.00224246	0.45	0.00162843	2	4.5	0.001	0.0512945	0.39	1	0.00023852	0.001	0.00177971	0.07234141	0.59697257	0.09998312	8.51307552	0.1	0.01	0.01	0.01	1e-05	0.01	0.001	0.05	0.5	1e-04	100	5e-06	0.001
0.479	0.9	0.1	0.1069	0.2	80	65.4	9.1	500	3.5	8.61	0.003304	0.00010311	0.00349329	2	0.15	0.1	0.00113051	0.2	0.00462213	0.45	0.00138856	2	4.5	0.001	0.05759509	0.39	1	0.00023852	0.001	0.00177971	0.07234141	0.59697257	0.09998312	8.51307552	0.1	0.01	0.01	0.01	1e-05	0.01	0.001	0.05	0.5	1e-04	100	5e-06	0.001
0.479	0.9	0.1	0.1069	0.2	80	65.4	9.1	500	3.5	8.61	0.003304	0.00010326	0.00338556	2	0.15	0.1	0.001158	0.2	0.00353516	0.45	0.00160235	2	4.5	0.001	0.05948756	0.39	1	0.00023852	0.001	0.00177971	0.07234141	0.59697257	0.09998312	8.51307552	0.1	0.01	0.01	0.01	1e-05	0.01	0.001	0.05	0.5	1e-04	100	5e-06	0.001
0.479	0.9	0.1	0.1069	0.2	80	65.4	9.1	500	3.5	8.61	0.003304	0.00010375	0.00340187	2	0.15	0.1	0.00116625	0.2	0.00314504	0.45	0.00140656	2	4.5	0.001	0.05879548	0.39	1	0.00023852	0.001	0.00177971	0.07234141	0.59697257	0.09998312	8.51307552	0.1	0.01	0.01	0.01	1e-05	0.01	0.001	0.05	0.5	1e-04	100	5e-06	0.001
0.479	0.9	0.1	0.1069	0.2	80	65.4	9.1	500	3.5	8.61	0.003304	0.00010402	0.00346208	2	0.15	0.1	0.00119517	0.2	0.00224246	0.45	0.00162843	2	4.5	0.001	0.0512945	0.39	1	0.00023852	0.001	0.00177971	0.07234141	0.59697257	0.09998312	8.51307552	0.1	0.01	0.01	0.01	1e-05	0.01	0.001	0.05	0.5	1e-04	100	5e-06	0.001
0.479	0.9	0.1	0.1069	0.2	80	65.4	9.1	500	3.5	8.61	0.003304	0.00010338	0.00336386	2	0.15	0.1	0.00114798	0.2	0.0039579	0.45	0.0015222	2	4.5	0.001	0.06191816	0.39	1	0.00023852	0.001	0.00177971	0.07234141	0.59697257	0.09998312	8.51307552	0.1	0.01	0.01	0.01	1e-05	0.01	0.001	0.05	0.5	1e-04	100	5e-06	0.001
0.479	0.9	0.1	0.1069	0.2	80	65.4	9.1	500	3.5	8.61	0.003304	0.00010514	0.00357774	2	0.15	0.1	0.00124977	0.2	0.00295387	0.45	0.00212572	2	4.5	0.001	0.04689856	0.39	1	0.00023852	0.001	0.00177971	0.07234141	0.59697257	0.09998312	8.51307552	0.1	0.01	0.01	0.01	1e-05	0.01	0.001	0.05	0.5	1e-04	100	5e-06	0.001
0.479	0.9	0.1	0.1069	0.2	80	65.4	9.1	500	3.5	8.61	0.003304	0.00010514	0.00357774	2	0.15	0.1	0.00124977	0.2	0.00295387	0.45	0.00212572	2	4.5	0.001	0.04689856	0.39	1	0.00023852	0.001	0.00177971	0.07234141	0.59697257	0.09998312	8.51307552	0.1	0.01	0.01	0.01	1e-05	0.01	0.001	0.05	0.5	1e-04	100	5e-06	0.001
0.479	0.9	0.1	0.1069	0.2	80	65.4	9.1	500	3.5	8.61	0.003304	0.00011052	0.00385108	2	0.15	0.1	0.00123682	0.2	0.00322163	0.45	0.00191656	2	4.5	0.001	0.04781285	0.39	1	0.00023852	0.001	0.00177971	0.07234141	0.59697257	0.09998312	8.51307552	0.1	0.01	0.01	0.01	1e-05	0.01	0.001	0.05	0.5	1e-04	100	5e-06	0.001
0.479	0.9	0.1	0.1069	0.2	80	65.4	9.1	500	3.5	8.61	0.003304	0.00011207	0.003962	2	0.15	0.1	0.00128085	0.2	0.0025488	0.45	0.00220882	2	4.5	0.001	0.04367252	0.39	1	0.00023852	0.001	0.00177971	0.07234141	0.59697257	0.09998312	8.51307552	0.1	0.01	0.01	0.01	1e-05	0.01	0.001	0.05	0.5	1e-04	100	5e-06	0.001
0.479	0.9	0.1	0.1069	0.2	80	65.4	9.1	500	3.5	8.61	0.003304	0.00010514	0.00357774	2	0.15	0.1	0.00124977	0.2	0.00295387	0.45	0.00212572	2	4.5	0.001	0.04689856	0.39	1	0.00023852	0.001	0.00177971	0.07234141	0.59697257	0.09998312	8.51307552	0.1	0.01	0.01	0.01	1e-05	0.01	0.001	0.05	0.5	1e-04	100	5e-06	0.001
0.48	0.9	0.1	0.1069	0.2	80	65.4	9.1	500	3.5	8.61	0.003304	0.00011402	0.00384212	2	0.15	0.1	0.00117331	0.2	0.00477237	0.45	0.00123464	2	4.5	0.001	0.05816646	0.39	1	0.00023852	0.001	0.00177971	0.07234141	0.59697257	0.09998312	8.51307552	0.1	0.01	0.01	0.01	1e-05	0.01	0.001	0.05	0.5	1e-04	100	5e-06	0.001
0.48	0.9	0.1	0.1069	0.2	80	65.4	9.1	500	3.5	8.61	0.003304	0.00011402	0.00384212	2	0.15	0.1	0.00117331	0.2	0.00477237	0.45	0.00123464	2	4.5	0.001	0.05816646	0.39	1	0.00023852	0.001	0.00177971	0.07234141	0.59697257	0.09998312	8.51307552	0.1	0.01	0.01	0.01	1e-05	0.01	0.001	0.05	0.5	1e-04	100	5e-06	0.001
0.48	0.9	0.1	0.1069	0.2	80	65.4	9.1	500	3.5	8.61	0.003304	0.00011402	0.00384212	2	0.15	0.1	0.00117331	0.2	0.00477237	0.45	0.00123464	2	4.5	0.001	0.05816646	0.39	1	0.00023852	0.001	0.00177971	0.07234141	0.59697257	0.09998312	8.51307552	0.1	0.01	0.01	0.01	1e-05	0.01	0.001	0.05	0.5	1e-04	100	5e-06	0.001
0.48	0.9	0.1	0.1069	0.2	80	65.4	9.1	500	3.5	8.61	0.003304	0.00011402	0.00384212	2	0.15	0.1	0.00117331	0.2	0.00477237	0.45	0.00123464	2	4.5	0.001	0.05816646	0.39	1	0.00023852	0.001	0.00177971	0.07234141	0.59697257	0.09998312	8.51307552	0.1	0.01	0.01	0.01	1e-05	0.01	0.001	0.05	0.5	1e-04	100	5e-06	0.001
0.48	0.9	0.1	0.1069	0.2	80	65.4	9.1	500	3.5	8.61	0.003304	0.00011402	0.00384212	2	0.15	0.1	0.00117331	0.2	0.00477237	0.45	0.00123464	2	4.5	0.001	0.05816646	0.39	1	0.00023852	0.001	0.00177971	0.07234141	0.59697257	0.09998312	8.51307552	0.1	0.01	0.01	0.01	1e-05	0.01	0.001	0.05	0.5	1e-04	100	5e-06	0.001
0.48	0.9	0.1	0.1069	0.2	80	65.4	9.1	500	3.5	8.61	0.003304	0.00010813	0.00360022	2	0.15	0.1	0.0011585	0.2	0.00485949	0.45	0.00134046	2	4.5	0.001	0.05957485	0.39	1	0.00023852	0.001	0.00177971	0.07234141	0.59697257	0.09998312	8.51307552	0.1	0.01	0.01	0.01	1e-05	0.01	0.001	0.05	0.5	1e-04	100	5e-06	0.001
0.48	0.9	0.1	0.1069	0.2	80	65.4	9.1	500	3.5	8.61	0.003304	0.0001133	0.00374175	2	0.15	0.1	0.00117574	0.2	0.00443862	0.45	0.0012714	2	4.5	0.001	0.06124654	0.39	1	0.00023852	0.001	0.00177971	0.07234141	0.59697257	0.09998312	8.51307552	0.1	0.01	0.01	0.01	1e-05	0.01	0.001	0.05	0.5	1e-04	100	5e-06	0.001
0.48	0.9	0.1	0.1069	0.2	80	65.4	9.1	500	3.5	8.61	0.003304	0.00011402	0.00384212	2	0.15	0.1	0.00117331	0.2	0.00477237	0.45	0.00123464	2	4.5	0.001	0.05816646	0.39	1	0.00023852	0.001	0.00177971	0.07234141	0.59697257	0.09998312	8.51307552	0.1	0.01	0.01	0.01	1e-05	0.01	0.001	0.05	0.5	1e-04	100	5e-06	0.001
0.48	0.9	0.1	0.1069	0.2	80	65.4	9.1	500	3.5	8.61	0.003304	0.00010813	0.00360022	2	0.15	0.1	0.0011585	0.2	0.00485949	0.45	0.00134046	2	4.5	0.001	0.05957485	0.39	1	0.00023852	0.001	0.00177971	0.07234141	0.59697257	0.09998312	8.51307552	0.1	0.01	0.01	0.01	1e-05	0.01	0.001	0.05	0.5	1e-04	100	5e-06	0.001
0.48	0.9	0.1	0.1069	0.2	80	65.4	9.1	500	3.5	8.61	0.003304	0.00011311	0.0037231	2	0.15	0.1	0.00117756	0.2	0.00426281	0.45	0.00146891	2	4.5	0.001	0.06142926	0.39	1	0.00023852	0.001	0.00177971	0.07234141	0.59697257	0.09998312	8.51307552	0.1	0.01	0.01	0.01	1e-05	0.01	0.001	0.05	0.5	1e-04	100	5e-06	0.001
0.48	0.9	0.1	0.1069	0.2	80	65.4	9.1	500	3.5	8.61	0.003304	0.00011351	0.00374839	2	0.15	0.1	0.00117691	0.2	0.00399732	0.45	0.00134433	2	4.5	0.001	0.06152703	0.39	1	0.00023852	0.001	0.00177971	0.07234141	0.59697257	0.09998312	8.51307552	0.1	0.01	0.01	0.01	1e-05	0.01	0.001	0.05	0.5	1e-04	100	5e-06	0.001
0.48	0.9	0.1	0.1069	0.2	80	65.4	9.1	500	3.5	8.61	0.003304	0.00010813	0.00360022	2	0.15	0.1	0.0011585	0.2	0.00485949	0.45	0.00134046	2	4.5	0.001	0.05957485	0.39	1	0.00023852	0.001	0.00177971	0.07234141	0.59697257	0.09998312	8.51307552	0.1	0.01	0.01	0.01	1e-05	0.01	0.001	0.05	0.5	1e-04	100	5e-06	0.001
0.48	0.9	0.1	0.1069	0.2	80	65.4	9.1	500	3.5	8.61	0.003304	0.00010336	0.00335964	2	0.15	0.1	0.00115298	0.2	0.00412453	0.45	0.0015083	2	4.5	0.001	0.06173648	0.39	1	0.00023852	0.001	0.00177971	0.07234141	0.59697257	0.09998312	8.51307552	0.1	0.01	0.01	0.01	1e-05	0.01	0.001	0.05	0.5	1e-04	100	5e-06	0.001
0.48	0.9	0.1	0.1069	0.2	80	65.4	9.1	500	3.5	8.61	0.003304	0.00010287	0.00350222	2	0.15	0.1	0.00113605	0.2	0.00468682	0.45	0.00153343	2	4.5	0.001	0.05665653	0.39	1	0.00023852	0.001	0.00177971	0.07234141	0.59697257	0.09998312	8.51307552	0.1	0.01	0.01	0.01	1e-05	0.01	0.001	0.05	0.5	1e-04	100	5e-06	0.001
0.48	0.9	0.1	0.1069	0.2	80	65.4	9.1	500	3.5	8.61	0.003304	0.00010305	0.00335609	2	0.15	0.1	0.00115981	0.2	0.00457091	0.45	0.00130655	2	4.5	0.001	0.06149959	0.39	1	0.00023852	0.001	0.00177971	0.07234141	0.59697257	0.09998312	8.51307552	0.1	0.01	0.01	0.01	1e-05	0.01	0.001	0.05	0.5	1e-04	100	5e-06	0.001
0.48	0.9	0.1	0.1069	0.2	80	65.4	9.1	500	3.5	8.61	0.003304	0.00010325	0.00336107	2	0.15	0.1	0.00115299	0.2	0.00451128	0.45	0.0014753	2	4.5	0.001	0.0627326	0.39	1	0.00023852	0.001	0.00177971	0.07234141	0.59697257	0.09998312	8.51307552	0.1	0.01	0.01	0.01	1e-05	0.01	0.001	0.05	0.5	1e-04	100	5e-06	0.001
0.48	0.9	0.1	0.1069	0.2	80	65.4	9.1	500	3.5	8.61	0.003304	0.00010666	0.00368867	2	0.15	0.1	0.00118234	0.2	0.00339205	0.45	0.00238336	2	4.5	0.001	0.05307279	0.39	1	0.00023852	0.001	0.00177971	0.07234141	0.59697257	0.09998312	8.51307552	0.1	0.01	0.01	0.01	1e-05	0.01	0.001	0.05	0.5	1e-04	100	5e-06	0.001
0.48	0.9	0.1	0.1069	0.2	80	65.4	9.1	500	3.5	8.61	0.003304	0.00010666	0.00368867	2	0.15	0.1	0.00118234	0.2	0.00339205	0.45	0.00238336	2	4.5	0.001	0.05307279	0.39	1	0.00023852	0.001	0.00177971	0.07234141	0.59697257	0.09998312	8.51307552	0.1	0.01	0.01	0.01	1e-05	0.01	0.001	0.05	0.5	1e-04	100	5e-06	0.001
